,Unnamed: 0,bus_route_name,bus_route_link,bus_operator_id,bus_name,bus_type,departing_time,duration,arrival_time,star_rating,price,seats_available,duration_float
0,1,Cooch Behar (West Bengal) to Farakka,https://www.redbus.in/bus-tickets/cooch-behar-west-bengal-to-farakka,1,NBSTC-COB-BHP-R1-19:00,Non AC Seater 2+2,19:00,09h 30m,04:30,4.5,367.0,21,9.5
1,2,Lucknow to Azamgarh,https://www.redbus.in/bus-tickets/lucknow-to-azamgarh,2,UPSRTC - BTR0028,Ordinary Non AC Seater 2+3,15:51,09h 12m,01:03,3.3,408.0,52,9.2
2,3,Lucknow to Azamgarh,https://www.redbus.in/bus-tickets/lucknow-to-azamgarh,2,UPSRTC - AZS0019,Ordinary Non AC Seater 2+3,16:00,05h 00m,21:00,3.3,457.0,52,5.0
3,4,Lucknow to Azamgarh,https://www.redbus.in/bus-tickets/lucknow-to-azamgarh,2,UPSRTC - AZR0023,Ordinary Non AC Seater 2+3,16:00,04h 50m,20:50,3.3,457.0,52,4.8
4,5,Lucknow to Azamgarh,https://www.redbus.in/bus-tickets/lucknow-to-azamgarh,2,UPSRTC - AZR0040,Janrath AC Seater 2+2,16:20,05h 00m,21:20,3.3,666.0,36,5.0
5,6,Lucknow to Azamgarh,https://www.redbus.in/bus-tickets/lucknow-to-azamgarh,2,UPSRTC - AZR0018,Ordinary Non AC Seater 2+3,16:30,05h 00m,21:30,3.3,457.0,52,5.0
6,7,Lucknow to Azamgarh,https://www.redbus.in/bus-tickets/lucknow-to-azamgarh,2,UPSRTC - AZR0041,Janrath AC Seater 2+2,17:00,05h 00m,22:00,3.3,666.0,36,5.0
7,8,Lucknow to Azamgarh,https://www.redbus.in/bus-tickets/lucknow-to-azamgarh,2,UPSRTC - AZR0042,Janrath AC Seater 2+2,17:40,05h 05m,22:45,3.3,666.0,36,5.1
8,9,Lucknow to Azamgarh,https://www.redbus.in/bus-tickets/lucknow-to-azamgarh,2,UPSRTC - DRG0005,Rajdhani Non AC Seater 2+3,18:00,05h 45m,23:45,3.3,457.0,51,5.8
9,10,Lucknow to Azamgarh,https://www.redbus.in/bus-tickets/lucknow-to-azamgarh,2,UPSRTC - AZR0025,Ordinary Non AC Seater 2+3,18:00,05h 00m,23:00,3.3,457.0,52,5.0
10,11,Lucknow to Azamgarh,https://www.redbus.in/bus-tickets/lucknow-to-azamgarh,2,UPSRTC - BTR0025,Ordinary Non AC Seater 2+3,18:03,06h 59m,01:02,3.3,457.0,52,7.0
11,12,Lucknow to Azamgarh,https://www.redbus.in/bus-tickets/lucknow-to-azamgarh,2,UPSRTC - BUI0026,Janrath AC Seater 2+2,18:30,05h 20m,23:50,3.3,666.0,36,5.3
12,13,Lucknow to Azamgarh,https://www.redbus.in/bus-tickets/lucknow-to-azamgarh,2,UPSRTC - AZR0021,Ordinary Non AC Seater 2+3,19:00,08h 50m,03:50,3.3,411.0,52,8.8
13,14,Lucknow to Azamgarh,https://www.redbus.in/bus-tickets/lucknow-to-azamgarh,2,UPSRTC - AZR0027,Ordinary Non AC Seater 2+3,19:30,04h 35m,00:05,3.3,457.0,52,4.6
14,15,Lucknow to Azamgarh,https://www.redbus.in/bus-tickets/lucknow-to-azamgarh,2,UPSRTC - CBG0158,Janrath AC Seater 2+2,19:30,04h 55m,00:25,3.3,666.0,36,4.9
15,16,Lucknow to Azamgarh,https://www.redbus.in/bus-tickets/lucknow-to-azamgarh,2,UPSRTC - AZS0023,Ordinary Non AC Seater 2+3,20:00,05h 00m,01:00,3.3,457.0,52,5.0
16,17,Lucknow to Azamgarh,https://www.redbus.in/bus-tickets/lucknow-to-azamgarh,2,UPSRTC - CBG0159,Janrath AC Seater 2+2,20:30,04h 45m,01:15,3.3,666.0,36,4.8
17,18,Lucknow to Azamgarh,https://www.redbus.in/bus-tickets/lucknow-to-azamgarh,2,UPSRTC - AZS0021,Ordinary Non AC Seater 2+3,20:30,05h 00m,01:30,3.3,457.0,52,5.0
18,19,Lucknow to Azamgarh,https://www.redbus.in/bus-tickets/lucknow-to-azamgarh,2,UPSRTC - GZP0018,Ordinary Non AC Seater 2+3,20:30,06h 37m,03:07,3.3,411.0,52,6.6
19,20,Lucknow to Azamgarh,https://www.redbus.in/bus-tickets/lucknow-to-azamgarh,2,UPSRTC - AZS0025,Ordinary Non AC Seater 2+3,21:00,05h 00m,02:00,3.3,457.0,52,5.0
20,21,Lucknow to Azamgarh,https://www.redbus.in/bus-tickets/lucknow-to-azamgarh,2,UPSRTC - AZS0031,Janrath AC Seater 2+2,21:50,05h 20m,03:10,3.3,666.0,36,5.3
21,22,Lucknow to Azamgarh,https://www.redbus.in/bus-tickets/lucknow-to-azamgarh,2,UPSRTC - BTR0027,Ordinary Non AC Seater 2+3,22:10,08h 21m,06:31,3.3,441.0,51,8.3
22,23,Lucknow to Azamgarh,https://www.redbus.in/bus-tickets/lucknow-to-azamgarh,2,UPSRTC - AZS0033,Janrath AC Seater 2+2,22:30,05h 20m,03:50,3.3,666.0,36,5.3
23,24,Lucknow to Azamgarh,https://www.redbus.in/bus-tickets/lucknow-to-azamgarh,2,UPSRTC - BUI0013,Ordinary Non AC Seater 2+3,22:45,04h 45m,03:30,3.3,421.0,52,4.8
24,25,Lucknow to Azamgarh,https://www.redbus.in/bus-tickets/lucknow-to-azamgarh,2,UPSRTC - GLA0144,Janrath AC Seater 2+2,22:55,05h 19m,04:14,3.3,666.0,32,5.3
25,26,Lucknow to Azamgarh,https://www.redbus.in/bus-tickets/lucknow-to-azamgarh,2,UPSRTC - BDV0464,Ordinary Non AC Seater 2+3,23:59,06h 26m,06:25,3.3,457.0,52,6.4
26,27,Lucknow to Azamgarh,https://www.redbus.in/bus-tickets/lucknow-to-azamgarh,2,Ashok Tour And Travels,AC Seater (2+2),16:00,03h 30m,19:30,4.6,549.0,21,3.5
27,28,Lucknow to Azamgarh,https://www.redbus.in/bus-tickets/lucknow-to-azamgarh,2,Aarohi Travels,AC Seater (2+2),15:00,03h 30m,18:30,3.4,500.0,39,3.5
28,29,Lucknow to Azamgarh,https://www.redbus.in/bus-tickets/lucknow-to-azamgarh,2,Ashok Tour And Travels,A/C Seater (2+1),19:30,03h 15m,22:45,2.4,549.0,16,3.2
29,30,Lucknow to Azamgarh,https://www.redbus.in/bus-tickets/lucknow-to-azamgarh,2,Ashok Tour And Travels,AC Seater (2+2),17:30,03h 15m,20:45,3.7,549.0,27,3.2
30,31,Lucknow to Azamgarh,https://www.redbus.in/bus-tickets/lucknow-to-azamgarh,2,Aarohi Travels,Non AC Seater (2+2),17:00,04h 00m,21:00,3.4,400.0,40,4.0
31,32,Lucknow to Azamgarh,https://www.redbus.in/bus-tickets/lucknow-to-azamgarh,2,Aditya Bus Service,Non AC Seater (2+2),15:00,04h 40m,19:40,2.5,399.0,22,4.7
32,33,Lucknow to Azamgarh,https://www.redbus.in/bus-tickets/lucknow-to-azamgarh,2,Shiv Ganga,A/C Seater Push Back (2+2),15:30,03h 50m,19:20,1.5,799.0,29,3.8
33,34,North Lakhimpur to Tezpur,https://www.redbus.in/bus-tickets/north-lakhimpur-to-tezpur,3,DESTINY TRAVELS,NON A/C Seater (2+1),19:45,28h 00m,23:45,1.8,428.0,25,28.0
34,35,Kozhikode to Mysore,https://www.redbus.in/bus-tickets/kozhikode-to-mysore,6,KSRTC (Kerala) - 708,Super Fast Non AC Seater (2+3),16:01,05h 34m,21:35,3.9,285.0,46,5.6
35,36,Kozhikode to Mysore,https://www.redbus.in/bus-tickets/kozhikode-to-mysore,6,KSRTC (Kerala) - 898,Super Fast Non AC Seater (2+3),16:30,05h 45m,22:15,4.4,273.0,43,5.8
36,37,Kozhikode to Mysore,https://www.redbus.in/bus-tickets/kozhikode-to-mysore,6,KSRTC (Kerala) - 578,Super Express Non AC Seater Air Bus (2+2),18:00,07h 20m,01:20,3.9,350.0,29,7.3
37,38,Kozhikode to Mysore,https://www.redbus.in/bus-tickets/kozhikode-to-mysore,6,KSRTC (Kerala) - 72,SWIFT-GARUDA A/C SEATER BUS,19:00,05h 30m,00:30,2.0,452.0,7,5.5
38,39,Kozhikode to Mysore,https://www.redbus.in/bus-tickets/kozhikode-to-mysore,6,KSRTC (Kerala) - 1583,Super Express Non AC Seater Air Bus (2+2),20:02,05h 59m,02:01,3.9,419.0,26,6.0
39,40,Kozhikode to Mysore,https://www.redbus.in/bus-tickets/kozhikode-to-mysore,6,KSRTC (Kerala) - 234,Swift Deluxe Non AC Air Bus (2+2),21:00,06h 30m,03:30,3.9,398.0,7,6.5
40,41,Kozhikode to Mysore,https://www.redbus.in/bus-tickets/kozhikode-to-mysore,6,KSRTC (Kerala) - 1584,Super Express Non AC Seater Air Bus (2+2),21:29,06h 04m,03:33,3.9,419.0,28,6.1
41,42,Kozhikode to Mysore,https://www.redbus.in/bus-tickets/kozhikode-to-mysore,6,KSRTC (Kerala) - 50,Swift Deluxe Non AC Air Bus (2+2),22:06,05h 55m,04:01,4.6,419.0,20,5.9
42,43,Kozhikode to Mysore,https://www.redbus.in/bus-tickets/kozhikode-to-mysore,6,KSRTC (Kerala) - 549,Super Express Non AC Seater Air Bus (2+2),22:15,05h 40m,03:55,3.9,419.0,14,5.7
43,44,Kozhikode to Mysore,https://www.redbus.in/bus-tickets/kozhikode-to-mysore,6,KSRTC (Kerala) - 719,Super Fast Non AC Seater (2+3),23:00,06h 40m,05:40,4.5,319.0,19,6.7
44,45,Kozhikode to Mysore,https://www.redbus.in/bus-tickets/kozhikode-to-mysore,6,National travels and logistics,NON A/C Sleeper (2+1),20:45,07h 15m,04:00,3.3,599.0,15,7.2
45,46,Kozhikode to Mysore,https://www.redbus.in/bus-tickets/kozhikode-to-mysore,6,Sam Tourist,NON AC Seater / Sleeper 2+1,21:00,07h 00m,04:00,3.1,599.0,32,7.0
46,47,Kozhikode to Mysore,https://www.redbus.in/bus-tickets/kozhikode-to-mysore,6,Suraj Holidays,NON AC Seater / Sleeper 2+1,21:00,06h 00m,03:00,3.9,750.0,32,6.0
47,48,Kozhikode to Mysore,https://www.redbus.in/bus-tickets/kozhikode-to-mysore,6,A1 Travels,Bharat Benz A/C Seater /Sleeper (2+1),21:15,07h 15m,04:30,3.3,750.0,23,7.2
48,49,Kozhikode to Mysore,https://www.redbus.in/bus-tickets/kozhikode-to-mysore,6,A1 Travels,Non A/C Seater / Sleeper (2+1),21:30,06h 30m,04:00,3.3,600.0,12,6.5
49,50,Kozhikode to Mysore,https://www.redbus.in/bus-tickets/kozhikode-to-mysore,6,Ravina Travels (Regd),A/C Sleeper (2+1),14:35,06h 55m,21:30,3.0,1619.0,28,6.9
50,51,Kozhikode to Mysore,https://www.redbus.in/bus-tickets/kozhikode-to-mysore,6,Bharathi Travels,A/C Sleeper (2+1),15:00,06h 00m,21:00,3.0,1290.0,1,6.0
51,52,Kozhikode to Mysore,https://www.redbus.in/bus-tickets/kozhikode-to-mysore,6,SAAM BUS,VE A/C Sleeper (2+1),20:30,07h 30m,04:00,4.3,850.0,8,7.5
52,53,Kozhikode to Mysore,https://www.redbus.in/bus-tickets/kozhikode-to-mysore,6,SKS Tours & Travels,A/C Sleeper (2+1),21:00,07h 00m,04:00,4.0,849.0,13,7.0
53,54,Kozhikode to Mysore,https://www.redbus.in/bus-tickets/kozhikode-to-mysore,6,National travels and logistics,A/C Sleeper (2+1),21:00,06h 15m,03:15,3.3,845.0,19,6.2
54,55,Vinukonda to Hyderabad,https://www.redbus.in/bus-tickets/vinukonda-to-hyderabad,7,APSRTC - 5984,Super Luxury (Non AC Seater 2+2 Push Back),21:15,05h 30m,02:45,3.2,467.0,19,5.5
55,56,Vinukonda to Hyderabad,https://www.redbus.in/bus-tickets/vinukonda-to-hyderabad,7,APSRTC - 4590,Super Luxury (Non AC Seater 2+2 Push Back),21:30,05h 15m,02:45,3.9,467.0,31,5.2
56,57,Vinukonda to Hyderabad,https://www.redbus.in/bus-tickets/vinukonda-to-hyderabad,7,APSRTC - 4578,INDRA(A.C. Seater),22:00,04h 44m,02:44,3.7,565.0,14,4.7
57,58,Vinukonda to Hyderabad,https://www.redbus.in/bus-tickets/vinukonda-to-hyderabad,7,APSRTC - 48020,Super Luxury (Non AC Seater 2+2 Push Back),22:15,04h 54m,03:09,3.8,467.0,22,4.9
58,59,Vinukonda to Hyderabad,https://www.redbus.in/bus-tickets/vinukonda-to-hyderabad,7,APSRTC - 5997,Super Luxury (Non AC Seater 2+2 Push Back),22:15,05h 27m,03:42,4.1,467.0,22,5.5
59,60,Vinukonda to Hyderabad,https://www.redbus.in/bus-tickets/vinukonda-to-hyderabad,7,APSRTC - 4584,Super Luxury (Non AC Seater 2+2 Push Back),22:15,05h 04m,03:19,4.0,467.0,10,5.1
60,61,Vinukonda to Hyderabad,https://www.redbus.in/bus-tickets/vinukonda-to-hyderabad,7,APSRTC - 5944,Super Luxury (Non AC Seater 2+2 Push Back),22:25,05h 33m,03:58,4.0,467.0,14,5.5
61,62,Vinukonda to Hyderabad,https://www.redbus.in/bus-tickets/vinukonda-to-hyderabad,7,APSRTC - 4588,Super Luxury (Non AC Seater 2+2 Push Back),22:45,05h 04m,03:49,4.1,467.0,11,5.1
62,63,Vinukonda to Hyderabad,https://www.redbus.in/bus-tickets/vinukonda-to-hyderabad,7,APSRTC - 5969,INDRA(A.C. Seater),22:50,03h 54m,02:44,3.6,565.0,27,3.9
63,64,Vinukonda to Hyderabad,https://www.redbus.in/bus-tickets/vinukonda-to-hyderabad,7,APSRTC - 5938,Super Luxury (Non AC Seater 2+2 Push Back),23:05,05h 37m,04:42,3.5,435.0,12,5.6
64,65,Vinukonda to Hyderabad,https://www.redbus.in/bus-tickets/vinukonda-to-hyderabad,7,TSRTC - 8917,Lahari Non A/C Sleeper Cum Seater,18:00,07h 15m,01:15,4.4,369.0,27,7.2
65,66,Vinukonda to Hyderabad,https://www.redbus.in/bus-tickets/vinukonda-to-hyderabad,7,TSRTC - 7864,"SUPER LUXURY (NON-AC, 2 + 2 PUSH BACK)",19:45,06h 30m,02:15,3.4,459.0,27,6.5
66,67,Vinukonda to Hyderabad,https://www.redbus.in/bus-tickets/vinukonda-to-hyderabad,7,TSRTC - 6002,"SUPER LUXURY (NON-AC, 2 + 2 PUSH BACK)",21:00,05h 25m,02:25,3.8,459.0,31,5.4
67,68,Vinukonda to Hyderabad,https://www.redbus.in/bus-tickets/vinukonda-to-hyderabad,7,TSRTC - 7462,"SUPER LUXURY (NON-AC, 2 + 2 PUSH BACK)",21:55,04h 55m,02:50,3.4,439.0,19,4.9
68,69,Vinukonda to Hyderabad,https://www.redbus.in/bus-tickets/vinukonda-to-hyderabad,7,Sri Krishna Travels,NON A/C Semi Sleeper / Sleeper (2+1),23:05,06h 25m,05:30,4.2,600.0,5,6.4
69,70,Vinukonda to Hyderabad,https://www.redbus.in/bus-tickets/vinukonda-to-hyderabad,7,SK BUS TRAVELS,Non A/C Seater / Sleeper (2+1),22:45,08h 45m,07:30,4.2,3000.0,32,8.8
70,71,Vinukonda to Hyderabad,https://www.redbus.in/bus-tickets/vinukonda-to-hyderabad,7,Kamakshi Tours And Travels,A/C Seater / Sleeper (2+1),22:25,07h 55m,06:20,4.2,650.0,10,7.9
71,72,Vinukonda to Hyderabad,https://www.redbus.in/bus-tickets/vinukonda-to-hyderabad,7,Kaveri Travels,A/C Sleeper (2+1),22:55,06h 05m,05:00,3.6,990.0,14,6.1
72,73,Vinukonda to Hyderabad,https://www.redbus.in/bus-tickets/vinukonda-to-hyderabad,7,Raja Buses,NON A/C Seater/ Sleeper (2+1),23:10,06h 20m,05:30,4.3,690.0,11,6.3
73,74,Vinukonda to Hyderabad,https://www.redbus.in/bus-tickets/vinukonda-to-hyderabad,7,Anish Travels,Non A/C Seater / Sleeper (2+1),21:00,05h 30m,02:30,New,600.0,30,5.5
74,75,Vinukonda to Hyderabad,https://www.redbus.in/bus-tickets/vinukonda-to-hyderabad,7,Kamakshi Tours And Travels,Non A/C Seater / Sleeper (2+1),22:45,06h 45m,05:30,3.7,850.0,2,6.8
75,76,Vinukonda to Hyderabad,https://www.redbus.in/bus-tickets/vinukonda-to-hyderabad,7,V Kaveri Travels,A/C Sleeper (2+1),22:30,06h 45m,05:15,3.2,980.0,15,6.8
76,77,Vinukonda to Hyderabad,https://www.redbus.in/bus-tickets/vinukonda-to-hyderabad,7,V Kaveri Travels,Non A/C Seater / Sleeper (2+1),22:45,06h 45m,05:30,3.2,700.0,25,6.8
77,78,Vinukonda to Hyderabad,https://www.redbus.in/bus-tickets/vinukonda-to-hyderabad,7,Kamakshi Tours And Travels,Non A/C Seater / Sleeper (2+1),22:25,07h 55m,06:20,3.9,2000.0,21,7.9
78,79,Delhi to Chandigarh,https://www.redbus.in/bus-tickets/delhi-to-chandigarh,8,HRTC - 551,A/C Executive (2+3),15:30,05h 55m,21:25,4.1,375.0,37,5.9
79,80,Delhi to Chandigarh,https://www.redbus.in/bus-tickets/delhi-to-chandigarh,8,HRTC - 521,Ordinary 3+2 Non AC Seater,16:40,05h 40m,22:20,3.9,265.0,37,5.7
80,81,Delhi to Chandigarh,https://www.redbus.in/bus-tickets/delhi-to-chandigarh,8,HRTC - 526,Ordinary 3+2 Non AC Seater,17:00,06h 00m,23:00,3.9,285.0,30,6.0
81,82,Delhi to Chandigarh,https://www.redbus.in/bus-tickets/delhi-to-chandigarh,8,HRTC - 502,Himsuta AC Seater Volvo/Scania 2+2,17:30,05h 26m,22:56,3.9,523.0,35,5.4
82,83,Delhi to Chandigarh,https://www.redbus.in/bus-tickets/delhi-to-chandigarh,8,HRTC - 528,A/C Executive (2+3),17:31,05h 49m,23:20,3.9,380.0,44,5.8
83,84,Delhi to Chandigarh,https://www.redbus.in/bus-tickets/delhi-to-chandigarh,8,HRTC - 517,Ordinary 3+2 Non AC Seater,17:35,05h 45m,23:20,3.9,285.0,37,5.8
84,85,Delhi to Chandigarh,https://www.redbus.in/bus-tickets/delhi-to-chandigarh,8,HRTC - 586,Ordinary 3+2 Non AC Seater,17:40,04h 50m,22:30,3.9,265.0,37,4.8
85,86,Delhi to Chandigarh,https://www.redbus.in/bus-tickets/delhi-to-chandigarh,8,HRTC - 532,Ordinary 3+2 Non AC Seater,17:59,05h 41m,23:40,3.9,270.0,27,5.7
86,87,Delhi to Chandigarh,https://www.redbus.in/bus-tickets/delhi-to-chandigarh,8,HRTC - 593,Himmani Deluxe 2+2 Non AC Seater,18:20,05h 20m,23:40,3.9,300.0,25,5.3
87,88,Delhi to Chandigarh,https://www.redbus.in/bus-tickets/delhi-to-chandigarh,8,HRTC - 530,Ordinary 3+2 Non AC Seater,18:20,05h 30m,23:50,3.9,270.0,37,5.5
88,89,Delhi to Chandigarh,https://www.redbus.in/bus-tickets/delhi-to-chandigarh,8,RSRTC - 183801,Express Non AC Seater 2+3,15:30,05h 30m,21:00,3.7,320.0,42,5.5
89,90,Delhi to Chandigarh,https://www.redbus.in/bus-tickets/delhi-to-chandigarh,8,NueGo,Electric A/C Seater (2+2),14:30,05h 05m,19:35,3.5,451.0,3,5.1
90,91,Delhi to Chandigarh,https://www.redbus.in/bus-tickets/delhi-to-chandigarh,8,NueGo,Electric A/C Seater (2+2),15:30,05h 05m,20:35,3.7,428.0,30,5.1
91,92,Delhi to Chandigarh,https://www.redbus.in/bus-tickets/delhi-to-chandigarh,8,FlixBus,A/C Seater (2+2),16:00,05h 55m,21:55,3.7,217.0,27,5.9
92,93,Delhi to Chandigarh,https://www.redbus.in/bus-tickets/delhi-to-chandigarh,8,NueGo,Electric A/C Seater (2+2),16:30,05h 25m,21:55,3.6,428.0,40,5.4
93,94,Delhi to Chandigarh,https://www.redbus.in/bus-tickets/delhi-to-chandigarh,8,Laxmi holidays,Bharat Benz A/C Seater /Sleeper (2+1),17:00,06h 05m,23:05,4.3,400.0,20,6.1
94,95,Delhi to Chandigarh,https://www.redbus.in/bus-tickets/delhi-to-chandigarh,8,KVS Holidays,A/C Seater / Sleeper (2+2),17:00,05h 30m,22:30,3.0,199.0,42,5.5
95,96,Delhi to Chandigarh,https://www.redbus.in/bus-tickets/delhi-to-chandigarh,8,AdCity Land Travels,Volvo A/C Semi Sleeper (2+2),17:00,06h 00m,23:00,3.6,495.0,27,6.0
96,97,Delhi to Chandigarh,https://www.redbus.in/bus-tickets/delhi-to-chandigarh,8,Laxmi holidays,Volvo 9600 A/C Semi Sleeper (2+2),17:00,05h 50m,22:50,4.6,499.0,32,5.8
97,98,Delhi to Chandigarh,https://www.redbus.in/bus-tickets/delhi-to-chandigarh,8,NueGo,Electric A/C Seater (2+2),17:30,05h 05m,22:35,3.9,429.0,37,5.1
98,99,Hyderabad to Ongole,https://www.redbus.in/bus-tickets/hyderabad-to-ongole,9,APSRTC - 5151,STAR LINER(NON-AC SLEEPER 2+1),18:00,09h 15m,03:15,3.9,677.0,2,9.2
99,100,Hyderabad to Ongole,https://www.redbus.in/bus-tickets/hyderabad-to-ongole,9,APSRTC - 5870,Super Luxury (Non AC Seater 2+2 Push Back),18:30,09h 30m,04:00,3.6,522.0,2,9.5
100,101,Hyderabad to Ongole,https://www.redbus.in/bus-tickets/hyderabad-to-ongole,9,APSRTC - 5070,Super Luxury (Non AC Seater 2+2 Push Back),18:45,08h 30m,03:15,4.0,556.0,3,8.5
101,102,Hyderabad to Ongole,https://www.redbus.in/bus-tickets/hyderabad-to-ongole,9,APSRTC - 48821,Super Luxury (Non AC Seater 2+2 Push Back),19:00,09h 15m,04:15,4.1,522.0,5,9.2
102,103,Hyderabad to Ongole,https://www.redbus.in/bus-tickets/hyderabad-to-ongole,9,APSRTC - 5054,Super Luxury (Non AC Seater 2+2 Push Back),19:15,09h 45m,05:00,3.7,524.0,3,9.8
103,104,Hyderabad to Ongole,https://www.redbus.in/bus-tickets/hyderabad-to-ongole,9,APSRTC - 5994,Super Luxury (Non AC Seater 2+2 Push Back),19:30,10h 15m,05:45,3.5,522.0,2,10.2
104,105,Hyderabad to Ongole,https://www.redbus.in/bus-tickets/hyderabad-to-ongole,9,APSRTC - 5181,Super Luxury (Non AC Seater 2+2 Push Back),19:40,09h 00m,04:40,3.5,524.0,5,9.0
105,106,Hyderabad to Ongole,https://www.redbus.in/bus-tickets/hyderabad-to-ongole,9,APSRTC - 5922,Super Luxury (Non AC Seater 2+2 Push Back),19:45,09h 05m,04:50,3.5,522.0,1,9.1
106,107,Hyderabad to Ongole,https://www.redbus.in/bus-tickets/hyderabad-to-ongole,9,APSRTC - 5916,Super Luxury (Non AC Seater 2+2 Push Back),19:50,09h 10m,05:00,3.0,572.0,2,9.2
107,108,Hyderabad to Ongole,https://www.redbus.in/bus-tickets/hyderabad-to-ongole,9,APSRTC - 5906,INDRA(A.C. Seater),20:00,09h 30m,05:30,4.2,632.0,7,9.5
108,109,Hyderabad to Ongole,https://www.redbus.in/bus-tickets/hyderabad-to-ongole,9,Sri Vengamamba Bus Transport (SVBT),A/C Seater / Sleeper (2+1),21:45,08h 30m,06:15,4.7,690.0,11,8.5
109,110,Hyderabad to Ongole,https://www.redbus.in/bus-tickets/hyderabad-to-ongole,9,Sri Vengamamba Bus Transport (SVBT),A/C Sleeper (2+1),21:40,08h 35m,06:15,4.4,1055.0,9,8.6
110,111,Hyderabad to Ongole,https://www.redbus.in/bus-tickets/hyderabad-to-ongole,9,V Kaveri Travels,Volvo Multi-Axle A/C Sleeper (2+1),21:30,08h 15m,05:45,4.2,1150.0,15,8.2
111,112,Hyderabad to Ongole,https://www.redbus.in/bus-tickets/hyderabad-to-ongole,9,Kaveri Travels,Volvo Multi Axle A/C Sleeper I-Shift B11R (2+1),22:30,07h 16m,05:46,4.2,1220.0,13,7.3
112,113,Hyderabad to Ongole,https://www.redbus.in/bus-tickets/hyderabad-to-ongole,9,Chandu Travels,A/C Sleeper (2+1),22:15,07h 30m,05:45,4.1,915.0,3,7.5
113,114,Hyderabad to Ongole,https://www.redbus.in/bus-tickets/hyderabad-to-ongole,9,Kamakshi Tours And Travels,Non A/C Seater / Sleeper (2+1),21:30,08h 30m,06:00,4.1,700.0,7,8.5
114,115,Hyderabad to Ongole,https://www.redbus.in/bus-tickets/hyderabad-to-ongole,9,Sri Krishna Travels,A/C Sleeper (2+1),22:30,07h 00m,05:30,3.9,1300.0,10,7.0
115,116,Hyderabad to Ongole,https://www.redbus.in/bus-tickets/hyderabad-to-ongole,9,Kaveri Travels,A/C Sleeper (2+1),21:30,09h 00m,06:30,3.5,1050.0,12,9.0
116,117,Hyderabad to Ongole,https://www.redbus.in/bus-tickets/hyderabad-to-ongole,9,Sri Krishna Travels,NON A/C Semi Sleeper / Sleeper (2+1),22:00,07h 30m,05:30,3.4,700.0,12,7.5
117,118,Hyderabad to Ongole,https://www.redbus.in/bus-tickets/hyderabad-to-ongole,9,Orange Tours And Travels,NON A/C Seater/ Sleeper (2+1),22:30,07h 55m,06:25,3.3,900.0,7,7.9
118,119,Allahabad to Lucknow,https://www.redbus.in/bus-tickets/allahabad-to-lucknow,2,UPSRTC - AWD0006,Janrath AC Seater 2+2,15:30,04h 30m,20:00,3.3,458.0,35,4.5
119,120,Allahabad to Lucknow,https://www.redbus.in/bus-tickets/allahabad-to-lucknow,2,UPSRTC - ALM0008,Volvo AC Seater 2+2,16:00,04h 30m,20:30,4.1,658.0,38,4.5
120,121,Allahabad to Lucknow,https://www.redbus.in/bus-tickets/allahabad-to-lucknow,2,UPSRTC - AWD0193,Janrath AC Seater 2+2,16:11,04h 59m,21:10,3.3,458.0,36,5.0
121,122,Allahabad to Lucknow,https://www.redbus.in/bus-tickets/allahabad-to-lucknow,2,UPSRTC - VND0059,Rajdhani Non AC Seater 2+3,16:45,05h 00m,21:45,3.3,310.0,51,5.0
122,123,Allahabad to Lucknow,https://www.redbus.in/bus-tickets/allahabad-to-lucknow,2,UPSRTC - ALM0125,Shatabdi AC Seater 2+2,16:50,05h 40m,22:30,3.3,458.0,35,5.7
123,124,Allahabad to Lucknow,https://www.redbus.in/bus-tickets/allahabad-to-lucknow,2,UPSRTC - AWD0028,Janrath AC Seater 2+2,17:15,05h 00m,22:15,3.3,458.0,36,5.0
124,125,Allahabad to Lucknow,https://www.redbus.in/bus-tickets/allahabad-to-lucknow,2,UPSRTC - AWD0034,Janrath AC Seater 2+2,17:35,05h 00m,22:35,3.3,458.0,36,5.0
125,126,Allahabad to Lucknow,https://www.redbus.in/bus-tickets/allahabad-to-lucknow,2,UPSRTC - AWD0008,Janrath AC Seater 2+2,18:00,04h 30m,22:30,3.3,458.0,36,4.5
126,127,Allahabad to Lucknow,https://www.redbus.in/bus-tickets/allahabad-to-lucknow,2,UPSRTC - PYD0023,Volvo AC Seater 2+2,18:30,04h 30m,23:00,3.3,658.0,38,4.5
127,128,Allahabad to Lucknow,https://www.redbus.in/bus-tickets/allahabad-to-lucknow,2,UPSRTC - PYD0158,Janrath AC Seater 2+3,19:01,04h 30m,23:31,3.3,396.0,48,4.5
128,129,Allahabad to Lucknow,https://www.redbus.in/bus-tickets/allahabad-to-lucknow,2,UPSRTC - PYD0025,Volvo AC Seater 2+2,19:30,04h 29m,23:59,3.3,658.0,39,4.5
129,130,Allahabad to Lucknow,https://www.redbus.in/bus-tickets/allahabad-to-lucknow,2,UPSRTC - PYD0027,Volvo AC Seater 2+2,20:30,04h 30m,01:00,3.3,658.0,39,4.5
130,131,Allahabad to Lucknow,https://www.redbus.in/bus-tickets/allahabad-to-lucknow,2,UPSRTC - LDR0016,Janrath AC Seater 2+3,22:00,05h 00m,03:00,2.4,396.0,48,5.0
131,132,Allahabad to Lucknow,https://www.redbus.in/bus-tickets/allahabad-to-lucknow,2,UPSRTC - CBG0031,Janrath AC Seater 2+2,22:02,06h 43m,04:45,3.3,458.0,36,6.7
132,133,Allahabad to Lucknow,https://www.redbus.in/bus-tickets/allahabad-to-lucknow,2,UPSRTC - ALM0181,Volvo AC Seater 2+2,22:45,04h 30m,03:15,3.3,658.0,39,4.5
133,134,Allahabad to Lucknow,https://www.redbus.in/bus-tickets/allahabad-to-lucknow,2,UPSRTC - LDR0018,Janrath AC Seater 2+3,23:00,04h 45m,03:45,2.7,396.0,48,4.8
134,135,Allahabad to Lucknow,https://www.redbus.in/bus-tickets/allahabad-to-lucknow,2,Sethi Yatra Company,A/C Seater / Sleeper (2+1),18:30,05h 20m,23:50,3.0,739.0,20,5.3
135,136,Allahabad to Lucknow,https://www.redbus.in/bus-tickets/allahabad-to-lucknow,2,Mahalaxmi Travels,Bharat Benz A/C Seater /Sleeper (2+1),19:30,04h 15m,23:45,3.1,499.0,15,4.2
136,137,Allahabad to Lucknow,https://www.redbus.in/bus-tickets/allahabad-to-lucknow,2,Mahalaxmi Travels,Bharat Benz A/C Seater /Sleeper (2+1),21:15,04h 15m,01:30,3.0,499.0,17,4.2
137,138,Allahabad to Lucknow,https://www.redbus.in/bus-tickets/allahabad-to-lucknow,2,ARORA TRAVELS,Volvo AC Seater (2+2),22:31,04h 40m,03:11,4.4,703.0,25,4.7
138,139,Allahabad to Lucknow,https://www.redbus.in/bus-tickets/allahabad-to-lucknow,2,Sethi Yatra Company,A/C Sleeper (2+1),23:59,06h 01m,06:00,3.0,569.0,27,6.0
139,140,Allahabad to Lucknow,https://www.redbus.in/bus-tickets/allahabad-to-lucknow,2,Goyal Travels,A/C Seater / Sleeper (2+1),18:35,04h 50m,23:25,2.6,1199.0,14,4.8
140,141,Belagavi to Goa,https://www.redbus.in/bus-tickets/belagavi-to-goa,10,S R Travels,NON A/C Sleeper (2+1),01:00,05h 00m,06:00,1.7,799.0,11,5.0
141,142,Chandigarh to Dehradun,https://www.redbus.in/bus-tickets/chandigarh-to-dehradun,8,NueGo,Electric A/C Seater (2+2),18:00,04h 55m,22:55,3.8,382.0,23,4.9
142,143,Chandigarh to Dehradun,https://www.redbus.in/bus-tickets/chandigarh-to-dehradun,8,NueGo,Electric A/C Seater (2+2),19:00,03h 55m,22:55,3.4,382.0,27,3.9
143,144,Chandigarh to Dehradun,https://www.redbus.in/bus-tickets/chandigarh-to-dehradun,8,Om Sidh Express,Volvo A/C Semi Sleeper (2+2),19:30,04h 00m,23:30,3.7,475.0,26,4.0
144,145,Chandigarh to Dehradun,https://www.redbus.in/bus-tickets/chandigarh-to-dehradun,8,Zimindara Travels,AC Sleeper (2+1),23:00,06h 30m,05:30,3.6,599.0,22,6.5
145,146,Chandigarh to Dehradun,https://www.redbus.in/bus-tickets/chandigarh-to-dehradun,8,Laxmi holidays,VE A/C Semi Sleeper (2+2),23:55,05h 50m,05:45,4.3,599.0,23,5.8
146,147,Moradabad to Delhi,https://www.redbus.in/bus-tickets/moradabad-to-delhi,2,UPSRTC - LNI0017,Rajdhani Non AC Seater 2+3,23:35,03h 25m,03:00,3.3,262.0,51,3.4
147,148,Moradabad to Delhi,https://www.redbus.in/bus-tickets/moradabad-to-delhi,2,India Tours & Travels (GetBookCab),A/C Seater / Sleeper (2+2),18:15,03h 30m,21:45,3.8,474.0,23,3.5
148,149,Moradabad to Delhi,https://www.redbus.in/bus-tickets/moradabad-to-delhi,2,Vijay Tour and Travels,A/C Seater / Sleeper (2+1),21:30,03h 40m,01:10,4.5,554.0,9,3.7
149,150,Moradabad to Delhi,https://www.redbus.in/bus-tickets/moradabad-to-delhi,2,Vijay Tour and Travels,Bharat Benz A/C Seater /Sleeper (2+1),22:00,03h 30m,01:30,3.1,508.0,14,3.5
150,151,Moradabad to Delhi,https://www.redbus.in/bus-tickets/moradabad-to-delhi,2,SHRI KRISHNA TRAVELS (JAI SHREE GANESH YATRA CO.),VE A/C Seater / Sleeper (2+1),22:20,04h 30m,02:50,3.7,699.0,17,4.5
151,152,Kozhikode to Bangalore,https://www.redbus.in/bus-tickets/kozhikode-to-bangalore,6,KSRTC (Kerala) - 578,Super Express Non AC Seater Air Bus (2+2),18:00,10h 00m,04:00,3.9,513.0,21,10.0
152,153,Kozhikode to Bangalore,https://www.redbus.in/bus-tickets/kozhikode-to-bangalore,6,KSRTC (Kerala) - 72,SWIFT-GARUDA A/C SEATER BUS,19:00,08h 35m,03:35,3.8,688.0,2,8.6
153,154,Kozhikode to Bangalore,https://www.redbus.in/bus-tickets/kozhikode-to-bangalore,6,KSRTC (Kerala) - 1583,Super Express Non AC Seater Air Bus (2+2),20:02,09h 19m,05:21,4.0,640.0,23,9.3
154,155,Kozhikode to Bangalore,https://www.redbus.in/bus-tickets/kozhikode-to-bangalore,6,KSRTC (Kerala) - 234,Swift Deluxe Non AC Air Bus (2+2),21:00,09h 00m,06:00,4.1,620.0,1,9.0
155,156,Kozhikode to Bangalore,https://www.redbus.in/bus-tickets/kozhikode-to-bangalore,6,KSRTC (Kerala) - 1584,Super Express Non AC Seater Air Bus (2+2),21:29,09h 09m,06:38,2.9,640.0,27,9.2
156,157,Kozhikode to Bangalore,https://www.redbus.in/bus-tickets/kozhikode-to-bangalore,6,KSRTC (Kerala) - 50,Swift Deluxe Non AC Air Bus (2+2),22:06,08h 35m,06:41,3.3,640.0,11,8.6
157,158,Kozhikode to Bangalore,https://www.redbus.in/bus-tickets/kozhikode-to-bangalore,6,KSRTC (Kerala) - 549,Super Express Non AC Seater Air Bus (2+2),22:15,07h 58m,06:13,1.7,640.0,10,8.0
158,159,Kozhikode to Bangalore,https://www.redbus.in/bus-tickets/kozhikode-to-bangalore,6,KSRTC (Kerala) - 96,Swift Deluxe Non AC Air Bus (2+2),23:05,08h 25m,07:30,2.5,567.0,5,8.4
159,160,Kozhikode to Bangalore,https://www.redbus.in/bus-tickets/kozhikode-to-bangalore,6,MMK Travels,VE A/C Seater / Sleeper (2+1),21:30,08h 30m,06:00,4.4,700.0,16,8.5
160,161,Kozhikode to Bangalore,https://www.redbus.in/bus-tickets/kozhikode-to-bangalore,6,DLT BUS,A/C Sleeper (2+1),21:45,08h 45m,06:30,4.2,950.0,6,8.8
161,162,Kozhikode to Bangalore,https://www.redbus.in/bus-tickets/kozhikode-to-bangalore,6,Silver Line Travels,NON A/C Semi Sleeper (2+2),20:30,09h 15m,05:45,4.2,699.0,23,9.2
162,163,Kozhikode to Bangalore,https://www.redbus.in/bus-tickets/kozhikode-to-bangalore,6,AdSuraj Holidays,VE A/C Sleeper (2+1),22:00,09h 15m,07:15,4.2,950.0,23,9.2
163,164,Kozhikode to Bangalore,https://www.redbus.in/bus-tickets/kozhikode-to-bangalore,6,NS Transports,Non A/C Seater / Sleeper (2+1),20:30,10h 05m,06:35,4.2,699.0,17,10.1
164,165,Kozhikode to Bangalore,https://www.redbus.in/bus-tickets/kozhikode-to-bangalore,6,P K Travels,A/C Sleeper (2+1),20:00,10h 00m,06:00,4.2,950.0,20,10.0
165,166,Kozhikode to Bangalore,https://www.redbus.in/bus-tickets/kozhikode-to-bangalore,6,SAAM BUS,VE A/C Sleeper (2+1),20:30,09h 45m,06:15,4.3,850.0,8,9.8
166,167,Kozhikode to Bangalore,https://www.redbus.in/bus-tickets/kozhikode-to-bangalore,6,NS Transports,VE A/C Sleeper (2+1),21:16,09h 14m,06:30,4.2,949.0,18,9.2
167,168,Kozhikode to Bangalore,https://www.redbus.in/bus-tickets/kozhikode-to-bangalore,6,National travels and logistics,NON A/C Sleeper (2+1),20:45,09h 30m,06:15,4.0,599.0,15,9.5
168,169,Kozhikode to Bangalore,https://www.redbus.in/bus-tickets/kozhikode-to-bangalore,6,SURAJ TRAVEL HOUSE,VE A/C Seater / Sleeper (2+1),20:45,09h 15m,06:00,4.0,700.0,28,9.2
169,170,Hyderabad to Guntur (Andhra Pradesh),https://www.redbus.in/bus-tickets/hyderabad-to-guntur,7,APSRTC - 4612,Super Luxury (Non AC Seater 2+2 Push Back),19:15,08h 45m,04:00,4.0,451.0,17,8.8
170,171,Hyderabad to Guntur (Andhra Pradesh),https://www.redbus.in/bus-tickets/hyderabad-to-guntur,7,APSRTC - 4249,Super Luxury (Non AC Seater 2+2 Push Back),19:45,08h 35m,04:20,4.1,451.0,23,8.6
171,172,Hyderabad to Guntur (Andhra Pradesh),https://www.redbus.in/bus-tickets/hyderabad-to-guntur,7,APSRTC - 4179,AMARAVATHI (VOLVO / SCANIA A.C Multi Axle),20:30,07h 59m,04:29,4.5,767.0,18,8.0
172,173,Hyderabad to Guntur (Andhra Pradesh),https://www.redbus.in/bus-tickets/hyderabad-to-guntur,7,APSRTC - 42443,Super Luxury (Non AC Seater 2+2 Push Back),21:00,08h 45m,05:45,4.2,451.0,11,8.8
173,174,Hyderabad to Guntur (Andhra Pradesh),https://www.redbus.in/bus-tickets/hyderabad-to-guntur,7,APSRTC - 4629,Super Luxury (Non AC Seater 2+2 Push Back),21:00,08h 00m,05:00,4.1,451.0,6,8.0
174,175,Hyderabad to Guntur (Andhra Pradesh),https://www.redbus.in/bus-tickets/hyderabad-to-guntur,7,APSRTC - 4155,INDRA(A.C. Seater),21:10,07h 14m,04:24,3.4,545.0,37,7.2
175,176,Hyderabad to Guntur (Andhra Pradesh),https://www.redbus.in/bus-tickets/hyderabad-to-guntur,7,APSRTC - 4189,Super Luxury (Non AC Seater 2+2 Push Back),21:15,08h 05m,05:20,3.7,451.0,10,8.1
176,177,Hyderabad to Guntur (Andhra Pradesh),https://www.redbus.in/bus-tickets/hyderabad-to-guntur,7,APSRTC - 4619,STAR LINER(NON-AC SLEEPER 2+1),21:20,07h 10m,04:30,3.9,584.0,2,7.2
177,178,Hyderabad to Guntur (Andhra Pradesh),https://www.redbus.in/bus-tickets/hyderabad-to-guntur,7,APSRTC - 4199,Super Luxury (Non AC Seater 2+2 Push Back),21:40,07h 40m,05:20,3.3,451.0,12,7.7
178,179,Hyderabad to Guntur (Andhra Pradesh),https://www.redbus.in/bus-tickets/hyderabad-to-guntur,7,APSRTC - 4223,INDRA(A.C. Seater),21:45,07h 10m,04:55,4.1,545.0,27,7.2
179,180,Hyderabad to Guntur (Andhra Pradesh),https://www.redbus.in/bus-tickets/hyderabad-to-guntur,7,TSRTC - 9570,"SUPER LUXURY (NON-AC, 2 + 2 PUSH BACK)",18:00,05h 20m,23:20,3.6,364.0,12,5.3
180,181,Hyderabad to Guntur (Andhra Pradesh),https://www.redbus.in/bus-tickets/hyderabad-to-guntur,7,TSRTC - 9689,"SUPER LUXURY (NON-AC, 2 + 2 PUSH BACK)",20:30,07h 45m,04:15,4.6,454.0,11,7.8
181,182,Hyderabad to Guntur (Andhra Pradesh),https://www.redbus.in/bus-tickets/hyderabad-to-guntur,7,TSRTC - 7771,"SUPER LUXURY (NON-AC, 2 + 2 PUSH BACK)",20:45,07h 45m,04:30,3.2,394.0,15,7.8
182,183,Hyderabad to Guntur (Andhra Pradesh),https://www.redbus.in/bus-tickets/hyderabad-to-guntur,7,TSRTC - 1763,"SUPER LUXURY (NON-AC, 2 + 2 PUSH BACK)",21:30,06h 50m,04:20,4.2,419.0,13,6.8
183,184,Hyderabad to Guntur (Andhra Pradesh),https://www.redbus.in/bus-tickets/hyderabad-to-guntur,7,TSRTC - 7769,"SUPER LUXURY (NON-AC, 2 + 2 PUSH BACK)",21:50,07h 30m,05:20,2.1,542.0,26,7.5
184,185,Hyderabad to Guntur (Andhra Pradesh),https://www.redbus.in/bus-tickets/hyderabad-to-guntur,7,TSRTC - 1633,"SUPER LUXURY (NON-AC, 2 + 2 PUSH BACK)",22:10,07h 00m,05:10,3.9,364.0,20,7.0
185,186,Hyderabad to Guntur (Andhra Pradesh),https://www.redbus.in/bus-tickets/hyderabad-to-guntur,7,TSRTC - 1541,"SUPER LUXURY (NON-AC, 2 + 2 PUSH BACK)",22:40,06h 20m,05:00,4.0,364.0,19,6.3
186,187,Hyderabad to Guntur (Andhra Pradesh),https://www.redbus.in/bus-tickets/hyderabad-to-guntur,7,TSRTC - 7773,Lahari Non A/C Sleeper Cum Seater,23:10,07h 10m,06:20,2.3,545.0,29,7.2
187,188,Hyderabad to Guntur (Andhra Pradesh),https://www.redbus.in/bus-tickets/hyderabad-to-guntur,7,IntrCity SmartBus,Scania AC Multi Axle Sleeper (2+1),23:30,07h 45m,07:15,4.7,904.0,17,7.8
188,189,Hyderabad to Guntur (Andhra Pradesh),https://www.redbus.in/bus-tickets/hyderabad-to-guntur,7,IntrCity SmartBus,A/C Seater / Sleeper (2+1),23:30,07h 15m,06:45,4.5,586.0,19,7.2
189,190,Hyderabad to Guntur (Andhra Pradesh),https://www.redbus.in/bus-tickets/hyderabad-to-guntur,7,GMRK Tours and Travels,Volvo A/C Semi Sleeper (2+2),23:30,06h 40m,06:10,4.5,399.0,18,6.7
190,191,Hyderabad to Guntur (Andhra Pradesh),https://www.redbus.in/bus-tickets/hyderabad-to-guntur,7,AdShyamoli Paribahan Pvt Ltd,Scania Multi-Axle AC Semi Sleeper (2+2),23:15,06h 10m,05:25,4.3,499.0,15,6.2
191,192,Hyderabad to Guntur (Andhra Pradesh),https://www.redbus.in/bus-tickets/hyderabad-to-guntur,7,Svkdt travels,A/C Sleeper (2+1),22:30,08h 25m,06:55,4.5,790.0,11,8.4
192,193,Hyderabad to Guntur (Andhra Pradesh),https://www.redbus.in/bus-tickets/hyderabad-to-guntur,7,IntrCity SmartBus,AC Sleeper (2+1),23:10,07h 40m,06:50,4.5,828.0,15,7.7
193,194,Hyderabad to Guntur (Andhra Pradesh),https://www.redbus.in/bus-tickets/hyderabad-to-guntur,7,NueGo,Electric A/C Seater (2+2),22:35,08h 00m,06:35,4.5,564.0,10,8.0
194,195,Hyderabad to Guntur (Andhra Pradesh),https://www.redbus.in/bus-tickets/hyderabad-to-guntur,7,AdIntrCity SmartBus,AC Sleeper (2+1),23:50,07h 35m,07:25,4.2,747.0,22,7.6
195,196,Hyderabad to Guntur (Andhra Pradesh),https://www.redbus.in/bus-tickets/hyderabad-to-guntur,7,Zingbus Plus,A/C Seater / Sleeper (2+1),23:45,07h 10m,06:55,4.4,572.0,28,7.2
196,197,Hyderabad to Guntur (Andhra Pradesh),https://www.redbus.in/bus-tickets/hyderabad-to-guntur,7,Yolo Bus,A/C Seater / Sleeper (2+1),22:15,07h 55m,06:10,4.2,950.0,14,7.9
197,198,Delhi to Sitapur (Uttar Pradesh),https://www.redbus.in/bus-tickets/delhi-to-sitapur,2,UPSRTC - STD0054,Ordinary Non AC Seater 2+3,16:00,10h 45m,02:45,3.3,724.0,52,10.8
198,199,Delhi to Sitapur (Uttar Pradesh),https://www.redbus.in/bus-tickets/delhi-to-sitapur,2,UPSRTC - STD0147,Ordinary Non AC Seater 2+3,16:00,11h 51m,03:51,3.3,697.0,52,11.8
199,200,Delhi to Sitapur (Uttar Pradesh),https://www.redbus.in/bus-tickets/delhi-to-sitapur,2,UPSRTC - SBD0030,Pink Express AC Seater 2+2,19:00,10h 00m,05:00,3.0,955.0,40,10.0
200,201,Delhi to Sitapur (Uttar Pradesh),https://www.redbus.in/bus-tickets/delhi-to-sitapur,2,UPSRTC - SBD0110,Pink Express AC Seater 2+2,19:01,09h 44m,04:45,3.3,955.0,41,9.7
201,202,Delhi to Sitapur (Uttar Pradesh),https://www.redbus.in/bus-tickets/delhi-to-sitapur,2,UPSRTC - SBD0032,Pink Express AC Seater 2+2,21:30,09h 45m,07:15,3.0,955.0,41,9.8
202,203,Delhi to Sitapur (Uttar Pradesh),https://www.redbus.in/bus-tickets/delhi-to-sitapur,2,UPSRTC - SBD0111,Pink Express AC Seater 2+2,21:31,09h 14m,06:45,3.3,955.0,41,9.2
203,204,Delhi to Sitapur (Uttar Pradesh),https://www.redbus.in/bus-tickets/delhi-to-sitapur,2,UPSRTC - SBD0092,Janrath AC Seater 2+2,22:30,08h 15m,06:45,3.5,955.0,34,8.2
204,205,Delhi to Sitapur (Uttar Pradesh),https://www.redbus.in/bus-tickets/delhi-to-sitapur,2,R S YADAV SMART BUS PRIVATE LIMITED,VE A/C Sleeper (2+1),22:15,08h 15m,06:30,4.0,759.0,32,8.2
205,206,Delhi to Sitapur (Uttar Pradesh),https://www.redbus.in/bus-tickets/delhi-to-sitapur,2,Shri Krishna Travels & Cargo,AC Seater (2+2),23:55,03h 55m,03:50,,849.0,42,3.9
206,207,Kolkata to Digha,https://www.redbus.in/bus-tickets/kolkata-to-digha,12,WBTC (CTC) Kolkata - Digha - 124|14:40,Non AC Seater (2+3),14:40,04h 25m,19:05,3.9,145.0,41,4.4
207,208,Kolkata to Digha,https://www.redbus.in/bus-tickets/kolkata-to-digha,12,WBTC (CTC) Belgachia - Digha via Esplanade - 51|14:45,Non AC Seater (2+3),14:45,05h 25m,20:10,3.5,155.0,42,5.4
208,209,Kolkata to Digha,https://www.redbus.in/bus-tickets/kolkata-to-digha,12,WBTC (CTC) SHYAMBAZAR - DIGHA VIA- ESPLANADE (AC-VOLVO) - 52|14:45,Volvo AC Seater (2+2),14:45,05h 15m,20:00,3.5,370.0,25,5.2
209,210,Kolkata to Digha,https://www.redbus.in/bus-tickets/kolkata-to-digha,12,WBTC (CTC) KARUNAMOYEE (Salt Lake) -DIGHA - 102|15:25,Non AC Seater (2+3),15:25,04h 20m,19:45,3.5,164.0,52,4.3
210,211,Kolkata to Digha,https://www.redbus.in/bus-tickets/kolkata-to-digha,12,WBTC (CTC) Belgachia - Digha via Esplanade - 51|15:45,Non AC Seater (2+3),15:45,04h 25m,20:10,4.3,145.0,42,4.4
211,212,Kolkata to Digha,https://www.redbus.in/bus-tickets/kolkata-to-digha,12,WBTC (CTC) SHYAMBAZAR - DIGHA VIA- ESPLANADE (AC-VOLVO) - 52|15:45,Volvo AC Seater (2+2),15:45,04h 15m,20:00,3.5,370.0,25,4.2
212,213,Kolkata to Digha,https://www.redbus.in/bus-tickets/kolkata-to-digha,12,WBTC (CTC) Khidderpur - Digha - 97|16:00,Non AC Seater (2+3),16:00,05h 00m,21:00,3.5,151.0,45,5.0
213,214,Kolkata to Digha,https://www.redbus.in/bus-tickets/kolkata-to-digha,12,WBTC (CTC) Khidderpur - Digha - 97|16:45,Non AC Seater (2+3),16:45,04h 15m,21:00,3.1,145.0,44,4.2
214,215,Kolkata to Digha,https://www.redbus.in/bus-tickets/kolkata-to-digha,12,SBSTC-GARIA - DIGHA - 15:15 (DIGHA DEPOT) - 543,Non AC Seater (2+3),15:15,08h 45m,00:00,4.6,162.0,17,8.8
215,216,Kolkata to Digha,https://www.redbus.in/bus-tickets/kolkata-to-digha,12,SBSTC-GARIA - DIGHA - 22:30 (DIGHA DEPOT) - 3745,Non AC Seater (2+3),23:45,04h 30m,04:15,4.2,155.0,5,4.5
216,217,Kolkata to Digha,https://www.redbus.in/bus-tickets/kolkata-to-digha,12,Shyamoli Paribahan Pvt Ltd,VE A/C Seater (2+2),23:30,05h 00m,04:30,4.5,495.0,6,5.0
217,218,Kolkata to Digha,https://www.redbus.in/bus-tickets/kolkata-to-digha,12,Express Line,Volvo 9600 A/C Seater (2+2),23:45,05h 00m,04:45,4.5,584.0,20,5.0
218,219,Kolkata to Digha,https://www.redbus.in/bus-tickets/kolkata-to-digha,12,Maa Chandi Travels,A/C Seater / Sleeper (2+2),22:00,07h 30m,05:30,4.6,370.0,27,7.5
219,220,Kolkata to Digha,https://www.redbus.in/bus-tickets/kolkata-to-digha,12,Shyamoli Paribahan Pvt Ltd,Volvo A/C Seater (2+2),23:45,05h 00m,04:45,4.5,600.0,29,5.0
220,221,Kolkata to Digha,https://www.redbus.in/bus-tickets/kolkata-to-digha,12,Sagufta Travels(Maa Chandi),A/C Seater / Sleeper (2+2),23:57,05h 13m,05:10,4.3,394.0,22,5.2
221,222,Kolkata to Digha,https://www.redbus.in/bus-tickets/kolkata-to-digha,12,Maa Chandi Travels,A/C Seater / Sleeper (2+2),23:57,05h 13m,05:10,4.4,370.0,18,5.2
222,223,Kolkata to Digha,https://www.redbus.in/bus-tickets/kolkata-to-digha,12,Santosh Bus Service,A/C Seater Push Back (2+3),23:50,05h 10m,05:00,4.3,415.0,35,5.2
223,224,Kolkata to Digha,https://www.redbus.in/bus-tickets/kolkata-to-digha,12,Sagufta Travels (Bhorpet Travels),AC Seater (2+2),23:55,04h 40m,04:35,3.9,489.0,24,4.7
224,225,Kolkata to Digha,https://www.redbus.in/bus-tickets/kolkata-to-digha,12,Parameswar Travels,A/C Seater Push Back (2+2),23:50,04h 55m,04:45,3.5,285.0,24,4.9
225,226,Kolkata to Digha,https://www.redbus.in/bus-tickets/kolkata-to-digha,12,City Express (Shinjini),AC Seater (2+3),23:50,05h 05m,04:55,3.2,480.0,35,5.1
226,227,Hyderabad to Narasaraopet,https://www.redbus.in/bus-tickets/hyderabad-to-narsaraopet,7,APSRTC - 5815,Super Luxury (Non AC Seater 2+2 Push Back),18:50,07h 40m,02:30,4.2,402.0,8,7.7
227,228,Hyderabad to Narasaraopet,https://www.redbus.in/bus-tickets/hyderabad-to-narsaraopet,7,APSRTC - 4529,Super Luxury (Non AC Seater 2+2 Push Back),20:45,07h 15m,04:00,4.3,394.0,10,7.2
228,229,Hyderabad to Narasaraopet,https://www.redbus.in/bus-tickets/hyderabad-to-narsaraopet,7,APSRTC - 4538,Super Luxury (Non AC Seater 2+2 Push Back),20:45,07h 15m,04:00,5.0,394.0,4,7.2
229,230,Hyderabad to Narasaraopet,https://www.redbus.in/bus-tickets/hyderabad-to-narsaraopet,7,APSRTC - 5831,INDRA(A.C. Seater),21:00,06h 50m,03:50,4.7,487.0,7,6.8
230,231,Hyderabad to Narasaraopet,https://www.redbus.in/bus-tickets/hyderabad-to-narsaraopet,7,APSRTC - 92142,Super Luxury (Non AC Seater 2+2 Push Back),21:15,07h 30m,04:45,4.0,402.0,5,7.5
231,232,Hyderabad to Narasaraopet,https://www.redbus.in/bus-tickets/hyderabad-to-narsaraopet,7,Kamakshi Tours And Travels,Non A/C Seater / Sleeper (2+1),21:30,06h 45m,04:15,4.2,700.0,7,6.8
232,233,Hyderabad to Narasaraopet,https://www.redbus.in/bus-tickets/hyderabad-to-narsaraopet,7,Kaveri Travels,A/C Sleeper (2+1),21:30,07h 10m,04:40,3.9,1050.0,16,7.2
233,234,Hyderabad to Narasaraopet,https://www.redbus.in/bus-tickets/hyderabad-to-narsaraopet,7,Kaveri Travels,Non A/C Seater / Sleeper (2+1),21:30,07h 15m,04:45,3.7,650.0,14,7.2
234,235,Hyderabad to Narasaraopet,https://www.redbus.in/bus-tickets/hyderabad-to-narsaraopet,7,V Kaveri Travels,Non A/C Seater / Sleeper (2+1),21:30,07h 00m,04:30,3.4,700.0,21,7.0
235,236,Hyderabad to Narasaraopet,https://www.redbus.in/bus-tickets/hyderabad-to-narsaraopet,7,Sri Krishna Travels,Non A/C Seater / Sleeper (2+1),21:45,06h 45m,04:30,3.6,700.0,21,6.8
236,237,Cooch Behar (West Bengal) to Malda,https://www.redbus.in/bus-tickets/cooch-behar-west-bengal-to-malda,1,NBSTC-COB-BHP-R1-19:00,Non AC Seater 2+2,19:00,08h 19m,03:19,4.4,338.0,18,8.3
237,238,Kullu to Chandigarh,https://www.redbus.in/bus-tickets/kullu-to-chandigarh,13,HRTC - 725,Ordinary 3+2 Non AC Seater,15:30,07h 00m,22:30,3.9,475.0,37,7.0
238,239,Kullu to Chandigarh,https://www.redbus.in/bus-tickets/kullu-to-chandigarh,13,HRTC - 724,Ordinary 3+2 Non AC Seater,16:00,07h 55m,23:55,3.9,479.0,37,7.9
239,240,Kullu to Chandigarh,https://www.redbus.in/bus-tickets/kullu-to-chandigarh,13,HRTC - 707,A/C Executive (2+3),16:35,08h 45m,01:20,3.9,493.0,42,8.8
240,241,Kullu to Chandigarh,https://www.redbus.in/bus-tickets/kullu-to-chandigarh,13,HRTC - 801,Ordinary 3+2 Non AC Seater,16:45,07h 30m,00:15,3.9,462.0,37,7.5
241,242,Kullu to Chandigarh,https://www.redbus.in/bus-tickets/kullu-to-chandigarh,13,HRTC - 776,Ordinary 3+2 Non AC Seater,17:00,06h 30m,23:30,3.9,477.0,37,6.5
242,243,Kullu to Chandigarh,https://www.redbus.in/bus-tickets/kullu-to-chandigarh,13,HRTC - 11,Himsuta AC Seater Volvo/Scania 2+2,17:30,06h 31m,00:01,3.9,775.0,35,6.5
243,244,Kullu to Chandigarh,https://www.redbus.in/bus-tickets/kullu-to-chandigarh,13,HRTC - 754,Ordinary 3+2 Non AC Seater,17:45,09h 15m,03:00,3.9,456.0,36,9.2
244,245,Kullu to Chandigarh,https://www.redbus.in/bus-tickets/kullu-to-chandigarh,13,HRTC - 49,Himsuta AC Seater Volvo/Scania 2+2,18:00,08h 00m,02:00,3.3,793.0,35,8.0
245,246,Kullu to Chandigarh,https://www.redbus.in/bus-tickets/kullu-to-chandigarh,13,HRTC - 788,Ordinary 3+2 Non AC Seater,18:20,09h 10m,03:30,3.9,457.0,33,9.2
246,247,Kullu to Chandigarh,https://www.redbus.in/bus-tickets/kullu-to-chandigarh,13,HRTC - 736,Himsuta AC Seater Volvo/Scania 2+2,18:30,06h 30m,01:00,3.9,775.0,35,6.5
247,248,Kullu to Chandigarh,https://www.redbus.in/bus-tickets/kullu-to-chandigarh,13,City Land Travels,Volvo A/C Semi Sleeper (2+2),15:20,05h 40m,21:00,3.6,529.0,33,5.7
248,249,Kullu to Chandigarh,https://www.redbus.in/bus-tickets/kullu-to-chandigarh,13,City Land Travels,Volvo A/C Semi Sleeper (2+2),15:40,05h 50m,21:30,4.4,529.0,33,5.8
249,250,Kullu to Chandigarh,https://www.redbus.in/bus-tickets/kullu-to-chandigarh,13,City Land Travels,Volvo A/C Semi Sleeper (2+2),16:10,06h 10m,22:20,4.4,529.0,41,6.2
250,251,Kullu to Chandigarh,https://www.redbus.in/bus-tickets/kullu-to-chandigarh,13,Laxmi holidays,Volvo 9600 A/C Semi Sleeper (2+2),16:45,06h 15m,23:00,4.5,499.0,21,6.2
251,252,Kullu to Chandigarh,https://www.redbus.in/bus-tickets/kullu-to-chandigarh,13,IntrCity SmartBus,Volvo 9600 A/C Semi Sleeper (2+2),18:05,06h 10m,00:15,4.4,613.0,40,6.2
252,253,Kullu to Chandigarh,https://www.redbus.in/bus-tickets/kullu-to-chandigarh,13,City Land Travels,Volvo A/C Semi Sleeper (2+2),18:10,06h 20m,00:30,3.6,765.0,26,6.3
253,254,Kullu to Chandigarh,https://www.redbus.in/bus-tickets/kullu-to-chandigarh,13,Zingbus Plus,Scania Multi-Axle AC Seater (2+2),18:15,05h 50m,00:05,4.3,890.0,37,5.8
254,255,Kullu to Chandigarh,https://www.redbus.in/bus-tickets/kullu-to-chandigarh,13,Subh Yatri Holidays,Volvo A/C Semi Sleeper (2+2),18:20,05h 35m,23:55,3.5,700.0,31,5.6
255,256,Kullu to Chandigarh,https://www.redbus.in/bus-tickets/kullu-to-chandigarh,13,Subh Yatri Holidays,Volvo A/C Semi Sleeper (2+2),18:20,05h 35m,23:55,3.5,773.0,33,5.6
256,257,Kullu to Chandigarh,https://www.redbus.in/bus-tickets/kullu-to-chandigarh,13,Zingbus Plus,Volvo A/C Semi Sleeper (2+2),18:40,06h 00m,00:40,3.5,427.0,30,6.0
257,258,Delhi to Bareilly,https://www.redbus.in/bus-tickets/delhi-to-bareilly,2,UPSRTC - STD0147,Ordinary Non AC Seater 2+3,16:00,07h 15m,23:15,3.3,448.0,52,7.2
258,259,Delhi to Bareilly,https://www.redbus.in/bus-tickets/delhi-to-bareilly,2,UPSRTC - HDD0085,Ordinary Non AC Seater 2+3,16:06,08h 19m,00:25,3.3,444.0,52,8.3
259,260,Delhi to Bareilly,https://www.redbus.in/bus-tickets/delhi-to-bareilly,2,UPSRTC - BLY0148,Rajdhani Non AC Seater 2+3,17:00,05h 00m,22:00,3.3,448.0,52,5.0
260,261,Delhi to Bareilly,https://www.redbus.in/bus-tickets/delhi-to-bareilly,2,UPSRTC - HDD0090,Ordinary Non AC Seater 2+3,17:04,09h 46m,02:50,3.3,444.0,52,9.8
261,262,Delhi to Bareilly,https://www.redbus.in/bus-tickets/delhi-to-bareilly,2,UPSRTC - KSB0070,Shatabdi AC Seater 2+2,17:32,05h 28m,23:00,3.3,598.0,37,5.5
262,263,Delhi to Bareilly,https://www.redbus.in/bus-tickets/delhi-to-bareilly,2,UPSRTC - HDD0082,Ordinary Non AC Seater 2+3,18:02,05h 25m,23:27,3.3,450.0,52,5.4
263,264,Delhi to Bareilly,https://www.redbus.in/bus-tickets/delhi-to-bareilly,2,UPSRTC - RKD0137,Shatabdi AC Seater 2+2,18:05,05h 00m,23:05,2.8,598.0,37,5.0
264,265,Delhi to Bareilly,https://www.redbus.in/bus-tickets/delhi-to-bareilly,2,UPSRTC - HDD0092,Ordinary Non AC Seater 2+3,18:20,05h 42m,00:02,3.3,415.0,52,5.7
265,266,Delhi to Bareilly,https://www.redbus.in/bus-tickets/delhi-to-bareilly,2,UPSRTC - HDD0006,Janrath AC Seater 2+2,18:30,06h 30m,01:00,3.3,602.0,36,6.5
266,267,Delhi to Bareilly,https://www.redbus.in/bus-tickets/delhi-to-bareilly,2,UPSRTC - HDD0113,Rajdhani Non AC Seater 2+3,18:31,06h 29m,01:00,3.3,444.0,51,6.5
267,268,Delhi to Bareilly,https://www.redbus.in/bus-tickets/delhi-to-bareilly,2,UPSRTC - SBD0030,Pink Express AC Seater 2+2,19:00,06h 00m,01:00,3.3,598.0,40,6.0
268,269,Delhi to Bareilly,https://www.redbus.in/bus-tickets/delhi-to-bareilly,2,UPSRTC - RKD0113,Janrath AC Seater 2+2,19:01,05h 30m,00:31,1.6,598.0,36,5.5
269,270,Delhi to Bareilly,https://www.redbus.in/bus-tickets/delhi-to-bareilly,2,UPSRTC - SBD0110,Pink Express AC Seater 2+2,19:01,05h 59m,01:00,3.3,598.0,41,6.0
270,271,Delhi to Bareilly,https://www.redbus.in/bus-tickets/delhi-to-bareilly,2,UPSRTC - PLB0056,Rajdhani Non AC Seater 2+3,19:01,05h 59m,01:00,3.3,454.0,51,6.0
271,272,Delhi to Bareilly,https://www.redbus.in/bus-tickets/delhi-to-bareilly,2,UPSRTC - HDD0145,Ordinary Non AC Seater 2+3,19:02,08h 08m,03:10,3.3,450.0,52,8.1
272,273,Delhi to Bareilly,https://www.redbus.in/bus-tickets/delhi-to-bareilly,2,UPSRTC - HDD0095,Ordinary Non AC Seater 2+3,19:02,07h 43m,02:45,3.3,444.0,52,7.7
273,274,Delhi to Bareilly,https://www.redbus.in/bus-tickets/delhi-to-bareilly,2,UPSRTC - HDD0069,Ordinary Non AC Seater 2+3,19:29,04h 11m,23:40,3.3,450.0,52,4.2
274,275,Delhi to Bareilly,https://www.redbus.in/bus-tickets/delhi-to-bareilly,2,UPSRTC - HDD0031,Ordinary Non AC Seater 2+3,19:45,07h 25m,03:10,3.3,450.0,52,7.4
275,276,Delhi to Bareilly,https://www.redbus.in/bus-tickets/delhi-to-bareilly,2,UPSRTC - KSB0089,Shatabdi AC Seater 2+2,19:46,05h 45m,01:31,3.3,598.0,37,5.8
276,277,Delhi to Bareilly,https://www.redbus.in/bus-tickets/delhi-to-bareilly,2,UPSRTC - HDD0105,Rajdhani Non AC Seater 2+3,20:00,05h 41m,01:41,3.3,450.0,51,5.7
277,278,Delhi to Bareilly,https://www.redbus.in/bus-tickets/delhi-to-bareilly,2,UPSRTC - LKM0400,Shatabdi AC Seater 2+2,20:02,05h 28m,01:30,3.3,604.0,37,5.5
278,279,Delhi to Bareilly,https://www.redbus.in/bus-tickets/delhi-to-bareilly,2,UPSRTC - AWD0240,Janrath AC Seater 2+3,20:02,06h 13m,02:15,3.3,520.0,48,6.2
279,280,Delhi to Bareilly,https://www.redbus.in/bus-tickets/delhi-to-bareilly,2,UPSRTC - HDD0147,Ordinary Non AC Seater 2+3,20:03,05h 58m,02:01,3.3,444.0,52,6.0
280,281,Delhi to Bareilly,https://www.redbus.in/bus-tickets/delhi-to-bareilly,2,UPSRTC - KSB0039,Janrath AC Seater 2+2,20:45,05h 00m,01:45,1.6,598.0,36,5.0
281,282,Delhi to Bareilly,https://www.redbus.in/bus-tickets/delhi-to-bareilly,2,UPSRTC - RKD0153,Ordinary Non AC Seater 2+3,21:00,05h 30m,02:30,3.3,448.0,52,5.5
282,283,Delhi to Bareilly,https://www.redbus.in/bus-tickets/delhi-to-bareilly,2,UPSRTC - SJP0210,Ordinary Non AC Seater 2+3,21:12,05h 34m,02:46,3.3,454.0,52,5.6
283,284,Delhi to Bareilly,https://www.redbus.in/bus-tickets/delhi-to-bareilly,2,UPSRTC - RKD0125,Shatabdi AC Seater 2+2,21:22,05h 00m,02:22,3.1,598.0,37,5.0
284,285,Delhi to Bareilly,https://www.redbus.in/bus-tickets/delhi-to-bareilly,2,UPSRTC - SBD0111,Pink Express AC Seater 2+2,21:31,05h 29m,03:00,3.3,598.0,41,5.5
285,286,Delhi to Bareilly,https://www.redbus.in/bus-tickets/delhi-to-bareilly,2,UPSRTC - BLY0141,Shatabdi AC Seater 2+2,22:00,05h 30m,03:30,2.5,598.0,37,5.5
286,287,Delhi to Bareilly,https://www.redbus.in/bus-tickets/delhi-to-bareilly,2,UPSRTC - PLB0009,Shatabdi AC Seater 2+2,22:16,05h 34m,03:50,3.8,598.0,36,5.6
287,288,Delhi to Bareilly,https://www.redbus.in/bus-tickets/delhi-to-bareilly,2,UPSRTC - SBD0092,Janrath AC Seater 2+2,22:30,05h 20m,03:50,3.3,598.0,36,5.3
288,289,Delhi to Bareilly,https://www.redbus.in/bus-tickets/delhi-to-bareilly,2,UPSRTC - BLY0119,Shatabdi AC Seater 2+2,22:31,05h 29m,04:00,2.2,598.0,37,5.5
289,290,Delhi to Bareilly,https://www.redbus.in/bus-tickets/delhi-to-bareilly,2,UPSRTC - BLY0138,Janrath AC Seater 2+2,23:02,05h 58m,05:00,4.6,598.0,36,6.0
290,291,Delhi to Bareilly,https://www.redbus.in/bus-tickets/delhi-to-bareilly,2,UPSRTC - KSB0091,Shatabdi AC Seater 2+2,23:16,06h 00m,05:16,3.3,598.0,37,6.0
291,292,Delhi to Bareilly,https://www.redbus.in/bus-tickets/delhi-to-bareilly,2,UPSRTC - BLY0153,Janrath AC Seater 2+2,23:30,04h 30m,04:00,3.3,598.0,52,4.5
292,293,Delhi to Bareilly,https://www.redbus.in/bus-tickets/delhi-to-bareilly,2,UPSRTC - PLB0005,Shatabdi AC Seater 2+2,23:45,04h 50m,04:35,3.3,598.0,37,4.8
293,294,Delhi to Bareilly,https://www.redbus.in/bus-tickets/delhi-to-bareilly,2,UPSRTC - RKD0120,Shatabdi AC Seater 2+2,23:58,05h 02m,05:00,3.7,598.0,35,5.0
294,295,Delhi to Bareilly,https://www.redbus.in/bus-tickets/delhi-to-bareilly,2,New Khaira Transport,A/C Seater / Sleeper (2+2),21:00,06h 30m,03:30,2.0,450.0,14,6.5
295,296,Delhi to Bareilly,https://www.redbus.in/bus-tickets/delhi-to-bareilly,2,New Khaira Transport,A/C Seater / Sleeper (2+1),20:40,06h 50m,03:30,2.0,700.0,4,6.8
296,297,Delhi to Bareilly,https://www.redbus.in/bus-tickets/delhi-to-bareilly,2,R S YADAV SMART BUS PRIVATE LIMITED,VE A/C Sleeper (2+1),22:15,06h 00m,04:15,3.9,759.0,28,6.0
297,298,Delhi to Bareilly,https://www.redbus.in/bus-tickets/delhi-to-bareilly,2,New Khaira TPT,AC Sleeper (2+1),20:30,06h 20m,02:50,3.3,900.0,17,6.3
298,299,Delhi to Bareilly,https://www.redbus.in/bus-tickets/delhi-to-bareilly,2,Rahul Travels,AshokLeyland Stile A/C,21:00,05h 30m,02:30,1.9,826.0,16,5.5
299,300,Delhi to Bareilly,https://www.redbus.in/bus-tickets/delhi-to-bareilly,2,Jaiswal Tour and Travels,A/C Seater/Sleeper (2+1),20:30,06h 00m,02:30,1.7,700.0,37,6.0
300,301,Delhi to Bareilly,https://www.redbus.in/bus-tickets/delhi-to-bareilly,2,Rahul Travels,AshokLeyland Stile A/C,21:30,06h 00m,03:30,1.7,826.0,19,6.0
301,302,Delhi to Bareilly,https://www.redbus.in/bus-tickets/delhi-to-bareilly,2,New Khaira TPT,A/C Seater / Sleeper (2+2),21:00,06h 00m,03:00,3.3,550.0,11,6.0
302,303,Delhi to Bareilly,https://www.redbus.in/bus-tickets/delhi-to-bareilly,2,Jaiswal Tour and Travels,A/C Sleeper (2+1),20:45,06h 00m,02:45,1.7,1650.0,30,6.0
303,304,Delhi to Bareilly,https://www.redbus.in/bus-tickets/delhi-to-bareilly,2,Jaiswal Tour and Travels,A/C Sleeper (2+1),21:00,06h 00m,03:00,1.7,1200.0,29,6.0
304,305,Hyderabad to Ongole,https://www.redbus.in/bus-tickets/hyderabad-to-ongole,7,APSRTC - 5151,STAR LINER(NON-AC SLEEPER 2+1),18:00,09h 15m,03:15,3.9,677.0,2,9.2
305,306,Hyderabad to Ongole,https://www.redbus.in/bus-tickets/hyderabad-to-ongole,7,APSRTC - 5870,Super Luxury (Non AC Seater 2+2 Push Back),18:30,09h 30m,04:00,3.6,522.0,2,9.5
306,307,Hyderabad to Ongole,https://www.redbus.in/bus-tickets/hyderabad-to-ongole,7,APSRTC - 5070,Super Luxury (Non AC Seater 2+2 Push Back),18:45,08h 30m,03:15,4.0,556.0,3,8.5
307,308,Hyderabad to Ongole,https://www.redbus.in/bus-tickets/hyderabad-to-ongole,7,APSRTC - 48821,Super Luxury (Non AC Seater 2+2 Push Back),19:00,09h 15m,04:15,4.1,522.0,5,9.2
308,309,Hyderabad to Ongole,https://www.redbus.in/bus-tickets/hyderabad-to-ongole,7,APSRTC - 5054,Super Luxury (Non AC Seater 2+2 Push Back),19:15,09h 45m,05:00,3.7,524.0,3,9.8
309,310,Hyderabad to Ongole,https://www.redbus.in/bus-tickets/hyderabad-to-ongole,7,APSRTC - 5994,Super Luxury (Non AC Seater 2+2 Push Back),19:30,10h 15m,05:45,3.5,522.0,2,10.2
310,311,Hyderabad to Ongole,https://www.redbus.in/bus-tickets/hyderabad-to-ongole,7,APSRTC - 5181,Super Luxury (Non AC Seater 2+2 Push Back),19:40,09h 00m,04:40,3.5,524.0,5,9.0
311,312,Hyderabad to Ongole,https://www.redbus.in/bus-tickets/hyderabad-to-ongole,7,APSRTC - 5922,Super Luxury (Non AC Seater 2+2 Push Back),19:45,09h 05m,04:50,3.5,522.0,1,9.1
312,313,Hyderabad to Ongole,https://www.redbus.in/bus-tickets/hyderabad-to-ongole,7,APSRTC - 5916,Super Luxury (Non AC Seater 2+2 Push Back),19:50,09h 10m,05:00,3.0,572.0,2,9.2
313,314,Hyderabad to Ongole,https://www.redbus.in/bus-tickets/hyderabad-to-ongole,7,APSRTC - 5906,INDRA(A.C. Seater),20:00,09h 30m,05:30,4.2,632.0,7,9.5
314,315,Hyderabad to Ongole,https://www.redbus.in/bus-tickets/hyderabad-to-ongole,7,Sri Vengamamba Bus Transport (SVBT),A/C Seater / Sleeper (2+1),21:45,08h 30m,06:15,4.7,690.0,11,8.5
315,316,Hyderabad to Ongole,https://www.redbus.in/bus-tickets/hyderabad-to-ongole,7,Sri Vengamamba Bus Transport (SVBT),A/C Sleeper (2+1),21:40,08h 35m,06:15,4.4,1055.0,9,8.6
316,317,Hyderabad to Ongole,https://www.redbus.in/bus-tickets/hyderabad-to-ongole,7,V Kaveri Travels,Volvo Multi-Axle A/C Sleeper (2+1),21:30,08h 15m,05:45,4.2,1150.0,15,8.2
317,318,Hyderabad to Ongole,https://www.redbus.in/bus-tickets/hyderabad-to-ongole,7,Kaveri Travels,Volvo Multi Axle A/C Sleeper I-Shift B11R (2+1),22:30,07h 16m,05:46,4.2,1220.0,13,7.3
318,319,Hyderabad to Ongole,https://www.redbus.in/bus-tickets/hyderabad-to-ongole,7,Chandu Travels,A/C Sleeper (2+1),22:15,07h 30m,05:45,4.1,915.0,3,7.5
319,320,Hyderabad to Ongole,https://www.redbus.in/bus-tickets/hyderabad-to-ongole,7,Kamakshi Tours And Travels,Non A/C Seater / Sleeper (2+1),21:30,08h 30m,06:00,4.1,700.0,7,8.5
320,321,Hyderabad to Ongole,https://www.redbus.in/bus-tickets/hyderabad-to-ongole,7,Sri Krishna Travels,A/C Sleeper (2+1),22:30,07h 00m,05:30,3.9,1300.0,10,7.0
321,322,Hyderabad to Ongole,https://www.redbus.in/bus-tickets/hyderabad-to-ongole,7,Kaveri Travels,A/C Sleeper (2+1),21:30,09h 00m,06:30,3.5,1050.0,12,9.0
322,323,Hyderabad to Ongole,https://www.redbus.in/bus-tickets/hyderabad-to-ongole,7,Sri Krishna Travels,NON A/C Semi Sleeper / Sleeper (2+1),22:00,07h 30m,05:30,3.4,700.0,12,7.5
323,324,Hyderabad to Ongole,https://www.redbus.in/bus-tickets/hyderabad-to-ongole,7,Orange Tours And Travels,NON A/C Seater/ Sleeper (2+1),22:30,07h 55m,06:25,3.3,900.0,7,7.9
324,325,Lucknow to Gopalganj (Bihar),https://www.redbus.in/bus-tickets/lucknow-to-gopalganj,14,Bihar state road transport corporation (BSRTC) - 152185,Volvo AC Seater 2+2,23:00,08h 00m,07:00,3.1,700.0,8,8.0
325,326,Lucknow to Gopalganj (Bihar),https://www.redbus.in/bus-tickets/lucknow-to-gopalganj,14,Samay Shatabdi Travels Pvt Ltd,AC Sleeper (2+1),21:00,06h 45m,03:45,4.4,999.0,21,6.8
326,327,Lucknow to Gopalganj (Bihar),https://www.redbus.in/bus-tickets/lucknow-to-gopalganj,14,MISHRA BANDHU BUS SERVICE,A/C Seater / Sleeper (2+1),21:30,07h 30m,05:00,3.9,799.0,21,7.5
327,328,Lucknow to Gopalganj (Bihar),https://www.redbus.in/bus-tickets/lucknow-to-gopalganj,14,Panwar Travels,A/C Seater / Sleeper (2+1),21:30,06h 35m,04:05,2.8,750.0,32,6.6
328,329,Lucknow to Gopalganj (Bihar),https://www.redbus.in/bus-tickets/lucknow-to-gopalganj,14,Maan Travels,NON AC Seater / Sleeper 2+1,23:55,10h 35m,10:30,1.6,1050.0,41,10.6
329,330,Delhi to Kotdwar (Uttarakhand),https://www.redbus.in/bus-tickets/delhi-to-kotdwar,2,UPSRTC - NJB0115,Ordinary Non AC Seater 2+3,16:05,06h 30m,22:35,3.3,379.0,52,6.5
330,331,Delhi to Kotdwar (Uttarakhand),https://www.redbus.in/bus-tickets/delhi-to-kotdwar,2,UPSRTC - HPR0042,Ordinary Non AC Seater 2+3,17:00,06h 00m,23:00,3.3,379.0,51,6.0
331,332,Delhi to Kotdwar (Uttarakhand),https://www.redbus.in/bus-tickets/delhi-to-kotdwar,2,UPSRTC - NJB0111,Ordinary Non AC Seater 2+3,18:01,06h 49m,00:50,3.3,379.0,52,6.8
332,333,Delhi to Kotdwar (Uttarakhand),https://www.redbus.in/bus-tickets/delhi-to-kotdwar,2,UPSRTC - GRH0086,Ordinary Non AC Seater 2+3,19:20,07h 55m,03:15,3.1,368.0,52,7.9
333,334,Delhi to Kotdwar (Uttarakhand),https://www.redbus.in/bus-tickets/delhi-to-kotdwar,2,UPSRTC - NJB0121,Ordinary Non AC Seater 2+3,20:20,07h 20m,03:40,3.3,379.0,52,7.3
334,335,Siliguri to Malda,https://www.redbus.in/bus-tickets/siliguri-to-malda,12,SBSTC-SILIGURI - ASANSOL - 2/2 - VIA - MALDA - 16:00 (AS - 3810,Non AC Seater (2+2),16:00,08h 00m,00:00,3.8,225.0,19,8.0
335,336,Siliguri to Malda,https://www.redbus.in/bus-tickets/siliguri-to-malda,12,Shyamoli Paribahan Pvt Ltd,Scania Multi-Axle AC Semi Sleeper (2+2),18:20,05h 00m,23:20,3.8,500.0,53,5.0
336,337,Siliguri to Malda,https://www.redbus.in/bus-tickets/siliguri-to-malda,12,Lokenath Bus Service,Volvo Multi-Axle A/C Seater/Sleeper (2+1),18:45,05h 10m,23:55,4.7,749.0,39,5.2
337,338,Siliguri to Malda,https://www.redbus.in/bus-tickets/siliguri-to-malda,12,Express Line,Volvo 9600 Multi-Axle A/C Sleeper (2+1),18:30,05h 15m,23:45,4.6,999.0,26,5.2
338,339,Siliguri to Malda,https://www.redbus.in/bus-tickets/siliguri-to-malda,12,Greenline,Volvo 9600 Multi-Axle A/C Sleeper (2+1),19:00,04h 59m,23:59,5.0,1100.0,27,5.0
339,340,Tezpur to North Lakhimpur,https://www.redbus.in/bus-tickets/tezpur-to-north-lakhimpur,3,DESTINY TRAVELS,NON A/C Seater (2+1),23:30,04h 15m,03:45,1.8,437.0,26,4.2
340,341,Chandigarh to Pathankot,https://www.redbus.in/bus-tickets/chandigarh-to-pathankot,8,HRTC - 1517,Ordinary 3+2 Non AC Seater,15:35,07h 30m,23:05,2.4,426.0,32,7.5
341,342,Chandigarh to Pathankot,https://www.redbus.in/bus-tickets/chandigarh-to-pathankot,8,HRTC - 215,Ordinary 3+2 Non AC Seater,22:30,08h 00m,06:30,3.9,505.0,27,8.0
342,343,Chandigarh to Pathankot,https://www.redbus.in/bus-tickets/chandigarh-to-pathankot,8,Orbit Aviation Pvt. Ltd.,A/C Seater (2+2),16:00,04h 40m,20:40,3.7,700.0,38,4.7
343,344,Chandigarh to Pathankot,https://www.redbus.in/bus-tickets/chandigarh-to-pathankot,8,Khurana Bus Service,Volvo A/C (2+2),16:25,05h 05m,21:30,3.4,550.0,20,5.1
344,345,Chandigarh to Pathankot,https://www.redbus.in/bus-tickets/chandigarh-to-pathankot,8,Orbit Aviation Pvt. Ltd.,Mercedes Multi-Axle Semi Sleeper (2+2),17:25,04h 10m,21:35,3.7,449.0,31,4.2
345,346,Chandigarh to Pathankot,https://www.redbus.in/bus-tickets/chandigarh-to-pathankot,8,Orbit Aviation Pvt. Ltd.,Mercedes Multi-Axle Semi Sleeper (2+2),17:25,04h 10m,21:35,3.7,449.0,24,4.2
346,347,Chandigarh to Pathankot,https://www.redbus.in/bus-tickets/chandigarh-to-pathankot,8,New Pal Travels,A/C Sleeper (2+1),19:30,07h 00m,02:30,3.6,584.0,14,7.0
347,348,Chandigarh to Pathankot,https://www.redbus.in/bus-tickets/chandigarh-to-pathankot,8,Jamna Travels-Jammu,AshokLeyland Stile A/C,20:15,05h 15m,01:30,4.0,509.0,10,5.2
348,349,Chandigarh to Pathankot,https://www.redbus.in/bus-tickets/chandigarh-to-pathankot,8,Baru travels,A/C Seater / Sleeper (2+2),20:45,05h 15m,02:00,3.9,399.0,40,5.2
349,350,Chandigarh to Pathankot,https://www.redbus.in/bus-tickets/chandigarh-to-pathankot,8,SAHARA TRAVELS,A/C Seater / Sleeper (2+2),21:15,05h 30m,02:45,3.0,449.0,38,5.5
350,351,Chandigarh to Pathankot,https://www.redbus.in/bus-tickets/chandigarh-to-pathankot,8,Moon Light Travels Katra,A/C Sleeper (2+1),21:15,04h 45m,02:00,3.9,584.0,24,4.8
351,352,Chandigarh to Pathankot,https://www.redbus.in/bus-tickets/chandigarh-to-pathankot,8,Awadh Travels,A/C Sleeper (2+1),21:15,04h 45m,02:00,3.8,599.0,36,4.8
352,353,Siliguri to Kolkata,https://www.redbus.in/bus-tickets/siliguri-to-kolkata,12,NBSTC-SLG-KOL-R1-18:30,NON A/C Seater Push Back (2+2),18:30,12h 00m,06:30,4.0,486.0,2,12.0
353,354,Siliguri to Kolkata,https://www.redbus.in/bus-tickets/siliguri-to-kolkata,12,EASY RIDE,Volvo 9600 Multi-Axle A/C Sleeper (2+1),18:45,12h 40m,07:25,4.8,1500.0,9,12.7
354,355,Siliguri to Kolkata,https://www.redbus.in/bus-tickets/siliguri-to-kolkata,12,Shyamoli Paribahan Pvt Ltd,Volvo 9600 A/C Seater/Sleeper (2+1),18:30,12h 50m,07:20,4.5,1200.0,19,12.8
355,356,Siliguri to Kolkata,https://www.redbus.in/bus-tickets/siliguri-to-kolkata,12,Express Line,Volvo 9600 Multi-Axle A/C Sleeper (2+1),18:30,12h 40m,07:10,4.5,1499.0,21,12.7
356,357,Siliguri to Kolkata,https://www.redbus.in/bus-tickets/siliguri-to-kolkata,12,Lokenath Bus Service,Volvo 9600 Multi-Axle A/C Sleeper (2+1),19:15,12h 30m,07:45,4.5,1500.0,26,12.5
357,358,Calangute (goa) to Goa,https://www.redbus.in/bus-tickets/calangute-goa-to-goa,10,Kadamba Transport Corporation Limited (KTCL) - 99718,AC Seater (2+2),15:30,00h 31m,16:01,3.7,100.0,41,0.5
358,359,Haridwar to Chandigarh,https://www.redbus.in/bus-tickets/haridwar-to-chandigarh,8,HRTC - 1236,Ordinary 3+2 Non AC Seater,15:40,08h 21m,00:01,3.9,309.0,37,8.3
359,360,Haridwar to Chandigarh,https://www.redbus.in/bus-tickets/haridwar-to-chandigarh,8,HRTC - 1212,A/C Executive (2+3),16:00,05h 58m,21:58,2.1,383.0,40,6.0
360,361,Haridwar to Chandigarh,https://www.redbus.in/bus-tickets/haridwar-to-chandigarh,8,HRTC - 1216,Ordinary 3+2 Non AC Seater,16:30,09h 15m,01:45,3.9,388.0,37,9.2
361,362,Haridwar to Chandigarh,https://www.redbus.in/bus-tickets/haridwar-to-chandigarh,8,HRTC - 1234,Ordinary 3+2 Non AC Seater,16:45,07h 10m,23:55,3.9,306.0,37,7.2
362,363,Haridwar to Chandigarh,https://www.redbus.in/bus-tickets/haridwar-to-chandigarh,8,HRTC - 1215,Ordinary 3+2 Non AC Seater,17:00,06h 05m,23:05,3.9,304.0,37,6.1
363,364,Haridwar to Chandigarh,https://www.redbus.in/bus-tickets/haridwar-to-chandigarh,8,HRTC - 44,Himsuta AC Seater Volvo/Scania 2+2,17:00,05h 10m,22:10,3.9,944.0,5,5.2
364,365,Haridwar to Chandigarh,https://www.redbus.in/bus-tickets/haridwar-to-chandigarh,8,HRTC - 1229,Ordinary 3+2 Non AC Seater,17:15,07h 15m,00:30,3.9,304.0,37,7.2
365,366,Haridwar to Chandigarh,https://www.redbus.in/bus-tickets/haridwar-to-chandigarh,8,HRTC - 1232,Ordinary 3+2 Non AC Seater,17:30,09h 00m,02:30,3.9,401.0,37,9.0
366,367,Haridwar to Chandigarh,https://www.redbus.in/bus-tickets/haridwar-to-chandigarh,8,HRTC - 1217,Ordinary 3+2 Non AC Seater,17:30,05h 45m,23:15,3.9,309.0,31,5.8
367,368,Haridwar to Chandigarh,https://www.redbus.in/bus-tickets/haridwar-to-chandigarh,8,HRTC - 1233,Himsuta AC Seater Volvo/Scania 2+2,18:00,05h 25m,23:25,3.9,874.0,34,5.4
368,369,Haridwar to Chandigarh,https://www.redbus.in/bus-tickets/haridwar-to-chandigarh,8,HRTC - 1219,Ordinary 3+2 Non AC Seater,18:30,05h 55m,00:25,3.9,309.0,37,5.9
369,370,Haridwar to Chandigarh,https://www.redbus.in/bus-tickets/haridwar-to-chandigarh,8,HRTC - 1345,Ordinary 3+2 Non AC Seater,18:40,05h 30m,00:10,3.9,289.0,37,5.5
370,371,Haridwar to Chandigarh,https://www.redbus.in/bus-tickets/haridwar-to-chandigarh,8,HRTC - 1220,Ordinary 3+2 Non AC Seater,19:00,06h 00m,01:00,3.9,309.0,36,6.0
371,372,Haridwar to Chandigarh,https://www.redbus.in/bus-tickets/haridwar-to-chandigarh,8,HRTC - 1221,Ordinary 3+2 Non AC Seater,19:30,06h 00m,01:30,3.9,309.0,37,6.0
372,373,Haridwar to Chandigarh,https://www.redbus.in/bus-tickets/haridwar-to-chandigarh,8,HRTC - 1222,Ordinary 3+2 Non AC Seater,19:45,05h 55m,01:40,3.9,300.0,37,5.9
373,374,Haridwar to Chandigarh,https://www.redbus.in/bus-tickets/haridwar-to-chandigarh,8,HRTC - 1223,Ordinary 3+2 Non AC Seater,20:00,05h 30m,01:30,3.9,319.0,37,5.5
374,375,Haridwar to Chandigarh,https://www.redbus.in/bus-tickets/haridwar-to-chandigarh,8,HRTC - 1224,Ordinary 3+2 Non AC Seater,20:15,07h 00m,03:15,3.9,391.0,27,7.0
375,376,Haridwar to Chandigarh,https://www.redbus.in/bus-tickets/haridwar-to-chandigarh,8,HRTC - 1228,Ordinary 3+2 Non AC Seater,20:30,06h 45m,03:15,3.9,304.0,37,6.8
376,377,Haridwar to Chandigarh,https://www.redbus.in/bus-tickets/haridwar-to-chandigarh,8,HRTC - 1214,Himsuta AC Seater Volvo/Scania 2+2,21:00,06h 00m,03:00,3.9,929.0,33,6.0
377,378,Haridwar to Chandigarh,https://www.redbus.in/bus-tickets/haridwar-to-chandigarh,8,Chandigarh Transport Undertaking (CTU) - 165963,HVAC Seater (2+3),19:50,05h 50m,01:40,3.8,438.9,47,5.8
378,379,Haridwar to Chandigarh,https://www.redbus.in/bus-tickets/haridwar-to-chandigarh,8,Zimindara Travels,AC Sleeper (2+1),17:10,05h 20m,22:30,4.1,649.0,28,5.3
379,380,Haridwar to Chandigarh,https://www.redbus.in/bus-tickets/haridwar-to-chandigarh,8,Laxmi holidays,Bharat Benz A/C Seater /Sleeper (2+1),17:30,05h 20m,22:50,4.6,640.0,23,5.3
380,381,Haridwar to Chandigarh,https://www.redbus.in/bus-tickets/haridwar-to-chandigarh,8,SHRI KRISHNA TRAVELS (JAI SHREE GANESH YATRA CO.),VE A/C Seater / Sleeper (2+1),18:20,05h 10m,23:30,3.9,920.0,9,5.2
381,382,Haridwar to Chandigarh,https://www.redbus.in/bus-tickets/haridwar-to-chandigarh,8,City Land Travels,A/C Sleeper (2+1),20:00,04h 20m,00:20,3.9,500.0,23,4.3
382,383,Haridwar to Chandigarh,https://www.redbus.in/bus-tickets/haridwar-to-chandigarh,8,SHRI KRISHNA TRAVELS (JAI SHREE GANESH YATRA CO.),VE A/C Seater / Sleeper (2+1),22:20,03h 30m,01:50,3.7,849.0,1,3.5
383,384,Haridwar to Chandigarh,https://www.redbus.in/bus-tickets/haridwar-to-chandigarh,8,Vijay Tour and Travels,Bharat Benz A/C Seater /Sleeper (2+1),23:00,04h 30m,03:30,3.5,1017.0,1,4.5
384,385,Haridwar to Chandigarh,https://www.redbus.in/bus-tickets/haridwar-to-chandigarh,8,Vijay Tour and Travels,Bharat Benz A/C Seater /Sleeper (2+1),23:00,03h 30m,02:30,3.5,924.0,1,3.5
385,386,Haridwar to Chandigarh,https://www.redbus.in/bus-tickets/haridwar-to-chandigarh,8,SHRI KRISHNA TRAVELS (JAI SHREE GANESH YATRA CO.),A/C Seater/Sleeper (2+1),23:30,04h 00m,03:30,3.7,899.0,16,4.0
386,387,Haridwar to Chandigarh,https://www.redbus.in/bus-tickets/haridwar-to-chandigarh,8,City Land Travels,Volvo A/C Semi Sleeper (2+2),19:45,05h 30m,01:15,2.4,488.0,31,5.5
387,388,Agra to Lucknow,https://www.redbus.in/bus-tickets/agra-to-lucknow,2,UPSRTC - CBG0006,Janrath AC Seater 2+2,15:30,06h 02m,21:32,4.1,760.0,36,6.0
388,389,Agra to Lucknow,https://www.redbus.in/bus-tickets/agra-to-lucknow,2,UPSRTC - BDV0464,Ordinary Non AC Seater 2+3,16:00,07h 25m,23:25,3.3,527.0,52,7.4
389,390,Agra to Lucknow,https://www.redbus.in/bus-tickets/agra-to-lucknow,2,UPSRTC - TAJ0009,Pink Express AC Seater 2+2,16:30,05h 34m,22:04,3.9,760.0,41,5.6
390,391,Agra to Lucknow,https://www.redbus.in/bus-tickets/agra-to-lucknow,2,UPSRTC - AWD0081,Pink Express AC Seater 2+2,18:00,05h 59m,23:59,1.9,760.0,41,6.0
391,392,Agra to Lucknow,https://www.redbus.in/bus-tickets/agra-to-lucknow,2,UPSRTC - CBG0033,Ordinary Non AC Seater 2+3,18:30,07h 45m,02:15,3.3,429.0,51,7.8
392,393,Agra to Lucknow,https://www.redbus.in/bus-tickets/agra-to-lucknow,2,UPSRTC - TAJ0055,Janrath AC Seater 2+2,19:01,05h 52m,00:53,3.3,760.0,36,5.9
393,394,Agra to Lucknow,https://www.redbus.in/bus-tickets/agra-to-lucknow,2,UPSRTC - AGF0008,Rajdhani Non AC Seater 2+3,20:00,06h 00m,02:00,3.3,527.0,51,6.0
394,395,Agra to Lucknow,https://www.redbus.in/bus-tickets/agra-to-lucknow,2,UPSRTC - AWD0010,Janrath AC Seater 2+2,20:00,06h 13m,02:13,3.3,760.0,36,6.2
395,396,Agra to Lucknow,https://www.redbus.in/bus-tickets/agra-to-lucknow,2,UPSRTC - BDV0079,Janrath AC Seater 2+2,20:30,05h 00m,01:30,3.3,760.0,36,5.0
396,397,Agra to Lucknow,https://www.redbus.in/bus-tickets/agra-to-lucknow,2,UPSRTC - MTH0003,Rajdhani Non AC Seater 2+3,20:30,05h 05m,01:35,3.3,527.0,51,5.1
397,398,Agra to Lucknow,https://www.redbus.in/bus-tickets/agra-to-lucknow,2,RSRTC - 192993,A/C Seater / Sleeper (2+1),23:30,04h 50m,04:20,2.8,891.0,31,4.8
398,399,Agra to Lucknow,https://www.redbus.in/bus-tickets/agra-to-lucknow,2,Raj Kalpana Travels Pvt.ltd.,VE A/C Seater (2+2),14:30,04h 30m,19:00,4.4,599.0,26,4.5
399,400,Agra to Lucknow,https://www.redbus.in/bus-tickets/agra-to-lucknow,2,BT Travels,A/C Seater / Sleeper (2+1),15:20,03h 50m,19:10,4.6,549.0,18,3.8
400,401,Agra to Lucknow,https://www.redbus.in/bus-tickets/agra-to-lucknow,2,Laxmi holidays,VE A/C Seater / Sleeper (2+1),23:40,04h 40m,04:20,4.2,770.0,20,4.7
401,402,Agra to Lucknow,https://www.redbus.in/bus-tickets/agra-to-lucknow,2,Anshi Rajshree Travels,Bharat Benz A/C Sleeper (2+1),01:00,05h 50m,06:50,4.8,832.0,30,5.8
402,403,Agra to Lucknow,https://www.redbus.in/bus-tickets/agra-to-lucknow,2,Laxmi holidays,Bharat Benz A/C Seater /Sleeper (2+1),23:55,05h 05m,05:00,3.9,750.0,19,5.1
403,404,Agra to Lucknow,https://www.redbus.in/bus-tickets/agra-to-lucknow,2,Goyal Travels,A/C Seater / Sleeper (2+1),19:00,05h 40m,00:40,3.1,600.0,11,5.7
404,405,Agra to Lucknow,https://www.redbus.in/bus-tickets/agra-to-lucknow,2,Anshi Raj Shree Travels,A/C Seater/Sleeper (2+1),19:00,04h 59m,23:59,3.9,925.0,1,5.0
405,406,Agra to Lucknow,https://www.redbus.in/bus-tickets/agra-to-lucknow,2,IntrCity SmartBus,A/C Seater / Sleeper (2+1),23:15,04h 30m,03:45,4.1,874.0,18,4.5
406,407,Agra to Lucknow,https://www.redbus.in/bus-tickets/agra-to-lucknow,2,Anshi Raj Shree Travels,Bharat Benz A/C Sleeper (2+1),23:59,05h 16m,05:15,4.1,832.0,12,5.3
407,408,Visakhapatnam to Kakinada,https://www.redbus.in/bus-tickets/visakhapatnam-to-kakinada,7,APSRTC - 2541,Super Luxury (Non AC Seater 2+2 Push Back),15:30,04h 30m,20:00,3.8,281.0,24,4.5
408,409,Visakhapatnam to Kakinada,https://www.redbus.in/bus-tickets/visakhapatnam-to-kakinada,7,APSRTC - 23532,Super Luxury (Non AC Seater 2+2 Push Back),16:00,04h 35m,20:35,4.2,281.0,33,4.6
409,410,Visakhapatnam to Kakinada,https://www.redbus.in/bus-tickets/visakhapatnam-to-kakinada,7,APSRTC - 2201,Super Luxury (Non AC Seater 2+2 Push Back),16:30,04h 30m,21:00,2.1,281.0,34,4.5
410,411,Visakhapatnam to Kakinada,https://www.redbus.in/bus-tickets/visakhapatnam-to-kakinada,7,APSRTC - 3353,Super Luxury (Non AC Seater 2+2 Push Back),16:40,03h 40m,20:20,3.2,281.0,24,3.7
411,412,Visakhapatnam to Kakinada,https://www.redbus.in/bus-tickets/visakhapatnam-to-kakinada,7,APSRTC - 2542,Super Luxury (Non AC Seater 2+2 Push Back),17:00,04h 35m,21:35,3.6,281.0,34,4.6
412,413,Visakhapatnam to Kakinada,https://www.redbus.in/bus-tickets/visakhapatnam-to-kakinada,7,Sri Tulasi Tours and Travels,Non A/C Seater / Sleeper (2+1),22:00,03h 30m,01:30,3.4,699.0,12,3.5
413,414,Visakhapatnam to Kakinada,https://www.redbus.in/bus-tickets/visakhapatnam-to-kakinada,7,Sai RK Travels,Non A/C Seater / Sleeper (2+1),22:40,03h 50m,02:30,4.4,699.0,18,3.8
414,415,Visakhapatnam to Kakinada,https://www.redbus.in/bus-tickets/visakhapatnam-to-kakinada,7,Navayuga Travels,A/C Sleeper (2+1),22:00,04h 10m,02:10,3.5,990.0,17,4.2
415,416,Visakhapatnam to Kakinada,https://www.redbus.in/bus-tickets/visakhapatnam-to-kakinada,7,Morning Star Travels,A/C Sleeper (2+1),21:10,05h 15m,02:25,2.7,1090.0,20,5.2
416,417,Visakhapatnam to Kakinada,https://www.redbus.in/bus-tickets/visakhapatnam-to-kakinada,7,Sai Sree Travels,A/C Sleeper (2+1),22:00,04h 30m,02:30,2.9,1220.0,20,4.5
417,418,Delhi to Etah (Uttar Pradesh),https://www.redbus.in/bus-tickets/delhi-to-etah-up,2,UPSRTC - UNO0030,Ordinary Non AC Seater 2+3,15:40,04h 15m,19:55,3.3,371.0,52,4.2
418,419,Delhi to Etah (Uttar Pradesh),https://www.redbus.in/bus-tickets/delhi-to-etah-up,2,UPSRTC - UNO0004,Ordinary Non AC Seater 2+3,16:00,04h 35m,20:35,3.3,371.0,52,4.6
419,420,Delhi to Etah (Uttar Pradesh),https://www.redbus.in/bus-tickets/delhi-to-etah-up,2,UPSRTC - HDD0252,Ordinary Non AC Seater 2+3,16:01,05h 04m,21:05,3.3,371.0,52,5.1
420,421,Delhi to Etah (Uttar Pradesh),https://www.redbus.in/bus-tickets/delhi-to-etah-up,2,UPSRTC - HDD0166,Ordinary Non AC Seater 2+3,16:27,02h 12m,18:39,3.3,356.0,52,2.2
421,422,Delhi to Etah (Uttar Pradesh),https://www.redbus.in/bus-tickets/delhi-to-etah-up,2,UPSRTC - HDD0023,Ordinary Non AC Seater 2+3,16:35,07h 02m,23:37,3.3,356.0,52,7.0
422,423,Delhi to Etah (Uttar Pradesh),https://www.redbus.in/bus-tickets/delhi-to-etah-up,2,UPSRTC - HDD0254,Ordinary Non AC Seater 2+3,17:01,04h 40m,21:41,3.3,371.0,52,4.7
423,424,Delhi to Etah (Uttar Pradesh),https://www.redbus.in/bus-tickets/delhi-to-etah-up,2,UPSRTC - HDD0074,Ordinary Non AC Seater 2+3,17:05,02h 15m,19:20,3.3,371.0,52,2.2
424,425,Delhi to Etah (Uttar Pradesh),https://www.redbus.in/bus-tickets/delhi-to-etah-up,2,UPSRTC - HDD0157,Ordinary Non AC Seater 2+3,17:30,04h 30m,22:00,3.3,356.0,52,4.5
425,426,Delhi to Etah (Uttar Pradesh),https://www.redbus.in/bus-tickets/delhi-to-etah-up,2,UPSRTC - UNO0005,Ordinary Non AC Seater 2+3,17:30,04h 10m,21:40,1.0,371.0,52,4.2
426,427,Delhi to Etah (Uttar Pradesh),https://www.redbus.in/bus-tickets/delhi-to-etah-up,2,UPSRTC - HDD0255,Ordinary Non AC Seater 2+3,17:58,02h 28m,20:26,3.3,371.0,52,2.5
427,428,Delhi to Etah (Uttar Pradesh),https://www.redbus.in/bus-tickets/delhi-to-etah-up,2,UPSRTC - HDD0079,Ordinary Non AC Seater 2+3,18:05,03h 35m,21:40,3.3,371.0,52,3.6
428,429,Delhi to Etah (Uttar Pradesh),https://www.redbus.in/bus-tickets/delhi-to-etah-up,2,UPSRTC - HDD0171,Ordinary Non AC Seater 2+3,18:06,04h 54m,23:00,3.3,371.0,52,4.9
429,430,Delhi to Etah (Uttar Pradesh),https://www.redbus.in/bus-tickets/delhi-to-etah-up,2,UPSRTC - HDD0035,Ordinary Non AC Seater 2+3,18:32,05h 08m,23:40,3.3,371.0,52,5.1
430,431,Delhi to Etah (Uttar Pradesh),https://www.redbus.in/bus-tickets/delhi-to-etah-up,2,UPSRTC - HDD0038,Ordinary Non AC Seater 2+3,18:33,03h 53m,22:26,3.3,356.0,52,3.9
431,432,Delhi to Etah (Uttar Pradesh),https://www.redbus.in/bus-tickets/delhi-to-etah-up,2,UPSRTC - HDD0159,Ordinary Non AC Seater 2+3,18:59,05h 06m,00:05,3.3,353.0,52,5.1
432,433,Delhi to Etah (Uttar Pradesh),https://www.redbus.in/bus-tickets/delhi-to-etah-up,2,UPSRTC - HDD0025,Ordinary Non AC Seater 2+3,19:00,07h 30m,02:30,3.3,356.0,52,7.5
433,434,Delhi to Etah (Uttar Pradesh),https://www.redbus.in/bus-tickets/delhi-to-etah-up,2,UPSRTC - HDD0111,Ordinary Non AC Seater 2+3,19:03,07h 07m,02:10,3.3,371.0,52,7.1
434,435,Delhi to Etah (Uttar Pradesh),https://www.redbus.in/bus-tickets/delhi-to-etah-up,2,UPSRTC - HDD0174,Ordinary Non AC Seater 2+3,19:06,05h 24m,00:30,3.3,371.0,52,5.4
435,436,Delhi to Etah (Uttar Pradesh),https://www.redbus.in/bus-tickets/delhi-to-etah-up,2,UPSRTC - HDD0163,Ordinary Non AC Seater 2+3,19:32,04h 48m,00:20,3.3,356.0,52,4.8
436,437,Delhi to Etah (Uttar Pradesh),https://www.redbus.in/bus-tickets/delhi-to-etah-up,2,UPSRTC - HDD0131,Ordinary Non AC Seater 2+3,20:07,03h 48m,23:55,3.3,371.0,52,3.8
437,438,Delhi to Etah (Uttar Pradesh),https://www.redbus.in/bus-tickets/delhi-to-etah-up,2,UPSRTC - HDD0173,Ordinary Non AC Seater 2+3,20:16,05h 08m,01:24,3.3,342.0,52,5.1
438,439,Delhi to Etah (Uttar Pradesh),https://www.redbus.in/bus-tickets/delhi-to-etah-up,2,UPSRTC - ETH0045,Ordinary Non AC Seater 2+3,20:30,05h 10m,01:40,3.3,371.0,52,5.2
439,440,Delhi to Etah (Uttar Pradesh),https://www.redbus.in/bus-tickets/delhi-to-etah-up,2,UPSRTC - ARY0006,Ordinary Non AC Seater 2+3,20:30,06h 15m,02:45,3.3,354.0,52,6.2
440,441,Delhi to Etah (Uttar Pradesh),https://www.redbus.in/bus-tickets/delhi-to-etah-up,2,UPSRTC - SBD0107,Janrath AC Seater 2+2,20:31,05h 19m,01:50,3.3,501.0,34,5.3
441,442,Delhi to Etah (Uttar Pradesh),https://www.redbus.in/bus-tickets/delhi-to-etah-up,2,UPSRTC - ETH0075,Ordinary Non AC Seater 2+3,20:31,05h 09m,01:40,3.3,371.0,52,5.2
442,443,Delhi to Etah (Uttar Pradesh),https://www.redbus.in/bus-tickets/delhi-to-etah-up,2,UPSRTC - KSB0072,Janrath AC Seater 2+3,22:02,04h 58m,03:00,3.4,435.0,46,5.0
443,444,Delhi to Etah (Uttar Pradesh),https://www.redbus.in/bus-tickets/delhi-to-etah-up,2,Chaturvedi Bus Service,NON A/C Seater/ Sleeper (2+1),22:00,05h 30m,03:30,2.6,670.0,51,5.5
444,445,Delhi to Etah (Uttar Pradesh),https://www.redbus.in/bus-tickets/delhi-to-etah-up,2,Chaturvedi Bus Service,NON AC Seater / Sleeper 2+1,21:00,05h 30m,02:30,2.6,670.0,45,5.5
445,446,Delhi to Etah (Uttar Pradesh),https://www.redbus.in/bus-tickets/delhi-to-etah-up,2,Chaturvedi Bus Service,NON A/C Seater/ Sleeper (2+1),19:30,08h 30m,04:00,2.6,520.0,51,8.5
446,447,Delhi to Etah (Uttar Pradesh),https://www.redbus.in/bus-tickets/delhi-to-etah-up,2,Chaturvedi Bus Service,A/C Seater / Sleeper (2+1),20:40,07h 20m,04:00,2.6,570.0,48,7.3
447,448,Kolkata to Digha,https://www.redbus.in/bus-tickets/kolkata-to-digha,16,WBTC (CTC) SHYAMBAZAR - DIGHA VIA- ESPLANADE (AC-VOLVO) - 52|14:45,Volvo AC Seater (2+2),14:45,05h 15m,20:00,3.5,370.0,25,5.2
448,449,Kolkata to Digha,https://www.redbus.in/bus-tickets/kolkata-to-digha,16,WBTC (CTC) Belgachia - Digha via Esplanade - 51|14:45,Non AC Seater (2+3),14:45,05h 25m,20:10,3.5,155.0,42,5.4
449,450,Kolkata to Digha,https://www.redbus.in/bus-tickets/kolkata-to-digha,16,WBTC (CTC) KARUNAMOYEE (Salt Lake) -DIGHA - 102|15:25,Non AC Seater (2+3),15:25,04h 20m,19:45,3.5,164.0,52,4.3
450,451,Kolkata to Digha,https://www.redbus.in/bus-tickets/kolkata-to-digha,16,WBTC (CTC) Belgachia - Digha via Esplanade - 51|15:45,Non AC Seater (2+3),15:45,04h 25m,20:10,4.3,145.0,42,4.4
451,452,Kolkata to Digha,https://www.redbus.in/bus-tickets/kolkata-to-digha,16,WBTC (CTC) SHYAMBAZAR - DIGHA VIA- ESPLANADE (AC-VOLVO) - 52|15:45,Volvo AC Seater (2+2),15:45,04h 15m,20:00,3.5,370.0,25,4.2
452,453,Kolkata to Digha,https://www.redbus.in/bus-tickets/kolkata-to-digha,16,WBTC (CTC) Khidderpur - Digha - 97|16:00,Non AC Seater (2+3),16:00,05h 00m,21:00,3.5,151.0,45,5.0
453,454,Kolkata to Digha,https://www.redbus.in/bus-tickets/kolkata-to-digha,16,WBTC (CTC) Khidderpur - Digha - 97|16:45,Non AC Seater (2+3),16:45,04h 15m,21:00,3.1,145.0,44,4.2
454,455,Kolkata to Digha,https://www.redbus.in/bus-tickets/kolkata-to-digha,16,Shyamoli Paribahan Pvt Ltd,VE A/C Seater (2+2),23:30,05h 00m,04:30,4.5,495.0,6,5.0
455,456,Kolkata to Digha,https://www.redbus.in/bus-tickets/kolkata-to-digha,16,Express Line,Volvo 9600 A/C Seater (2+2),23:45,05h 00m,04:45,4.5,584.0,20,5.0
456,457,Kolkata to Digha,https://www.redbus.in/bus-tickets/kolkata-to-digha,16,Maa Chandi Travels,A/C Seater / Sleeper (2+2),22:00,07h 30m,05:30,4.6,370.0,27,7.5
457,458,Kolkata to Digha,https://www.redbus.in/bus-tickets/kolkata-to-digha,16,Shyamoli Paribahan Pvt Ltd,Volvo A/C Seater (2+2),23:45,05h 00m,04:45,4.5,600.0,29,5.0
458,459,Kolkata to Digha,https://www.redbus.in/bus-tickets/kolkata-to-digha,16,Sagufta Travels(Maa Chandi),A/C Seater / Sleeper (2+2),23:57,05h 13m,05:10,4.3,394.0,22,5.2
459,460,Solan to Delhi,https://www.redbus.in/bus-tickets/solan-to-delhi,13,HRTC - 104,A/C Executive (2+3),19:31,08h 59m,04:30,3.0,519.0,41,9.0
460,461,Solan to Delhi,https://www.redbus.in/bus-tickets/solan-to-delhi,13,HRTC - 74,Himsuta AC Seater Volvo/Scania 2+2,21:10,07h 50m,05:00,4.5,721.0,32,7.8
461,462,Solan to Delhi,https://www.redbus.in/bus-tickets/solan-to-delhi,13,HRTC - 3,Himsuta AC Seater Volvo/Scania 2+2,22:30,07h 30m,06:00,4.6,721.0,28,7.5
462,463,Solan to Delhi,https://www.redbus.in/bus-tickets/solan-to-delhi,13,HRTC - 130,Ordinary 3+2 Non AC Seater,22:45,07h 30m,06:15,2.2,404.0,37,7.5
463,464,Solan to Delhi,https://www.redbus.in/bus-tickets/solan-to-delhi,13,HRTC - 35,Himsuta AC Seater Volvo/Scania 2+2,23:00,07h 15m,06:15,3.2,721.0,33,7.2
464,465,Solan to Delhi,https://www.redbus.in/bus-tickets/solan-to-delhi,13,HRTC - 19,Himsuta AC Seater Volvo/Scania 2+2,23:00,07h 00m,06:00,2.5,721.0,30,7.0
465,466,Solan to Delhi,https://www.redbus.in/bus-tickets/solan-to-delhi,13,HRTC - 92,Himsuta AC Seater Volvo/Scania 2+2,23:50,07h 10m,07:00,3.9,721.0,34,7.2
466,467,Solan to Delhi,https://www.redbus.in/bus-tickets/solan-to-delhi,13,HRTC - 136,Ordinary 3+2 Non AC Seater,23:55,06h 35m,06:30,3.9,404.0,27,6.6
467,468,Solan to Delhi,https://www.redbus.in/bus-tickets/solan-to-delhi,13,RSRTC - 192348,Super Luxury Volvo AC Seater Pushback 2+2,17:47,08h 13m,02:00,3.7,910.0,29,8.2
468,469,Solan to Delhi,https://www.redbus.in/bus-tickets/solan-to-delhi,13,Laxmi holidays,Scania Multi-Axle AC Semi Sleeper (2+2),21:30,07h 00m,04:30,4.6,499.0,32,7.0
469,470,Solan to Delhi,https://www.redbus.in/bus-tickets/solan-to-delhi,13,Bedi Travels,Volvo A/C Semi Sleeper (2+2 ),23:00,06h 30m,05:30,4.7,450.0,27,6.5
470,471,Solan to Delhi,https://www.redbus.in/bus-tickets/solan-to-delhi,13,Zingbus Plus,Volvo A/C Semi Sleeper (2+2),21:50,06h 45m,04:35,4.5,494.0,30,6.8
471,472,Solan to Delhi,https://www.redbus.in/bus-tickets/solan-to-delhi,13,Ram Dalal Holidays,Mercedes Multi-Axle Semi Sleeper (2+2),23:35,07h 00m,06:35,4.5,550.0,33,7.0
472,473,Solan to Delhi,https://www.redbus.in/bus-tickets/solan-to-delhi,13,City Land Travels,Volvo A/C Semi Sleeper (2+2),23:45,05h 45m,05:30,4.4,529.0,16,5.8
473,474,Solan to Delhi,https://www.redbus.in/bus-tickets/solan-to-delhi,13,FlixBus,A/C Seater (2+2),21:25,07h 35m,05:00,4.0,619.0,32,7.6
474,475,Agra to Chandigarh,https://www.redbus.in/bus-tickets/agra-to-chandigarh,8,Chandigarh Transport Undertaking (CTU) - 165907,HVAC Seater (2+3),17:00,11h 00m,04:00,3.7,731.43,47,11.0
475,476,Bangalore to Kozhikode,https://www.redbus.in/bus-tickets/bangalore-to-kozhikode,6,KSRTC (Kerala) - 171,Swift Deluxe Non AC Air Bus (2+2),16:16,09h 04m,01:20,3.3,640.0,6,9.1
476,477,Bangalore to Kozhikode,https://www.redbus.in/bus-tickets/bangalore-to-kozhikode,6,KSRTC (Kerala) - 553,Super Express Non AC Seater Air Bus (2+2),16:45,08h 40m,01:25,3.1,640.0,3,8.7
477,478,Bangalore to Kozhikode,https://www.redbus.in/bus-tickets/bangalore-to-kozhikode,6,KSRTC (Kerala) - 51,Swift Deluxe Non AC Air Bus (2+2),19:04,09h 20m,04:24,4.3,640.0,28,9.3
478,479,Bangalore to Kozhikode,https://www.redbus.in/bus-tickets/bangalore-to-kozhikode,6,KSRTC (Kerala) - 789,Super Fast Non AC Seater (2+3),20:00,08h 25m,04:25,3.4,473.0,4,8.4
479,480,Bangalore to Kozhikode,https://www.redbus.in/bus-tickets/bangalore-to-kozhikode,6,KSRTC (Kerala) - 1585,Super Express Non AC Seater Air Bus (2+2),20:31,09h 05m,05:36,3.8,640.0,16,9.1
480,481,Bangalore to Kozhikode,https://www.redbus.in/bus-tickets/bangalore-to-kozhikode,6,KSRTC (Kerala) - 1586,Super Express Non AC Seater Air Bus (2+2),21:31,09h 05m,06:36,3.2,640.0,20,9.1
481,482,Bangalore to Kozhikode,https://www.redbus.in/bus-tickets/bangalore-to-kozhikode,6,KSRTC (Kerala) - 2133,Swift Deluxe Non AC Air Bus (2+2),22:12,09h 24m,07:36,3.4,640.0,22,9.4
482,483,Bangalore to Kozhikode,https://www.redbus.in/bus-tickets/bangalore-to-kozhikode,6,KSRTC (Kerala) - 2063,SWIFT-GARUDA A/C SEATER BUS,22:32,09h 03m,07:35,3.9,627.0,5,9.1
483,484,Bangalore to Kozhikode,https://www.redbus.in/bus-tickets/bangalore-to-kozhikode,6,KSRTC (Kerala) - 574,Super Express Non AC Seater Air Bus (2+2),23:00,10h 30m,09:30,4.1,469.0,3,10.5
484,485,Bangalore to Kozhikode,https://www.redbus.in/bus-tickets/bangalore-to-kozhikode,6,KSRTC (Kerala) - 583,Super Express Non AC Seater Air Bus (2+2),23:30,10h 05m,09:35,3.4,469.0,1,10.1
485,486,Bangalore to Kozhikode,https://www.redbus.in/bus-tickets/bangalore-to-kozhikode,6,Silver Line Travels,NON A/C Semi Sleeper (2+2),22:00,08h 10m,06:10,4.5,699.0,22,8.2
486,487,Bangalore to Kozhikode,https://www.redbus.in/bus-tickets/bangalore-to-kozhikode,6,MMK Travels,VE A/C Seater / Sleeper (2+1),22:30,09h 00m,07:30,4.4,700.0,19,9.0
487,488,Bangalore to Kozhikode,https://www.redbus.in/bus-tickets/bangalore-to-kozhikode,6,Kyros Connect,Bharat Benz A/C Semi Sleeper (2+2),23:00,10h 00m,09:00,4.2,899.0,27,10.0
488,489,Bangalore to Kozhikode,https://www.redbus.in/bus-tickets/bangalore-to-kozhikode,6,AdSuraj Holidays,NON AC Seater / Sleeper 2+1,20:30,09h 30m,06:00,3.3,750.0,17,9.5
489,490,Bangalore to Kozhikode,https://www.redbus.in/bus-tickets/bangalore-to-kozhikode,6,SAAM BUS,VE A/C Sleeper (2+1),20:10,10h 35m,06:45,4.4,850.0,4,10.6
490,491,Bangalore to Kozhikode,https://www.redbus.in/bus-tickets/bangalore-to-kozhikode,6,NS Transports,Non A/C Seater / Sleeper (2+1),21:45,08h 25m,06:10,4.2,700.0,8,8.4
491,492,Bangalore to Kozhikode,https://www.redbus.in/bus-tickets/bangalore-to-kozhikode,6,NS Transports,VE A/C Sleeper (2+1),22:45,08h 45m,07:30,4.1,1000.0,8,8.8
492,493,Bangalore to Kozhikode,https://www.redbus.in/bus-tickets/bangalore-to-kozhikode,6,P K Travels,A/C Sleeper (2+1),18:45,11h 45m,06:30,4.3,949.0,14,11.8
493,494,Bangalore to Kozhikode,https://www.redbus.in/bus-tickets/bangalore-to-kozhikode,6,Suraj Holidays,VE A/C Sleeper (2+1),22:30,09h 00m,07:30,4.0,950.0,13,9.0
494,495,Bangalore to Kozhikode,https://www.redbus.in/bus-tickets/bangalore-to-kozhikode,6,NS Transports,Non A/C Seater / Sleeper (2+1),22:15,08h 15m,06:30,4.0,700.0,5,8.2
495,496,Kolkata to Siliguri,https://www.redbus.in/bus-tickets/kolkata-to-siliguri,12,NORTH BENGAL STATE TRANSPORT CORPORATION,Non AC Seater (2+3),15:00,13h 20m,04:20,3.7,450.0,38,13.3
496,497,Kolkata to Siliguri,https://www.redbus.in/bus-tickets/kolkata-to-siliguri,12,NBSTC-KOL-APD-E1-19:00,Non AC Seater (2+3),16:00,13h 50m,05:50,3.8,450.0,44,13.8
497,498,Kolkata to Siliguri,https://www.redbus.in/bus-tickets/kolkata-to-siliguri,12,NBSTC-KOL-COB-R1-17:00,Non AC Seater 2+2,17:00,12h 00m,05:00,3.6,486.0,24,12.0
498,499,Kolkata to Siliguri,https://www.redbus.in/bus-tickets/kolkata-to-siliguri,12,NBSTC-KOL-SLG-R1-18:00,NON A/C Seater Push Back (2+2),18:00,12h 00m,06:00,4.0,486.0,12,12.0
499,500,Kolkata to Siliguri,https://www.redbus.in/bus-tickets/kolkata-to-siliguri,12,EASY RIDE,Volvo 9600 Multi-Axle A/C Sleeper (2+1),18:45,12h 40m,07:25,4.7,1500.0,11,12.7
500,501,Kolkata to Siliguri,https://www.redbus.in/bus-tickets/kolkata-to-siliguri,12,Shyamoli Paribahan Pvt Ltd,Volvo 9600 A/C Seater/Sleeper (2+1),18:30,13h 15m,07:45,4.6,1200.0,30,13.2
501,502,Kolkata to Siliguri,https://www.redbus.in/bus-tickets/kolkata-to-siliguri,12,Lokenath Bus Service,Volvo 9600 Multi-Axle A/C Sleeper (2+1),18:45,12h 45m,07:30,4.6,1500.0,25,12.8
502,503,Kolkata to Siliguri,https://www.redbus.in/bus-tickets/kolkata-to-siliguri,12,Shyamoli Paribahan Pvt Ltd,Volvo Multi-Axle A/C seater/sleeper (2+1),19:30,13h 15m,08:45,4.5,1200.0,35,13.2
503,504,Kolkata to Siliguri,https://www.redbus.in/bus-tickets/kolkata-to-siliguri,12,Express Line,Volvo 9600 Multi-Axle A/C Sleeper (2+1),18:30,13h 10m,07:40,4.5,1499.0,19,13.2
504,505,Kolkata to Siliguri,https://www.redbus.in/bus-tickets/kolkata-to-siliguri,12,Lokenath Bus Service,Volvo Multi Axle B11R AC Seater\Sleeper (2+1),18:15,12h 15m,06:30,4.4,1200.0,26,12.2
505,506,Kolkata to Siliguri,https://www.redbus.in/bus-tickets/kolkata-to-siliguri,12,Greenline,Volvo Multi-Axle A/C Sleeper (2+1),18:00,13h 00m,07:00,4.6,1500.0,18,13.0
506,507,Kolkata to Siliguri,https://www.redbus.in/bus-tickets/kolkata-to-siliguri,12,Shyamoli Paribahan Pvt Ltd,Volvo 9600 Multi-Axle A/C Sleeper (2+1),18:00,12h 50m,06:50,4.5,1500.0,27,12.8
507,508,Kolkata to Siliguri,https://www.redbus.in/bus-tickets/kolkata-to-siliguri,12,Greenline,Volvo 9600 Multi-Axle A/C Sleeper (2+1),18:30,13h 15m,07:45,4.4,1500.0,20,13.2
508,509,Kolkata to Siliguri,https://www.redbus.in/bus-tickets/kolkata-to-siliguri,12,Rubi Paribahan  ,Volvo 9600 Multi-Axle A/C Sleeper (2+1),19:00,12h 30m,07:30,4.1,1500.0,20,12.5
509,510,Chandigarh to Hisar (Haryana),https://www.redbus.in/bus-tickets/chandigarh-to-hisar-haryana,8,Vijay Tour and Travels,Bharat Benz A/C Seater /Sleeper (2+1),17:30,04h 35m,22:05,3.0,555.0,29,4.6
510,511,Chandigarh to Hisar (Haryana),https://www.redbus.in/bus-tickets/chandigarh-to-hisar-haryana,8,Vijay Tour and Travels,Bharat Benz A/C Seater /Sleeper (2+1),20:00,04h 20m,00:20,3.5,554.0,36,4.3
511,512,Chandigarh to Hisar (Haryana),https://www.redbus.in/bus-tickets/chandigarh-to-hisar-haryana,8,Jai Balaji Bus Service,AC Seater (2+2),16:50,04h 40m,21:30,4.0,440.0,49,4.7
512,513,Chandigarh to Hisar (Haryana),https://www.redbus.in/bus-tickets/chandigarh-to-hisar-haryana,8,Rathore Sonal Travels,A/C Seater/Sleeper (2+1),18:00,06h 00m,00:00,2.4,647.0,31,6.0
513,514,Farrukhabad (Uttar Pradesh) to Delhi,https://www.redbus.in/bus-tickets/farrukhabad-up-to-delhi,2,UPSRTC - BSR0059,Ordinary Non AC Seater 2+3,18:32,07h 28m,02:00,3.3,485.0,52,7.5
514,515,Farrukhabad (Uttar Pradesh) to Delhi,https://www.redbus.in/bus-tickets/farrukhabad-up-to-delhi,2,UPSRTC - FKP0027,Janrath AC Seater 2+2,20:00,08h 55m,04:55,3.5,710.0,35,8.9
515,516,Farrukhabad (Uttar Pradesh) to Delhi,https://www.redbus.in/bus-tickets/farrukhabad-up-to-delhi,2,UPSRTC - SBD0106,Janrath AC Seater 2+2,20:31,08h 29m,05:00,3.2,710.0,36,8.5
516,517,Farrukhabad (Uttar Pradesh) to Delhi,https://www.redbus.in/bus-tickets/farrukhabad-up-to-delhi,2,UPSRTC - FKP0029,Janrath AC Seater 2+2,21:00,08h 55m,05:55,2.4,710.0,34,8.9
517,518,Farrukhabad (Uttar Pradesh) to Delhi,https://www.redbus.in/bus-tickets/farrukhabad-up-to-delhi,2,KVS Holidays,Non A/C Seater / Sleeper (2+1),20:30,09h 00m,05:30,1.0,699.0,30,9.0
518,519,Farrukhabad (Uttar Pradesh) to Delhi,https://www.redbus.in/bus-tickets/farrukhabad-up-to-delhi,2,Chaturvedi Bus Service,NON A/C Seater/ Sleeper (2+1),20:00,09h 15m,05:15,3.5,450.0,51,9.2
519,520,Farrukhabad (Uttar Pradesh) to Delhi,https://www.redbus.in/bus-tickets/farrukhabad-up-to-delhi,2,Chaturvedi Bus Service,A/C Seater / Sleeper (2+1),19:30,09h 30m,05:00,1.4,570.0,48,9.5
520,521,Farrukhabad (Uttar Pradesh) to Delhi,https://www.redbus.in/bus-tickets/farrukhabad-up-to-delhi,2,Yuvraj Travels,NON AC Seater / Sleeper 2+1,18:45,10h 15m,05:00,New,550.0,40,10.2
521,522,Farrukhabad (Uttar Pradesh) to Delhi,https://www.redbus.in/bus-tickets/farrukhabad-up-to-delhi,2,Yuvraj Travels,NON AC Seater / Sleeper 2+1,19:00,10h 00m,05:00,New,550.0,40,10.0
522,523,Farrukhabad (Uttar Pradesh) to Delhi,https://www.redbus.in/bus-tickets/farrukhabad-up-to-delhi,2,Yuvraj Travels,NON AC Seater / Sleeper 2+1,18:30,11h 30m,06:00,New,550.0,40,11.5
523,524,Farrukhabad (Uttar Pradesh) to Delhi,https://www.redbus.in/bus-tickets/farrukhabad-up-to-delhi,2,Abhay Travels (I.R.T.C),Non A/C Seater / Sleeper (2+1),18:00,12h 00m,06:00,New,1200.0,55,12.0
524,525,Farrukhabad (Uttar Pradesh) to Delhi,https://www.redbus.in/bus-tickets/farrukhabad-up-to-delhi,2,Chaturvedi Bus Service,NON A/C Seater/ Sleeper (2+1),16:30,11h 00m,03:30,2.6,570.0,51,11.0
525,526,Farrukhabad (Uttar Pradesh) to Delhi,https://www.redbus.in/bus-tickets/farrukhabad-up-to-delhi,2,Chaturvedi Bus Service,NON AC Seater / Sleeper 2+1,16:00,10h 30m,02:30,2.6,620.0,45,10.5
526,527,Farrukhabad (Uttar Pradesh) to Delhi,https://www.redbus.in/bus-tickets/farrukhabad-up-to-delhi,2,Shree Krishna Shtabadi Travels,NON AC Seater / Sleeper 2+1,18:30,10h 50m,05:20,1.4,600.0,44,10.8
527,528,Delhi to Haridwar,https://www.redbus.in/bus-tickets/delhi-to-haridwar,2,UPSRTC - NDD0279,Ordinary Non AC Seater 2+3,16:31,06h 19m,22:50,3.3,384.0,52,6.3
528,529,Delhi to Haridwar,https://www.redbus.in/bus-tickets/delhi-to-haridwar,2,UPSRTC - NDD0163,Ordinary Non AC Seater 2+3,18:28,05h 30m,23:58,3.3,384.0,52,5.5
529,530,Delhi to Haridwar,https://www.redbus.in/bus-tickets/delhi-to-haridwar,2,UPSRTC - SRG0136,Ordinary Non AC Seater 2+3,23:00,05h 30m,04:30,1.8,416.0,52,5.5
530,531,Delhi to Haridwar,https://www.redbus.in/bus-tickets/delhi-to-haridwar,2,Zingbus Plus,Bharat Benz A/C Seater (2+2),14:55,04h 40m,19:35,4.4,367.0,12,4.7
531,532,Delhi to Haridwar,https://www.redbus.in/bus-tickets/delhi-to-haridwar,2,FlixBus,A/C Seater (2+2),15:00,05h 30m,20:30,4.5,437.0,7,5.5
532,533,Delhi to Haridwar,https://www.redbus.in/bus-tickets/delhi-to-haridwar,2,NueGo,Electric A/C Seater (2+2),16:00,05h 45m,21:45,4.1,332.0,4,5.8
533,534,Delhi to Haridwar,https://www.redbus.in/bus-tickets/delhi-to-haridwar,2,AdKedara Bus,Bharat Benz A/C Seater (2+2),21:25,03h 30m,00:55,4.1,833.0,33,3.5
534,535,Delhi to Haridwar,https://www.redbus.in/bus-tickets/delhi-to-haridwar,2,City Land Travels,A/C Sleeper (2+1),17:00,04h 15m,21:15,3.4,350.0,31,4.2
535,536,Delhi to Haridwar,https://www.redbus.in/bus-tickets/delhi-to-haridwar,2,NueGo,Electric A/C Seater (2+2),18:00,06h 05m,00:05,3.7,332.0,37,6.1
536,537,Delhi to Haridwar,https://www.redbus.in/bus-tickets/delhi-to-haridwar,2,Zingbus Plus,Bharat Benz A/C Seater (2+2),18:55,04h 55m,23:50,4.8,329.0,40,4.9
537,538,Delhi to Haridwar,https://www.redbus.in/bus-tickets/delhi-to-haridwar,2,AdCity Land Travels,A/C Sleeper (2+1),23:30,05h 15m,04:45,4.0,450.0,30,5.2
538,539,Delhi to Haridwar,https://www.redbus.in/bus-tickets/delhi-to-haridwar,2,NueGo,Electric A/C Seater (2+2),21:00,05h 45m,02:45,3.9,332.0,43,5.8
539,540,Delhi to Haridwar,https://www.redbus.in/bus-tickets/delhi-to-haridwar,2,IntrCity SmartBus,Bharat Benz A/C Seater /Sleeper (2+1),21:25,05h 30m,02:55,4.0,369.0,20,5.5
540,541,Lucknow to Varanasi,https://www.redbus.in/bus-tickets/lucknow-to-varanasi,2,UPSRTC - STD0022,Janrath AC Seater 2+2,17:00,08h 20m,01:20,3.3,690.0,36,8.3
541,542,Lucknow to Varanasi,https://www.redbus.in/bus-tickets/lucknow-to-varanasi,2,UPSRTC - CNT0037,Ordinary Non AC Seater 2+3,18:30,07h 00m,01:30,3.3,475.0,51,7.0
542,543,Lucknow to Varanasi,https://www.redbus.in/bus-tickets/lucknow-to-varanasi,2,UPSRTC - CHL0019,Ordinary Non AC Seater 2+3,19:00,06h 45m,01:45,3.3,475.0,52,6.8
543,544,Lucknow to Varanasi,https://www.redbus.in/bus-tickets/lucknow-to-varanasi,2,UPSRTC - CNT0039,Ordinary Non AC Seater 2+3,19:30,07h 00m,02:30,3.3,475.0,51,7.0
544,545,Lucknow to Varanasi,https://www.redbus.in/bus-tickets/lucknow-to-varanasi,2,UPSRTC - CNT0043,Ordinary Non AC Seater 2+3,20:00,07h 00m,03:00,3.3,475.0,51,7.0
545,546,Lucknow to Varanasi,https://www.redbus.in/bus-tickets/lucknow-to-varanasi,2,UPSRTC - JNP0013,Ordinary Non AC Seater 2+3,20:20,06h 40m,03:00,3.3,475.0,52,6.7
546,547,Lucknow to Varanasi,https://www.redbus.in/bus-tickets/lucknow-to-varanasi,2,UPSRTC - CNT0041,Ordinary Non AC Seater 2+3,20:30,07h 00m,03:30,3.3,475.0,51,7.0
547,548,Lucknow to Varanasi,https://www.redbus.in/bus-tickets/lucknow-to-varanasi,2,UPSRTC - JNP0012,Ordinary Non AC Seater 2+3,20:30,07h 30m,04:00,3.3,475.0,52,7.5
548,549,Lucknow to Varanasi,https://www.redbus.in/bus-tickets/lucknow-to-varanasi,2,UPSRTC - ALM0177,Shatabdi AC Seater 2+2,20:47,06h 04m,02:51,3.3,698.0,37,6.1
549,550,Lucknow to Varanasi,https://www.redbus.in/bus-tickets/lucknow-to-varanasi,2,UPSRTC - CNT0047,Ordinary Non AC Seater 2+3,21:00,07h 00m,04:00,3.3,475.0,51,7.0
550,551,Lucknow to Varanasi,https://www.redbus.in/bus-tickets/lucknow-to-varanasi,2,UPSRTC - CNT0029,Ordinary Non AC Seater 2+3,21:25,07h 34m,04:59,3.3,475.0,51,7.6
551,552,Lucknow to Varanasi,https://www.redbus.in/bus-tickets/lucknow-to-varanasi,2,UPSRTC - ALM0043,Volvo AC Seater 2+2,22:00,06h 00m,04:00,4.0,996.0,39,6.0
552,553,Lucknow to Varanasi,https://www.redbus.in/bus-tickets/lucknow-to-varanasi,2,UPSRTC - MTH0002,Ordinary Non AC Seater 2+3,22:00,07h 00m,05:00,3.3,475.0,52,7.0
553,554,Lucknow to Varanasi,https://www.redbus.in/bus-tickets/lucknow-to-varanasi,2,UPSRTC - ALM0048,Shatabdi AC Seater 2+2,22:30,07h 00m,05:30,3.5,698.0,37,7.0
554,555,Lucknow to Varanasi,https://www.redbus.in/bus-tickets/lucknow-to-varanasi,2,UPSRTC - CNT0057,Ordinary Non AC Seater 2+3,22:30,07h 00m,05:30,3.3,475.0,52,7.0
555,556,Lucknow to Varanasi,https://www.redbus.in/bus-tickets/lucknow-to-varanasi,2,UPSRTC - CNT0031,Ordinary Non AC Seater 2+3,23:00,06h 30m,05:30,3.3,475.0,51,6.5
556,557,Lucknow to Varanasi,https://www.redbus.in/bus-tickets/lucknow-to-varanasi,2,UPSRTC - GLA0137,Janrath AC Seater 2+2,23:05,06h 26m,05:31,3.3,698.0,35,6.4
557,558,Lucknow to Varanasi,https://www.redbus.in/bus-tickets/lucknow-to-varanasi,2,UPSRTC - CNT0035,Ordinary Non AC Seater 2+3,23:30,07h 00m,06:30,3.3,475.0,51,7.0
558,559,Lucknow to Varanasi,https://www.redbus.in/bus-tickets/lucknow-to-varanasi,2,UPSRTC - HDD0001,Janrath AC Seater 2+2,23:30,08h 00m,07:30,1.8,690.0,36,8.0
559,560,Lucknow to Varanasi,https://www.redbus.in/bus-tickets/lucknow-to-varanasi,2,PTC-SKYBUS,A/C Seater/Sleeper (2+1),22:30,07h 00m,05:30,4.5,399.0,9,7.0
560,561,Lucknow to Varanasi,https://www.redbus.in/bus-tickets/lucknow-to-varanasi,2,Mahalaxmi Travels,Bharat Benz A/C Seater /Sleeper (2+1),23:15,06h 30m,05:45,3.6,399.0,26,6.5
561,562,Lucknow to Varanasi,https://www.redbus.in/bus-tickets/lucknow-to-varanasi,2,Raj Kalpana Travels Pvt.Ltd,A/C Sleeper (2+1),23:00,06h 00m,05:00,3.8,1000.0,12,6.0
562,563,Lucknow to Varanasi,https://www.redbus.in/bus-tickets/lucknow-to-varanasi,2,Goyal Travels,A/C Seater / Sleeper (2+1),23:49,06h 31m,06:20,1.9,500.0,21,6.5
563,564,Lucknow to Varanasi,https://www.redbus.in/bus-tickets/lucknow-to-varanasi,2,Crystal Bus Service,A/C Seater / Sleeper (2+1),22:00,06h 59m,04:59,4.0,399.0,38,7.0
564,565,Berhampore (West Bengal) to Siliguri,https://www.redbus.in/bus-tickets/berhampore-to-siliguri,1,NBSTC-BHP-COB-R1-18:30,Non AC Seater 2+2,18:30,08h 00m,02:30,3.9,326.0,27,8.0
565,566,Berhampore (West Bengal) to Siliguri,https://www.redbus.in/bus-tickets/berhampore-to-siliguri,1,Lokenath Bus Service,Volvo Multi Axle B11R AC Seater\Sleeper (2+1),23:45,06h 45m,06:30,4.5,749.0,33,6.8
566,567,Berhampore (West Bengal) to Siliguri,https://www.redbus.in/bus-tickets/berhampore-to-siliguri,1,Aradhana Travels,A/C Seater / Sleeper (2+1),20:50,09h 10m,06:00,3.9,713.0,11,9.2
567,568,Berhampore (West Bengal) to Siliguri,https://www.redbus.in/bus-tickets/berhampore-to-siliguri,1,Aradhana Travels,Volvo A/C B11R Multi Axle Semi Sleeper (2+2),22:00,08h 00m,06:00,3.8,713.0,27,8.0
568,569,Berhampore (West Bengal) to Siliguri,https://www.redbus.in/bus-tickets/berhampore-to-siliguri,1,Upasana Transport,A/C Seater / Sleeper (2+2),20:20,08h 40m,05:00,3.2,560.0,16,8.7
569,570,Barasat (West Bengal) to Heria,https://www.redbus.in/bus-tickets/barasat-west-bengal-to-heria,4,WBTC (CTC) BARASAT-DIGHA via Bally - 38|15:00,Non AC Seater (2+3),15:00,02h 15m,17:15,3.6,112.0,16,2.2
570,571,Amritsar to Chandigarh,https://www.redbus.in/bus-tickets/amritsar-to-chandigarh,8,Chandigarh Transport Undertaking (CTU) - 165763,HVAC Seater (2+3),17:00,05h 50m,22:50,4.5,366.67,47,5.8
571,572,Amritsar to Chandigarh,https://www.redbus.in/bus-tickets/amritsar-to-chandigarh,8,MAHARAJA TOUR & TRAVELS,Volvo Multi-Axle I-Shift B11R Semi Sleeper (2+2),14:50,04h 25m,19:15,3.9,491.0,34,4.4
572,573,Amritsar to Chandigarh,https://www.redbus.in/bus-tickets/amritsar-to-chandigarh,8,Guardian Travels,Volvo A/C Semi Sleeper (2+2),15:00,03h 30m,18:30,4.4,648.0,1,3.5
573,574,Amritsar to Chandigarh,https://www.redbus.in/bus-tickets/amritsar-to-chandigarh,8,AdCity Land Travels,A/C Seater/Sleeper (2+1),22:40,04h 50m,03:30,3.6,400.0,31,4.8
574,575,Amritsar to Chandigarh,https://www.redbus.in/bus-tickets/amritsar-to-chandigarh,8,Vijay Tour and Travels,Bharat Benz A/C Seater /Sleeper (2+1),18:00,06h 20m,00:20,3.5,600.0,28,6.3
575,576,Chandigarh to Manali,https://www.redbus.in/bus-tickets/chandigarh-to-manali,13,HRTC - 2030250,Ordinary 3+2 Non AC Seater,16:30,06h 00m,22:30,3.9,546.0,37,6.0
576,577,Chandigarh to Manali,https://www.redbus.in/bus-tickets/chandigarh-to-manali,13,HRTC - 1507,Ordinary 3+2 Non AC Seater,18:40,08h 20m,03:00,3.9,560.0,37,8.3
577,578,Chandigarh to Manali,https://www.redbus.in/bus-tickets/chandigarh-to-manali,13,HRTC - 58,Himsuta AC Seater Volvo/Scania 2+2,20:40,08h 20m,05:00,4.4,945.0,30,8.3
578,579,Chandigarh to Manali,https://www.redbus.in/bus-tickets/chandigarh-to-manali,13,HRTC - 1544,Ordinary 3+2 Non AC Seater,21:40,10h 10m,07:50,3.9,575.0,27,10.2
579,580,Chandigarh to Manali,https://www.redbus.in/bus-tickets/chandigarh-to-manali,13,HRTC - 1212,A/C Executive (2+3),21:58,08h 11m,06:09,3.9,580.0,42,8.2
580,581,Chandigarh to Manali,https://www.redbus.in/bus-tickets/chandigarh-to-manali,13,HRTC - 1522,Himsuta AC Seater Volvo/Scania 2+2,22:00,08h 30m,06:30,4.9,920.0,29,8.5
581,582,Chandigarh to Manali,https://www.redbus.in/bus-tickets/chandigarh-to-manali,13,HRTC - 521,Ordinary 3+2 Non AC Seater,22:20,08h 40m,07:00,5.0,565.0,37,8.7
582,583,Chandigarh to Manali,https://www.redbus.in/bus-tickets/chandigarh-to-manali,13,Laxmi holidays,Volvo 9600 A/C Semi Sleeper (2+2),22:50,06h 40m,05:30,4.7,499.0,14,6.7
583,584,Chandigarh to Manali,https://www.redbus.in/bus-tickets/chandigarh-to-manali,13,Zingbus Plus,Volvo A/C Semi Sleeper (2+2),23:15,06h 10m,05:25,4.7,504.0,10,6.2
584,585,Chandigarh to Manali,https://www.redbus.in/bus-tickets/chandigarh-to-manali,13,Reo India Travels,Volvo A/C B11R Multi Axle Semi Sleeper (2+2),23:59,07h 26m,07:25,3.2,475.0,24,7.4
585,586,Chandigarh to Manali,https://www.redbus.in/bus-tickets/chandigarh-to-manali,13,City Land Travels,Volvo A/C Semi Sleeper (2+2),23:15,08h 15m,07:30,3.5,495.0,26,8.2
586,587,Chandigarh to Manali,https://www.redbus.in/bus-tickets/chandigarh-to-manali,13,City Land Travels,Volvo A/C Semi Sleeper (2+2),22:45,08h 15m,07:00,4.3,495.0,23,8.2
587,588,Chandigarh to Manali,https://www.redbus.in/bus-tickets/chandigarh-to-manali,13,Malana Travels,Volvo A/C Semi Sleeper (2+2),23:58,05h 32m,05:30,4.6,579.0,17,5.5
588,589,Chandigarh to Manali,https://www.redbus.in/bus-tickets/chandigarh-to-manali,13,SWAGATAM TOUR HOLIDAY,Volvo AC Seater (2+2),23:59,07h 01m,07:00,New,999.0,39,7.0
589,590,Chandigarh to Manali,https://www.redbus.in/bus-tickets/chandigarh-to-manali,13,Abtc Tour and Travels,Bharat Benz A/C Semi Sleeper (2+2),01:00,06h 00m,07:00,3.4,799.0,30,6.0
590,591,Chandigarh to Manali,https://www.redbus.in/bus-tickets/chandigarh-to-manali,13,TANISHQ HOLIDAYS TOUR,Volvo A/C Semi Sleeper (2+2),23:30,08h 00m,07:30,3.4,1169.0,41,8.0
591,592,Chandigarh to Manali,https://www.redbus.in/bus-tickets/chandigarh-to-manali,13,Everest Holidays,Volvo A/C Semi Sleeper (2+2),23:59,07h 01m,07:00,1.9,1080.0,34,7.0
592,593,Durgapur (West Bengal) to Digha,https://www.redbus.in/bus-tickets/durgapur-to-digha,12,SBSTC-DURGAPUR - DIGHA - VIA - MIDNAPUR - 2/2 - 20:00 (D - 3807,Non AC Seater (2+2),20:00,08h 45m,04:45,4.1,238.0,19,8.8
593,594,Durgapur (West Bengal) to Digha,https://www.redbus.in/bus-tickets/durgapur-to-digha,12,ISHIKA TRADERS,A/C Seater / Sleeper (2+2),21:10,07h 50m,05:00,3.1,600.0,46,7.8
594,595,Palampur to Delhi,https://www.redbus.in/bus-tickets/palampur-to-delhi,13,HRTC - 1104,Ordinary 3+2 Non AC Seater,15:35,13h 55m,05:30,3.8,716.0,37,13.9
595,596,Palampur to Delhi,https://www.redbus.in/bus-tickets/palampur-to-delhi,13,HRTC - 952,Ordinary 3+2 Non AC Seater,15:45,13h 45m,05:30,2.8,715.0,32,13.8
596,597,Palampur to Delhi,https://www.redbus.in/bus-tickets/palampur-to-delhi,13,HRTC - 1158,Himsuta AC Seater Volvo/Scania 2+2,17:15,12h 00m,05:15,4.2,1299.0,26,12.0
597,598,Palampur to Delhi,https://www.redbus.in/bus-tickets/palampur-to-delhi,13,HRTC - 1134,Himmani Deluxe 2+2 Non AC Seater,17:30,12h 10m,05:40,3.0,782.0,15,12.2
598,599,Palampur to Delhi,https://www.redbus.in/bus-tickets/palampur-to-delhi,13,HRTC - 951,Ordinary 3+2 Non AC Seater,18:12,12h 33m,06:45,3.8,716.0,36,12.6
599,600,Palampur to Delhi,https://www.redbus.in/bus-tickets/palampur-to-delhi,13,HRTC - 79,Himsuta AC Seater Volvo/Scania 2+2,18:40,12h 20m,07:00,3.8,1342.0,12,12.3
600,601,Palampur to Delhi,https://www.redbus.in/bus-tickets/palampur-to-delhi,13,HRTC - 1152,Ordinary 3+2 Non AC Seater,20:00,12h 10m,08:10,4.8,722.0,37,12.2
601,602,Palampur to Delhi,https://www.redbus.in/bus-tickets/palampur-to-delhi,13,HRTC - 1103,A/C Executive (2+3),20:40,10h 50m,07:30,3.8,836.0,42,10.8
602,603,Palampur to Delhi,https://www.redbus.in/bus-tickets/palampur-to-delhi,13,HRTC - 1116,A/C Executive (2+3),21:35,11h 25m,09:00,2.9,865.0,34,11.4
603,604,Palampur to Delhi,https://www.redbus.in/bus-tickets/palampur-to-delhi,13,New Himalaya Travels,Volvo A/C Semi Sleeper (2+2),19:35,10h 40m,06:15,4.7,600.0,10,10.7
604,605,Palampur to Delhi,https://www.redbus.in/bus-tickets/palampur-to-delhi,13,Ram Dalal Holidays,Volvo A/C Semi Sleeper (2+2),18:50,10h 40m,05:30,4.6,690.0,14,10.7
605,606,Palampur to Delhi,https://www.redbus.in/bus-tickets/palampur-to-delhi,13,Laxmi holidays,Scania Multi-Axle AC Semi Sleeper (2+2),19:20,10h 40m,06:00,4.4,599.0,20,10.7
606,607,Palampur to Delhi,https://www.redbus.in/bus-tickets/palampur-to-delhi,13,AdCity Land Travels,Volvo A/C Semi Sleeper (2+2),19:30,10h 30m,06:00,3.5,584.0,10,10.5
607,608,Palampur to Delhi,https://www.redbus.in/bus-tickets/palampur-to-delhi,13,Laxmi holidays,Volvo A/C Semi Sleeper (2+2),20:50,10h 40m,07:30,4.4,649.0,23,10.7
608,609,Palampur to Delhi,https://www.redbus.in/bus-tickets/palampur-to-delhi,13,Ram Dalal Holidays,Volvo A/C Semi Sleeper (2+2),19:30,10h 30m,06:00,4.4,700.0,13,10.5
609,610,Palampur to Delhi,https://www.redbus.in/bus-tickets/palampur-to-delhi,13,Laxmi holidays,Volvo A/C Semi Sleeper (2+2),18:15,11h 15m,05:30,4.4,699.0,16,11.2
610,611,Palampur to Delhi,https://www.redbus.in/bus-tickets/palampur-to-delhi,13,Bharmani Travels,Volvo A/C Semi Sleeper (2+2),21:10,09h 20m,06:30,4.3,739.0,7,9.3
611,612,Palampur to Delhi,https://www.redbus.in/bus-tickets/palampur-to-delhi,13,Northern Travels,Volvo A/C Semi Sleeper (2+2),18:45,10h 30m,05:15,3.4,600.0,4,10.5
612,613,Palampur to Delhi,https://www.redbus.in/bus-tickets/palampur-to-delhi,13,Everest Holidays,Volvo A/C Semi Sleeper (2+2),18:20,11h 40m,06:00,3.5,521.0,35,11.7
613,614,Shillong to Williamnagar (Meghalaya),https://www.redbus.in/bus-tickets/shillong-to-williamnagar-meghalaya,5,Meghalaya Transport Corporation(MTC) - 163306,Tata Non A/C Seater Executive Luxury (2+2),17:00,12h 00m,05:00,3.3,581.0,4,12.0
614,615,Thiruvananthapuram to Kozhikode,https://www.redbus.in/bus-tickets/thiruvananthapuram-to-kozhikode,6,KSRTC (Kerala) - 486,Super Express Non AC Seater Air Bus (2+2),15:45,08h 45m,00:30,3.5,586.0,11,8.8
615,616,Thiruvananthapuram to Kozhikode,https://www.redbus.in/bus-tickets/thiruvananthapuram-to-kozhikode,6,KSRTC (Kerala) - 1882,Low Floor AC Seater 2+2,16:00,10h 30m,02:30,3.1,742.0,17,10.5
616,617,Thiruvananthapuram to Kozhikode,https://www.redbus.in/bus-tickets/thiruvananthapuram-to-kozhikode,6,KSRTC (Kerala) - 1377,AC MULTI AXLE,16:01,09h 09m,01:10,3.1,904.0,19,9.2
617,618,Thiruvananthapuram to Kozhikode,https://www.redbus.in/bus-tickets/thiruvananthapuram-to-kozhikode,6,KSRTC (Kerala) - 667,Super Fast Non AC Seater (2+3),16:15,10h 15m,02:30,3.1,477.0,44,10.2
618,619,Thiruvananthapuram to Kozhikode,https://www.redbus.in/bus-tickets/thiruvananthapuram-to-kozhikode,6,KSRTC (Kerala) - 862,Super Fast Non AC Seater (2+3),16:20,12h 20m,04:40,3.1,502.0,44,12.3
619,620,Thiruvananthapuram to Kozhikode,https://www.redbus.in/bus-tickets/thiruvananthapuram-to-kozhikode,6,KSRTC (Kerala) - 570,Super Express Non AC Seater Air Bus (2+2),16:45,09h 00m,01:45,3.1,586.0,25,9.0
620,621,Thiruvananthapuram to Kozhikode,https://www.redbus.in/bus-tickets/thiruvananthapuram-to-kozhikode,6,KSRTC (Kerala) - 431,Super Fast Non AC Seater (2+3),17:15,11h 30m,04:45,3.1,515.0,37,11.5
621,622,Thiruvananthapuram to Kozhikode,https://www.redbus.in/bus-tickets/thiruvananthapuram-to-kozhikode,6,KSRTC (Kerala) - 368,AC MULTI AXLE,17:25,09h 40m,03:05,3.1,935.0,7,9.7
622,623,Thiruvananthapuram to Kozhikode,https://www.redbus.in/bus-tickets/thiruvananthapuram-to-kozhikode,6,KSRTC (Kerala) - 43,Swift Deluxe Non AC Air Bus (2+2),17:40,09h 41m,03:21,3.1,586.0,13,9.7
623,624,Thiruvananthapuram to Kozhikode,https://www.redbus.in/bus-tickets/thiruvananthapuram-to-kozhikode,6,KSRTC (Kerala) - 1845,Low Floor AC Seater 2+2,18:00,10h 10m,04:10,3.1,742.0,20,10.2
624,625,Thiruvananthapuram to Kozhikode,https://www.redbus.in/bus-tickets/thiruvananthapuram-to-kozhikode,6,BLM Transports,A/C Sleeper (2+1),20:15,08h 45m,05:00,4.4,1007.0,7,8.8
625,626,Thiruvananthapuram to Kozhikode,https://www.redbus.in/bus-tickets/thiruvananthapuram-to-kozhikode,6,Madhavi Travels,A/C Sleeper (2+1),19:50,08h 40m,04:30,4.4,999.0,1,8.7
626,627,Thiruvananthapuram to Kozhikode,https://www.redbus.in/bus-tickets/thiruvananthapuram-to-kozhikode,6,A1 Travels,A/C Seater / Sleeper (2+1),21:35,09h 25m,07:00,3.5,700.0,18,9.4
627,628,Thiruvananthapuram to Kozhikode,https://www.redbus.in/bus-tickets/thiruvananthapuram-to-kozhikode,6,A1 Travels,Bharat Benz A/C Seater /Sleeper (2+1),20:15,09h 15m,05:30,3.5,700.0,18,9.2
628,629,Thiruvananthapuram to Kozhikode,https://www.redbus.in/bus-tickets/thiruvananthapuram-to-kozhikode,6,A1 Travels,Bharat Benz A/C Seater /Sleeper (2+1),20:30,08h 30m,05:00,3.0,650.0,22,8.5
629,630,Thiruvananthapuram to Kozhikode,https://www.redbus.in/bus-tickets/thiruvananthapuram-to-kozhikode,6,A1 Travels,Bharat Benz A/C Sleeper (2+1),19:00,09h 00m,04:00,2.7,1000.0,18,9.0
630,631,Thiruvananthapuram to Kozhikode,https://www.redbus.in/bus-tickets/thiruvananthapuram-to-kozhikode,6,LIYAS TOURS,Bharat Benz A/C Sleeper (2+1),16:45,10h 55m,03:40,4.0,899.0,8,10.9
631,632,Thiruvananthapuram to Kozhikode,https://www.redbus.in/bus-tickets/thiruvananthapuram-to-kozhikode,6,A1 Travels,NON A/C Semi Sleeper (2+2),21:00,09h 30m,06:30,3.6,550.0,35,9.5
632,633,Thiruvananthapuram to Kozhikode,https://www.redbus.in/bus-tickets/thiruvananthapuram-to-kozhikode,6,Kallada Travels (Suresh Kallada),A/C Sleeper (2+1),16:00,11h 51m,03:51,3.0,1250.0,11,11.8
633,634,Thiruvananthapuram to Kozhikode,https://www.redbus.in/bus-tickets/thiruvananthapuram-to-kozhikode,6,KP Travels,A/C Seater Push Back (2+2),21:00,08h 00m,05:00,1.6,1299.0,1,8.0
634,635,Kolkata to Nimtouri,https://www.redbus.in/bus-tickets/kolkata-to-nimtouri,12,SBSTC-GARIA - DIGHA - 15:15 (DIGHA DEPOT) - 543,Non AC Seater (2+3),16:30,07h 30m,00:00,3.3,78.0,18,7.5
635,636,Kolkata to Nimtouri,https://www.redbus.in/bus-tickets/kolkata-to-nimtouri,12,SBSTC-KOLKATA - HALDIA - 16:30 (Haldia Depot) - 809,Non AC Seater (2+3),16:30,07h 30m,00:00,4.0,80.0,33,7.5
636,637,Kolkata to Nimtouri,https://www.redbus.in/bus-tickets/kolkata-to-nimtouri,12,SBSTC-KOLKATA - NANDIGRAM - 16:45 (HWH DEPOT) - 602,Non AC Seater (2+3),16:45,07h 15m,00:00,4.4,78.0,41,7.2
637,638,Kolkata to Nimtouri,https://www.redbus.in/bus-tickets/kolkata-to-nimtouri,12,SBSTC-KOLKATA - HALDIA - 17:00 (Haldia Depot) - 3017,Non AC Seater (2+3),17:00,07h 00m,00:00,3.9,80.0,38,7.0
638,639,Kolkata to Nimtouri,https://www.redbus.in/bus-tickets/kolkata-to-nimtouri,12,SBSTC-KOLKATA - HALDIA - 17.30 (HALDIA DEPOT) - 565,Non AC Seater (2+3),17:30,06h 30m,00:00,4.5,80.0,12,6.5
639,640,Hyderabad to Armoor,https://www.redbus.in/bus-tickets/hyderabad-to-armoor,9,TSRTC - 8009,Lahari A/C sleeper,18:00,03h 55m,21:55,2.6,377.0,45,3.9
640,641,Hyderabad to Armoor,https://www.redbus.in/bus-tickets/hyderabad-to-armoor,9,TSRTC - 6010,"SUPER LUXURY (NON-AC, 2 + 2 PUSH BACK)",18:30,04h 40m,23:10,3.9,312.0,31,4.7
641,642,Hyderabad to Armoor,https://www.redbus.in/bus-tickets/hyderabad-to-armoor,9,TSRTC - 8113,RAJDHANI (A.C. Semi Sleeper),18:30,03h 55m,22:25,4.1,377.0,35,3.9
642,643,Hyderabad to Armoor,https://www.redbus.in/bus-tickets/hyderabad-to-armoor,9,TSRTC - 4007,"SUPER LUXURY (NON-AC, 2 + 2 PUSH BACK)",19:00,03h 30m,22:30,2.0,312.0,28,3.5
643,644,Hyderabad to Armoor,https://www.redbus.in/bus-tickets/hyderabad-to-armoor,9,Saini Travels Pvt. Ltd.,AC Sleeper (2+1),21:30,04h 10m,01:40,3.9,809.0,12,4.2
644,645,Hyderabad to Armoor,https://www.redbus.in/bus-tickets/hyderabad-to-armoor,9,Orange Tours And Travels,A/C Sleeper (2+1),22:00,03h 45m,01:45,3.6,700.0,20,3.8
645,646,Hyderabad to Armoor,https://www.redbus.in/bus-tickets/hyderabad-to-armoor,9,Vijayant Travels,A/C Sleeper (2+1),21:45,03h 30m,01:15,3.9,1125.0,12,3.5
646,647,Hyderabad to Armoor,https://www.redbus.in/bus-tickets/hyderabad-to-armoor,9,Narendra Travels,A/C Sleeper (2+1),21:00,03h 30m,00:30,,3800.0,32,3.5
647,648,Hyderabad to Armoor,https://www.redbus.in/bus-tickets/hyderabad-to-armoor,9,Shri Mahadev (f.d.m),NON A/C Sleeper (2+1),21:45,05h 30m,03:15,1.7,1000.0,32,5.5
648,649,Delhi to Phagwara,https://www.redbus.in/bus-tickets/delhi-to-phagwara,17,Laxmi holidays,Bharat Benz A/C Seater /Sleeper (2+1),22:20,07h 00m,05:20,4.6,615.0,17,7.0
649,650,Delhi to Phagwara,https://www.redbus.in/bus-tickets/delhi-to-phagwara,17,Laxmi holidays,Bharat Benz A/C Seater /Sleeper (2+1),22:00,07h 50m,05:50,4.6,540.0,13,7.8
650,651,Delhi to Phagwara,https://www.redbus.in/bus-tickets/delhi-to-phagwara,17,New Navyug Travels,A/C Sleeper (2+1),22:45,06h 30m,05:15,4.1,925.0,14,6.5
651,652,Delhi to Phagwara,https://www.redbus.in/bus-tickets/delhi-to-phagwara,17,Laxmi holidays,Bharat Benz A/C Sleeper (2+1),23:40,07h 35m,07:15,4.3,700.0,20,7.6
652,653,Delhi to Phagwara,https://www.redbus.in/bus-tickets/delhi-to-phagwara,17,IntrCity SmartBus,Bharat Benz A/C Seater /Sleeper (2+1),20:15,09h 05m,05:20,4.8,592.0,14,9.1
653,654,Kolkata to Falakata (west bengal),https://www.redbus.in/bus-tickets/kolkata-to-falakata,1,NORTH BENGAL STATE TRANSPORT CORPORATION,Non AC Seater (2+3),15:00,14h 30m,05:30,4.1,530.0,48,14.5
654,655,Kolkata to Falakata (west bengal),https://www.redbus.in/bus-tickets/kolkata-to-falakata,1,NBSTC-KOL-APD-E1-19:00,Non AC Seater (2+3),16:00,08h 45m,00:45,3.6,530.0,44,8.8
655,656,Kolkata to Falakata (west bengal),https://www.redbus.in/bus-tickets/kolkata-to-falakata,1,NBSTC-KOL-COB-R1-17:00,Non AC Seater 2+2,17:00,14h 00m,07:00,3.4,571.0,24,14.0
656,657,Dhubri to Guwahati,https://www.redbus.in/bus-tickets/dhubri-to-guwahati,3,Yatra,Non AC Seater (2+2),20:15,07h 15m,03:30,2.6,350.0,40,7.2
657,658,Dhubri to Guwahati,https://www.redbus.in/bus-tickets/dhubri-to-guwahati,3,MAA MONOSHA TRAVELS,NON A/C Seater (2+1),20:00,07h 30m,03:30,New,350.0,37,7.5
658,659,Jalandhar to Delhi Airport,https://www.redbus.in/bus-tickets/jalandhar-to-delhi-airport,17,PEPSU (Punjab) - 67098,Volvo AC Seater (2+2),18:10,09h 55m,04:05,3.7,1130.0,31,9.9
659,660,Jalandhar to Delhi Airport,https://www.redbus.in/bus-tickets/jalandhar-to-delhi-airport,17,PEPSU (Punjab) - 67128,Volvo AC Seater (2+2),19:10,09h 40m,04:50,4.5,1130.0,30,9.7
660,661,Jalandhar to Delhi Airport,https://www.redbus.in/bus-tickets/jalandhar-to-delhi-airport,17,Indo Canadian Transport Pvt. Ltd.,A/C Semi Sleeper (2+2),18:00,11h 00m,05:00,4.1,3300.0,36,11.0
661,662,Jalandhar to Delhi Airport,https://www.redbus.in/bus-tickets/jalandhar-to-delhi-airport,17,Indo Canadian Transport Pvt. Ltd.,A/C Semi Sleeper (2+2),23:00,11h 00m,10:00,4.4,3300.0,44,11.0
662,663,Jalandhar to Delhi Airport,https://www.redbus.in/bus-tickets/jalandhar-to-delhi-airport,17,Indo Canadian Transport Pvt. Ltd.,A/C Semi Sleeper (2+2),16:00,11h 00m,03:00,4.4,3300.0,35,11.0
663,664,Jalandhar to Delhi Airport,https://www.redbus.in/bus-tickets/jalandhar-to-delhi-airport,17,Indo Canadian Transport Pvt. Ltd.,A/C Sleeper (2+1),20:00,11h 00m,07:00,4.4,3850.0,35,11.0
664,665,Patna (Bihar) to Araria (Bihar),https://www.redbus.in/bus-tickets/patna-to-araria,14,Bihar state road transport corporation (BSRTC) - 142847,AC Seater (2+2),21:25,07h 10m,04:35,3.1,468.0,31,7.2
665,666,Patna (Bihar) to Araria (Bihar),https://www.redbus.in/bus-tickets/patna-to-araria,14,MAA SHANTI TRAVELS,A/C Seater / Sleeper (2+1),21:25,08h 05m,05:30,4.5,600.0,19,8.1
666,667,Patna (Bihar) to Araria (Bihar),https://www.redbus.in/bus-tickets/patna-to-araria,14,Divya Rath,A/C Sleeper (2+1),20:45,08h 00m,04:45,4.6,618.0,13,8.0
667,668,Patna (Bihar) to Araria (Bihar),https://www.redbus.in/bus-tickets/patna-to-araria,14,AITIANA CRUISELINERS,A/C Seater / Sleeper (2+1),21:15,08h 15m,05:30,4.2,500.0,8,8.2
668,669,Patna (Bihar) to Araria (Bihar),https://www.redbus.in/bus-tickets/patna-to-araria,14,Shatabdi Travels,A/C Seater / Sleeper (2+1),20:20,08h 00m,04:20,3.8,600.0,21,8.0
669,670,Guntur (Andhra Pradesh) to Hyderabad,https://www.redbus.in/bus-tickets/guntur-to-hyderabad,9,APSRTC - 4246,Super Luxury (Non AC Seater 2+2 Push Back),16:00,08h 03m,00:03,3.6,483.0,27,8.1
670,671,Guntur (Andhra Pradesh) to Hyderabad,https://www.redbus.in/bus-tickets/guntur-to-hyderabad,9,APSRTC - 4256,Super Luxury (Non AC Seater 2+2 Push Back),20:30,06h 15m,02:45,3.5,451.0,33,6.2
671,672,Guntur (Andhra Pradesh) to Hyderabad,https://www.redbus.in/bus-tickets/guntur-to-hyderabad,9,APSRTC - 4737,Super Luxury (Non AC Seater 2+2 Push Back),21:00,05h 40m,02:40,3.7,483.0,28,5.7
672,673,Guntur (Andhra Pradesh) to Hyderabad,https://www.redbus.in/bus-tickets/guntur-to-hyderabad,9,APSRTC - 4250,Super Luxury (Non AC Seater 2+2 Push Back),21:15,05h 47m,03:02,4.1,483.0,20,5.8
673,674,Guntur (Andhra Pradesh) to Hyderabad,https://www.redbus.in/bus-tickets/guntur-to-hyderabad,9,APSRTC - 4620,Super Luxury (Non AC Seater 2+2 Push Back),21:45,05h 45m,03:30,3.7,483.0,5,5.8
674,675,Guntur (Andhra Pradesh) to Hyderabad,https://www.redbus.in/bus-tickets/guntur-to-hyderabad,9,APSRTC - 4188,Super Luxury (Non AC Seater 2+2 Push Back),21:50,05h 55m,03:45,3.4,483.0,21,5.9
675,676,Guntur (Andhra Pradesh) to Hyderabad,https://www.redbus.in/bus-tickets/guntur-to-hyderabad,9,APSRTC - 4198,INDRA(A.C. Seater),22:00,05h 20m,03:20,4.3,585.0,20,5.3
676,677,Guntur (Andhra Pradesh) to Hyderabad,https://www.redbus.in/bus-tickets/guntur-to-hyderabad,9,APSRTC - 4252,Super Luxury (Non AC Seater 2+2 Push Back),22:05,05h 55m,04:00,3.8,483.0,22,5.9
677,678,Guntur (Andhra Pradesh) to Hyderabad,https://www.redbus.in/bus-tickets/guntur-to-hyderabad,9,APSRTC - 4611,Super Luxury (Non AC Seater 2+2 Push Back),22:15,05h 45m,04:00,4.1,483.0,16,5.8
678,679,Guntur (Andhra Pradesh) to Hyderabad,https://www.redbus.in/bus-tickets/guntur-to-hyderabad,9,APSRTC - 4628,Super Luxury (Non AC Seater 2+2 Push Back),22:30,06h 00m,04:30,4.4,483.0,7,6.0
679,680,Guntur (Andhra Pradesh) to Hyderabad,https://www.redbus.in/bus-tickets/guntur-to-hyderabad,9,TSRTC - 6595,"SUPER LUXURY (NON-AC, 2 + 2 PUSH BACK)",15:00,05h 20m,20:20,3.6,364.0,12,5.3
680,681,Guntur (Andhra Pradesh) to Hyderabad,https://www.redbus.in/bus-tickets/guntur-to-hyderabad,9,TSRTC - 1575,"SUPER LUXURY (NON-AC, 2 + 2 PUSH BACK)",16:30,05h 20m,21:50,3.9,364.0,22,5.3
681,682,Guntur (Andhra Pradesh) to Hyderabad,https://www.redbus.in/bus-tickets/guntur-to-hyderabad,9,TSRTC - 7772,"SUPER LUXURY (NON-AC, 2 + 2 PUSH BACK)",17:30,07h 15m,00:45,2.3,394.0,31,7.2
682,683,Guntur (Andhra Pradesh) to Hyderabad,https://www.redbus.in/bus-tickets/guntur-to-hyderabad,9,TSRTC - 9569,"SUPER LUXURY (NON-AC, 2 + 2 PUSH BACK)",18:00,06h 15m,00:15,3.6,364.0,29,6.2
683,684,Guntur (Andhra Pradesh) to Hyderabad,https://www.redbus.in/bus-tickets/guntur-to-hyderabad,9,TSRTC - 7770,"SUPER LUXURY (NON-AC, 2 + 2 PUSH BACK)",19:30,06h 45m,02:15,3.6,395.0,27,6.8
684,685,Guntur (Andhra Pradesh) to Hyderabad,https://www.redbus.in/bus-tickets/guntur-to-hyderabad,9,TSRTC - 7774,Lahari Non A/C Sleeper Cum Seater,20:30,07h 00m,03:30,4.5,397.0,22,7.0
685,686,Guntur (Andhra Pradesh) to Hyderabad,https://www.redbus.in/bus-tickets/guntur-to-hyderabad,9,TSRTC - 9690,"SUPER LUXURY (NON-AC, 2 + 2 PUSH BACK)",21:30,05h 15m,02:45,4.5,454.0,13,5.2
686,687,Guntur (Andhra Pradesh) to Hyderabad,https://www.redbus.in/bus-tickets/guntur-to-hyderabad,9,TSRTC - 1618,"SUPER LUXURY (NON-AC, 2 + 2 PUSH BACK)",22:30,05h 15m,03:45,4.0,364.0,22,5.2
687,688,Guntur (Andhra Pradesh) to Hyderabad,https://www.redbus.in/bus-tickets/guntur-to-hyderabad,9,IntrCity SmartBus,AC Sleeper (2+1),22:35,06h 35m,05:10,4.6,871.0,12,6.6
688,689,Guntur (Andhra Pradesh) to Hyderabad,https://www.redbus.in/bus-tickets/guntur-to-hyderabad,9,Zingbus Plus,A/C Seater / Sleeper (2+1),21:45,07h 20m,05:05,4.6,487.0,20,7.3
689,690,Guntur (Andhra Pradesh) to Hyderabad,https://www.redbus.in/bus-tickets/guntur-to-hyderabad,9,GMRK Tours and Travels,Volvo A/C Semi Sleeper (2+2),22:45,06h 25m,05:10,4.5,399.0,18,6.4
690,691,Guntur (Andhra Pradesh) to Hyderabad,https://www.redbus.in/bus-tickets/guntur-to-hyderabad,9,AdShyamoli Paribahan Pvt Ltd,Scania Multi-Axle AC Semi Sleeper (2+2),22:20,06h 40m,05:00,3.1,375.0,29,6.7
691,692,Guntur (Andhra Pradesh) to Hyderabad,https://www.redbus.in/bus-tickets/guntur-to-hyderabad,9,IntrCity SmartBus,A/C Sleeper (2+1),22:55,06h 30m,05:25,4.6,1145.0,12,6.5
692,693,Guntur (Andhra Pradesh) to Hyderabad,https://www.redbus.in/bus-tickets/guntur-to-hyderabad,9,IntrCity SmartBus,Scania AC Multi Axle Sleeper (2+1),22:15,07h 45m,06:00,4.5,832.0,13,7.8
693,694,Guntur (Andhra Pradesh) to Hyderabad,https://www.redbus.in/bus-tickets/guntur-to-hyderabad,9,IntrCity SmartBus,A/C Seater / Sleeper (2+1),22:45,07h 00m,05:45,4.4,567.0,15,7.0
694,695,Guntur (Andhra Pradesh) to Hyderabad,https://www.redbus.in/bus-tickets/guntur-to-hyderabad,9,Svkdt travels,A/C Sleeper (2+1),22:20,07h 15m,05:35,4.3,890.0,16,7.2
695,696,Guntur (Andhra Pradesh) to Hyderabad,https://www.redbus.in/bus-tickets/guntur-to-hyderabad,9,Sri Sanvi Tours and Travels,A/C Sleeper (2+1),22:15,06h 45m,05:00,4.7,764.0,17,6.8
696,697,Guntur (Andhra Pradesh) to Hyderabad,https://www.redbus.in/bus-tickets/guntur-to-hyderabad,9,Sri KVR Travels,A/C Sleeper (2+1),22:40,06h 50m,05:30,4.3,890.0,12,6.8
697,698,Badaun to Delhi,https://www.redbus.in/bus-tickets/badaun-to-delhi,2,UPSRTC - SKD0022,Ordinary Non AC Seater 2+3,16:00,07h 45m,23:45,3.3,368.0,52,7.8
698,699,Badaun to Delhi,https://www.redbus.in/bus-tickets/badaun-to-delhi,2,UPSRTC - BDN0022,Ordinary Non AC Seater 2+3,20:00,06h 00m,02:00,3.3,403.0,52,6.0
699,700,Badaun to Delhi,https://www.redbus.in/bus-tickets/badaun-to-delhi,2,UPSRTC - KSB0004,Shatabdi AC Seater 2+2,23:00,06h 00m,05:00,3.4,505.0,26,6.0
700,701,Digha to Kolkata,https://www.redbus.in/bus-tickets/digha-to-kolkata,4,WBTC (CTC) SHYAMBAZAR - DIGHA VIA- ESPLANADE (AC-VOLVO) - 52|14:46,Volvo AC Seater (2+2),14:46,04h 45m,19:31,4.5,370.0,35,4.8
701,702,Digha to Kolkata,https://www.redbus.in/bus-tickets/digha-to-kolkata,4,WBTC (CTC) HABRA-DIGHA via Bally - 26|14:50,Non AC Seater (2+3),14:50,04h 15m,19:05,3.9,146.0,45,4.2
702,703,Digha to Kolkata,https://www.redbus.in/bus-tickets/digha-to-kolkata,4,WBTC (CTC) Khidderpur - Digha - 97|15:00,Non AC Seater (2+3),15:00,05h 00m,20:00,3.7,151.0,49,5.0
703,704,Digha to Kolkata,https://www.redbus.in/bus-tickets/digha-to-kolkata,4,WBTC (CTC) Joka - Tollygunge - Digha - 99|15:30,Non AC Seater (2+3),15:30,04h 15m,19:45,3.7,145.0,49,4.2
704,705,Digha to Kolkata,https://www.redbus.in/bus-tickets/digha-to-kolkata,4,WBTC (CTC) MADHYAMGRAM - DIGHA via Belghoria - 130|16:00,Non AC Seater (2+3),16:00,04h 30m,20:30,2.9,147.0,47,4.5
705,706,Digha to Kolkata,https://www.redbus.in/bus-tickets/digha-to-kolkata,4,WBTC (CTC) Tollygunge - Digha - 200|16:30,Non AC Seater (2+3),16:30,04h 15m,20:45,3.7,145.0,49,4.2
706,707,Digha to Kolkata,https://www.redbus.in/bus-tickets/digha-to-kolkata,4,WBTC (CTC) BARASAT-DIGHA via Bally - 38|16:45,Non AC Seater (2+3),16:45,04h 00m,20:45,3.6,146.0,44,4.0
707,708,Digha to Kolkata,https://www.redbus.in/bus-tickets/digha-to-kolkata,4,SBSTC-DIGHA - GARIA - A/C - 14:50 (DIG DEPOT) - 735,AC Seater (2+2),14:50,04h 30m,19:20,2.6,310.0,37,4.5
708,709,Digha to Kolkata,https://www.redbus.in/bus-tickets/digha-to-kolkata,4,SBSTC-DIGHA - GARIA - VIA - KOLKATA - 15:10 - 734,Non AC Seater (2+3),15:10,05h 30m,20:40,3.7,162.0,52,5.5
709,710,Digha to Kolkata,https://www.redbus.in/bus-tickets/digha-to-kolkata,4,SBSTC-DIGHA - KARUNAMOYEE - VIA DUNLOP - 15:20 (DIGHA) - 3244,Non AC Seater (2+3),15:20,05h 00m,20:20,3.5,170.0,52,5.0
710,711,Digha to Kolkata,https://www.redbus.in/bus-tickets/digha-to-kolkata,4,SBSTC-DIGHA - GARIA - VIA - KOLKATA - 16:40 (FALTA DEPOT - 3704,Non AC Seater (2+3),16:40,04h 30m,21:10,3.7,155.0,47,4.5
711,712,Digha to Kolkata,https://www.redbus.in/bus-tickets/digha-to-kolkata,4,Maa Chandi Travels,A/C Seater / Sleeper (2+2),14:30,04h 40m,19:10,3.5,370.0,17,4.7
712,713,Digha to Kolkata,https://www.redbus.in/bus-tickets/digha-to-kolkata,4,Sneha Gold Bus Service,A/C Seater (2+3),16:30,05h 00m,21:30,4.5,300.0,20,5.0
713,714,Digha to Kolkata,https://www.redbus.in/bus-tickets/digha-to-kolkata,4,Snemita Paribahan(Shinjini),A/C Seater (2+3),22:45,05h 25m,04:10,2.8,320.0,18,5.4
714,715,Digha to Kolkata,https://www.redbus.in/bus-tickets/digha-to-kolkata,4,Satya Paribahan,A/C Seater (2+3),23:00,04h 45m,03:45,2.7,245.0,32,4.8
715,716,Digha to Kolkata,https://www.redbus.in/bus-tickets/digha-to-kolkata,4,Parameswar Travels,A/C Seater Push Back (2+3),20:00,05h 35m,01:35,3.4,285.0,20,5.6
716,717,Digha to Kolkata,https://www.redbus.in/bus-tickets/digha-to-kolkata,4,Snemita Paribahan (Shinjini),AC Seater (2+3),23:35,04h 10m,03:45,2.8,420.0,8,4.2
717,718,Digha to Kolkata,https://www.redbus.in/bus-tickets/digha-to-kolkata,4,Parameswar Travels,A/C Seater Push Back (2+3),18:10,05h 05m,23:15,2.7,285.0,31,5.1
718,719,Digha to Kolkata,https://www.redbus.in/bus-tickets/digha-to-kolkata,4,Basu Travels,A/C Seater Push Back (2+3),17:30,05h 00m,22:30,2.3,419.0,30,5.0
719,720,Digha to Kolkata,https://www.redbus.in/bus-tickets/digha-to-kolkata,4,Aradhana Travels,A/C Seater / Sleeper (2+2),18:35,04h 25m,23:00,1.4,475.0,19,4.4
720,721,Digha to Kolkata,https://www.redbus.in/bus-tickets/digha-to-kolkata,4,The Joy Ride,A/C Seater / Sleeper (2+2),21:15,05h 15m,02:30,3.5,650.0,36,5.2
721,722,Goa to Bangalore,https://www.redbus.in/bus-tickets/goa-to-bangalore,10,Intercity travels,Bharat Benz A/C Sleeper (2+1),18:00,13h 15m,07:15,4.6,1099.0,11,13.2
722,723,Goa to Bangalore,https://www.redbus.in/bus-tickets/goa-to-bangalore,10,IntrCity SmartBus,AC Sleeper (2+1),19:00,13h 35m,08:35,4.3,1143.0,5,13.6
723,724,Goa to Bangalore,https://www.redbus.in/bus-tickets/goa-to-bangalore,10,Shanta Travels,NON A/C Sleeper (2+1),18:15,13h 00m,07:15,4.1,910.0,4,13.0
724,725,Goa to Bangalore,https://www.redbus.in/bus-tickets/goa-to-bangalore,10,Streamline tours and travels,A/C Sleeper (2+1),19:00,12h 30m,07:30,4.0,1499.0,10,12.5
725,726,Goa to Bangalore,https://www.redbus.in/bus-tickets/goa-to-bangalore,10,Streamline tours and travels,A/C Sleeper (2+1),18:00,12h 30m,06:30,4.0,1499.0,11,12.5
726,727,Goa to Bangalore,https://www.redbus.in/bus-tickets/goa-to-bangalore,10,VRL Travels,NON A/C Sleeper (2+1),18:00,14h 00m,08:00,3.9,800.0,2,14.0
727,728,Goa to Bangalore,https://www.redbus.in/bus-tickets/goa-to-bangalore,10,Sea Bird Tourist,A/C Sleeper (2+1),20:30,13h 00m,09:30,3.4,1100.0,1,13.0
728,729,Goa to Bangalore,https://www.redbus.in/bus-tickets/goa-to-bangalore,10,Sea Bird Tourist,Volvo Multi-Axle I-Shift B11R Semi Sleeper (2+2),21:00,12h 00m,09:00,3.3,1000.0,25,12.0
729,730,Goa to Bangalore,https://www.redbus.in/bus-tickets/goa-to-bangalore,10,Sugama Tourist,NON A/C Sleeper (2+1),19:45,12h 00m,07:45,3.3,950.0,5,12.0
730,731,Goa to Bangalore,https://www.redbus.in/bus-tickets/goa-to-bangalore,10,Sea Bird Tourist,NON A/C Sleeper (2+1),17:30,14h 00m,07:30,3.1,700.0,12,14.0
731,732,Digha to Asansol (West Bengal),https://www.redbus.in/bus-tickets/digha-to-asansol,12,SBSTC-DIGHA - ASANSOL - VIA - MEDINIPUR-DURGAPUR - 21:30 - 1553,Non AC Seater (2+3),21:30,09h 40m,07:10,3.6,267.0,40,9.7
732,733,Digha to Asansol (West Bengal),https://www.redbus.in/bus-tickets/digha-to-asansol,12,New Eureka Travels,A/C Seater / Sleeper (2+2),19:30,09h 30m,05:00,2.8,700.0,50,9.5
733,734,Purnea to Patna (Bihar),https://www.redbus.in/bus-tickets/purnea-to-patna,14,Bihar state road transport corporation (BSRTC) - 156563,AC Seater (2+2),19:00,09h 00m,04:00,4.5,468.0,31,9.0
734,735,Purnea to Patna (Bihar),https://www.redbus.in/bus-tickets/purnea-to-patna,14,AITIANA CRUISELINERS,A/C Seater / Sleeper (2+1),21:00,09h 00m,06:00,4.1,500.0,5,9.0
735,736,Purnea to Patna (Bihar),https://www.redbus.in/bus-tickets/purnea-to-patna,14,Aitiana Airwings,Benz A/C Sleeper (2+1),21:00,08h 00m,05:00,4.1,650.0,6,8.0
736,737,Purnea to Patna (Bihar),https://www.redbus.in/bus-tickets/purnea-to-patna,14,Divya Rath,A/C Sleeper (2+1),20:30,09h 00m,05:30,4.4,618.0,3,9.0
737,738,Purnea to Patna (Bihar),https://www.redbus.in/bus-tickets/purnea-to-patna,14,Sri Krishna Rath,A/C Seater / Sleeper (2+2),21:00,07h 15m,04:15,1.8,449.0,23,7.2
738,739,Aligarh (uttar pradesh) to Agra,https://www.redbus.in/bus-tickets/aligarh-to-agra,2,UPSRTC - BDV0079,Janrath AC Seater 2+2,16:59,02h 11m,19:10,3.3,215.0,36,2.2
739,740,Aligarh (uttar pradesh) to Agra,https://www.redbus.in/bus-tickets/aligarh-to-agra,2,UPSRTC - ALI0333,Janrath AC Seater 2+2,17:59,02h 31m,20:30,3.3,215.0,36,2.5
740,741,Aligarh (uttar pradesh) to Agra,https://www.redbus.in/bus-tickets/aligarh-to-agra,2,UPSRTC - HTR0132,Ordinary Non AC Seater 2+3,19:00,03h 00m,22:00,3.3,140.0,52,3.0
741,742,Aligarh (uttar pradesh) to Agra,https://www.redbus.in/bus-tickets/aligarh-to-agra,2,UPSRTC - AWD0199,Pink Express AC Seater 2+2,20:02,01h 58m,22:00,4.4,215.0,37,2.0
742,743,Aligarh (uttar pradesh) to Agra,https://www.redbus.in/bus-tickets/aligarh-to-agra,2,UPSRTC - BDV0077,Janrath AC Seater 2+2,21:20,02h 10m,23:30,3.3,215.0,36,2.2
743,744,Beawar (Rajasthan) to Jaipur (Rajasthan),https://www.redbus.in/bus-tickets/beawer-to-jaipur,18,RSRTC - 190537,Express Non AC Seater 2+3,15:40,04h 00m,19:40,3.8,211.0,42,4.0
744,745,Beawar (Rajasthan) to Jaipur (Rajasthan),https://www.redbus.in/bus-tickets/beawer-to-jaipur,18,RSRTC - 180708,Express Non AC Seater 2+3,15:45,04h 45m,20:30,3.8,211.0,42,4.8
745,746,Beawar (Rajasthan) to Jaipur (Rajasthan),https://www.redbus.in/bus-tickets/beawer-to-jaipur,18,RSRTC - 157455,Super Luxury Volvo AC Seater Pushback 2+2,16:00,03h 15m,19:15,3.2,424.0,37,3.2
746,747,Beawar (Rajasthan) to Jaipur (Rajasthan),https://www.redbus.in/bus-tickets/beawer-to-jaipur,18,RSRTC - 193666,Express Non AC Seater 2+3,16:25,04h 25m,20:50,3.8,211.0,42,4.4
747,748,Beawar (Rajasthan) to Jaipur (Rajasthan),https://www.redbus.in/bus-tickets/beawer-to-jaipur,18,RSRTC - 157466,Express Non AC Seater 2+3,16:40,05h 05m,21:45,3.8,211.0,42,5.1
748,749,Beawar (Rajasthan) to Jaipur (Rajasthan),https://www.redbus.in/bus-tickets/beawer-to-jaipur,18,RSRTC - 169915,Express Non AC Seater 2+3,17:30,04h 00m,21:30,3.8,211.0,42,4.0
749,750,Beawar (Rajasthan) to Jaipur (Rajasthan),https://www.redbus.in/bus-tickets/beawer-to-jaipur,18,RSRTC - 190595,Express Non AC Seater 2+3,17:35,04h 25m,22:00,3.8,211.0,42,4.4
750,751,Beawar (Rajasthan) to Jaipur (Rajasthan),https://www.redbus.in/bus-tickets/beawer-to-jaipur,18,RSRTC - 188046,Express Non AC Seater 2+3,17:45,03h 45m,21:30,3.8,211.0,42,3.8
751,752,Beawar (Rajasthan) to Jaipur (Rajasthan),https://www.redbus.in/bus-tickets/beawer-to-jaipur,18,RSRTC - 146140,Super Luxury Volvo AC Seater Pushback 2+2,17:45,03h 15m,21:00,4.7,424.0,27,3.2
752,753,Beawar (Rajasthan) to Jaipur (Rajasthan),https://www.redbus.in/bus-tickets/beawer-to-jaipur,18,RSRTC - 173326,Express Non AC Seater 2+3,17:50,03h 55m,21:45,3.8,211.0,42,3.9
753,754,Beawar (Rajasthan) to Jaipur (Rajasthan),https://www.redbus.in/bus-tickets/beawer-to-jaipur,18,Jain travels regd,NON AC Seater / Sleeper 2+1,14:40,03h 50m,18:30,3.5,400.0,27,3.8
754,755,Beawar (Rajasthan) to Jaipur (Rajasthan),https://www.redbus.in/bus-tickets/beawer-to-jaipur,18,Jain travels regd,A/C Seater / Sleeper (2+1),17:20,03h 25m,20:45,3.5,500.0,20,3.4
755,756,Beawar (Rajasthan) to Jaipur (Rajasthan),https://www.redbus.in/bus-tickets/beawer-to-jaipur,18,Jain travels regd,NON AC Seater / Sleeper 2+1,19:30,03h 30m,23:00,3.5,350.0,42,3.5
756,757,Beawar (Rajasthan) to Jaipur (Rajasthan),https://www.redbus.in/bus-tickets/beawer-to-jaipur,18,Devraj Travels,Bharat Benz A/C Seater /Sleeper (2+1),21:20,02h 39m,23:59,3.5,500.0,38,2.6
757,758,Beawar (Rajasthan) to Jaipur (Rajasthan),https://www.redbus.in/bus-tickets/beawer-to-jaipur,18,Pandit Travels,NON AC Seater / Sleeper 2+1,21:45,03h 30m,01:15,4.0,500.0,29,3.5
758,759,Beawar (Rajasthan) to Jaipur (Rajasthan),https://www.redbus.in/bus-tickets/beawer-to-jaipur,18,Jain travels regd,NON AC Seater/ Sleeper (2+1),22:21,03h 36m,01:57,3.5,550.0,36,3.6
759,760,Beawar (Rajasthan) to Jaipur (Rajasthan),https://www.redbus.in/bus-tickets/beawer-to-jaipur,18,FlixBus,A/C Sleeper (2+1),23:00,03h 25m,02:25,4.0,541.0,14,3.4
760,761,Beawar (Rajasthan) to Jaipur (Rajasthan),https://www.redbus.in/bus-tickets/beawer-to-jaipur,18,Sagwan Travels,A/C Seater / Sleeper (2+1),23:30,03h 13m,02:43,3.4,475.0,37,3.2
761,762,Beawar (Rajasthan) to Jaipur (Rajasthan),https://www.redbus.in/bus-tickets/beawer-to-jaipur,18,Chanakya Travels Agency,A/C Seater / Sleeper (2+1),23:45,05h 30m,05:15,3.8,500.0,23,5.5
762,763,Beawar (Rajasthan) to Jaipur (Rajasthan),https://www.redbus.in/bus-tickets/beawer-to-jaipur,18,Chanakya Travels Agency,A/C Seater / Sleeper (2+1),00:15,05h 00m,05:15,3.8,600.0,40,5.0
763,764,Kalpetta (kerala) to Kozhikode,https://www.redbus.in/bus-tickets/kalpetta-to-kozhikode,6,KSRTC (Kerala) - 323,Super Fast Non AC Seater (2+3),15:30,01h 55m,17:25,2.4,111.0,39,1.9
764,765,Kalpetta (kerala) to Kozhikode,https://www.redbus.in/bus-tickets/kalpetta-to-kozhikode,6,KSRTC (Kerala) - 48,Swift Deluxe Non AC Air Bus (2+2),17:10,01h 50m,19:00,3.8,145.0,30,1.8
765,766,Kalpetta (kerala) to Kozhikode,https://www.redbus.in/bus-tickets/kalpetta-to-kozhikode,6,KSRTC (Kerala) - 1129,Super Fast Non AC Seater (2+3),17:31,02h 45m,20:16,2.7,108.0,32,2.8
766,767,Kalpetta (kerala) to Kozhikode,https://www.redbus.in/bus-tickets/kalpetta-to-kozhikode,6,KSRTC (Kerala) - 567,Super Express Non AC Seater Air Bus (2+2),18:01,02h 39m,20:40,3.6,129.0,13,2.6
767,768,Kalpetta (kerala) to Kozhikode,https://www.redbus.in/bus-tickets/kalpetta-to-kozhikode,6,KSRTC (Kerala) - 42,Swift Deluxe Non AC Air Bus (2+2),18:55,02h 30m,21:25,3.6,145.0,26,2.5
768,769,Kalpetta (kerala) to Kozhikode,https://www.redbus.in/bus-tickets/kalpetta-to-kozhikode,6,KSRTC (Kerala) - 815,Super Fast Non AC Seater (2+3),19:20,01h 50m,21:10,3.6,111.0,49,1.8
769,770,Kalpetta (kerala) to Kozhikode,https://www.redbus.in/bus-tickets/kalpetta-to-kozhikode,6,KSRTC (Kerala) - 1378,AC MULTI AXLE,19:20,01h 30m,20:50,3.6,227.0,4,1.5
770,771,Kalpetta (kerala) to Kozhikode,https://www.redbus.in/bus-tickets/kalpetta-to-kozhikode,6,KSRTC (Kerala) - 1193,Super Fast Non AC Seater (2+3),19:35,02h 00m,21:35,3.6,108.0,40,2.0
771,772,Kalpetta (kerala) to Kozhikode,https://www.redbus.in/bus-tickets/kalpetta-to-kozhikode,6,KSRTC (Kerala) - 2472,Garuda Premium,20:00,02h 00m,22:00,3.6,1212.0,25,2.0
772,773,Kalpetta (kerala) to Kozhikode,https://www.redbus.in/bus-tickets/kalpetta-to-kozhikode,6,KSRTC (Kerala) - 44,Swift Deluxe Non AC Air Bus (2+2),20:05,01h 45m,21:50,3.6,145.0,19,1.8
773,774,Kalpetta (kerala) to Kozhikode,https://www.redbus.in/bus-tickets/kalpetta-to-kozhikode,6,Cochin Express,A/C Sleeper (2+1),22:30,01h 29m,23:59,4.1,850.0,5,1.5
774,775,Kalpetta (kerala) to Kozhikode,https://www.redbus.in/bus-tickets/kalpetta-to-kozhikode,6,Cochin Express,Volvo Multi-Axle B9R A/c Semi Sleeper (2+2),22:25,01h 34m,23:59,4.1,667.0,14,1.6
775,776,Kalpetta (kerala) to Kozhikode,https://www.redbus.in/bus-tickets/kalpetta-to-kozhikode,6,Cochin Express,A/C Sleeper (2+1),22:30,01h 29m,23:59,4.1,850.0,5,1.5
776,777,Kalpetta (kerala) to Kozhikode,https://www.redbus.in/bus-tickets/kalpetta-to-kozhikode,6,Cochin Express,Volvo Multi-Axle B9R A/c Semi Sleeper (2+2),22:25,01h 34m,23:59,4.1,667.0,14,1.6
777,778,Kalpetta (kerala) to Kozhikode,https://www.redbus.in/bus-tickets/kalpetta-to-kozhikode,6,A1 Travels,Bharat Benz A/C Sleeper (2+1),21:00,02h 30m,23:30,3.3,500.0,32,2.5
778,779,Kalpetta (kerala) to Kozhikode,https://www.redbus.in/bus-tickets/kalpetta-to-kozhikode,6,Cochin Express,A/C Seater Push Back (2+2),22:30,01h 25m,23:55,4.1,700.0,41,1.4
779,780,Kalpetta (kerala) to Kozhikode,https://www.redbus.in/bus-tickets/kalpetta-to-kozhikode,6,Cochin Express,A/C Seater Push Back (2+2),22:30,01h 25m,23:55,4.1,700.0,41,1.4
780,781,Kalpetta (kerala) to Kozhikode,https://www.redbus.in/bus-tickets/kalpetta-to-kozhikode,6,Sonia Travels,A/C Seater/Sleeper (2+1),19:30,03h 59m,23:29,3.8,750.0,40,4.0
781,782,Kalpetta (kerala) to Kozhikode,https://www.redbus.in/bus-tickets/kalpetta-to-kozhikode,6,Sonia Travels,A/C Semi Sleeper (2+2),20:45,02h 55m,23:40,3.8,300.0,36,2.9
782,783,Kalpetta (kerala) to Kozhikode,https://www.redbus.in/bus-tickets/kalpetta-to-kozhikode,6,Sonia Travels,A/C Semi Sleeper (2+2),21:30,02h 10m,23:40,3.8,300.0,36,2.2
783,784,Aligarh (uttar pradesh) to Haridwar,https://www.redbus.in/bus-tickets/aligarh-to-haridwar,2,UPSRTC - ALI0153,Ordinary Non AC Seater 2+3,20:00,07h 20m,03:20,3.3,488.0,52,7.3
784,785,Aligarh (uttar pradesh) to Haridwar,https://www.redbus.in/bus-tickets/aligarh-to-haridwar,2,UPSRTC - TAJ0047,Pink Express AC Seater 2+2,21:55,06h 19m,04:14,4.5,739.0,37,6.3
785,786,Aligarh (uttar pradesh) to Haridwar,https://www.redbus.in/bus-tickets/aligarh-to-haridwar,2,UPSRTC - TAJ0051,Janrath AC Seater 2+3,23:00,06h 30m,05:30,2.3,606.0,48,6.5
786,787,Aligarh (uttar pradesh) to Haridwar,https://www.redbus.in/bus-tickets/aligarh-to-haridwar,2,SHRI KRISHNA TRAVELS (JAI SHREE GANESH YATRA CO.),Bharat Benz A/C Seater /Sleeper (2+1),23:59,04h 31m,04:30,2.7,899.0,19,4.5
787,788,Goa to Mopa Airport,https://www.redbus.in/bus-tickets/goa-to-mopa-airport,10,Kadamba Transport Corporation Limited (KTCL) - 158967,A/C Seater (2+3),15:00,02h 00m,17:00,4.7,400.0,47,2.0
788,789,Goa to Mopa Airport,https://www.redbus.in/bus-tickets/goa-to-mopa-airport,10,Kadamba Transport Corporation Limited (KTCL) - 158967,A/C Seater (2+3),15:55,01h 05m,17:00,3.5,200.0,47,1.1
789,790,Siliguri to Ranaghat,https://www.redbus.in/bus-tickets/siliguri-to-ranaghat,1,NBSTC-SLG-KOL-R1-18:30,NON A/C Seater Push Back (2+2),18:30,10h 20m,04:50,4.2,423.0,2,10.3
790,791,Siliguri to Ranaghat,https://www.redbus.in/bus-tickets/siliguri-to-ranaghat,1,Lokenath Bus Service,Volvo Multi-Axle A/C Seater/Sleeper (2+1),18:45,09h 45m,04:30,4.8,1150.0,33,9.8
791,792,Siliguri to Ranaghat,https://www.redbus.in/bus-tickets/siliguri-to-ranaghat,1,Lokenath Bus Service,Volvo 9600 Multi-Axle A/C Sleeper (2+1),19:15,09h 35m,04:50,4.6,1500.0,26,9.6
792,793,Siliguri to Ranaghat,https://www.redbus.in/bus-tickets/siliguri-to-ranaghat,1,RAYAN,NON A/C Seater / Sleeper (2+2),16:50,12h 10m,05:00,New,450.0,59,12.2
793,794,Siliguri to Ranaghat,https://www.redbus.in/bus-tickets/siliguri-to-ranaghat,1,Aradhana Bus Service,NON A/C Seater / Sleeper (2+2),14:45,12h 25m,03:10,2.4,665.0,29,12.4
794,795,Karimganj to Shillong,https://www.redbus.in/bus-tickets/karimganj-to-shillong,5,JAYSIKA,NON A/C Seater Push Back (2+1),17:20,09h 40m,03:00,2.5,650.0,35,9.7
795,796,Anantapur (andhra pradesh) to Hyderabad,https://www.redbus.in/bus-tickets/ananthapur-to-hyderabad,7,APSRTC - 6635,Super Luxury (Non AC Seater 2+2 Push Back),20:15,08h 44m,04:59,3.7,634.0,33,8.7
796,797,Anantapur (andhra pradesh) to Hyderabad,https://www.redbus.in/bus-tickets/ananthapur-to-hyderabad,7,APSRTC - 6734,Super Luxury (Non AC Seater 2+2 Push Back),20:30,08h 30m,05:00,3.7,634.0,32,8.5
797,798,Anantapur (andhra pradesh) to Hyderabad,https://www.redbus.in/bus-tickets/ananthapur-to-hyderabad,7,APSRTC - 6949,Super Luxury (Non AC Seater 2+2 Push Back),21:00,08h 29m,05:29,3.8,616.0,19,8.5
798,799,Anantapur (andhra pradesh) to Hyderabad,https://www.redbus.in/bus-tickets/ananthapur-to-hyderabad,7,APSRTC - 6730,Super Luxury (Non AC Seater 2+2 Push Back),21:30,07h 00m,04:30,3.4,616.0,34,7.0
799,800,Anantapur (andhra pradesh) to Hyderabad,https://www.redbus.in/bus-tickets/ananthapur-to-hyderabad,7,APSRTC - 6637,Super Luxury (Non AC Seater 2+2 Push Back),21:30,09h 09m,06:39,3.4,634.0,18,9.2
800,801,Anantapur (andhra pradesh) to Hyderabad,https://www.redbus.in/bus-tickets/ananthapur-to-hyderabad,7,APSRTC - 5693,Super Luxury (Non AC Seater 2+2 Push Back),21:30,07h 45m,05:15,4.6,611.0,23,7.8
801,802,Anantapur (andhra pradesh) to Hyderabad,https://www.redbus.in/bus-tickets/ananthapur-to-hyderabad,7,APSRTC - 6805,Super Luxury (Non AC Seater 2+2 Push Back),21:45,08h 25m,06:10,4.3,616.0,23,8.4
802,803,Anantapur (andhra pradesh) to Hyderabad,https://www.redbus.in/bus-tickets/ananthapur-to-hyderabad,7,APSRTC - 56911,Super Luxury (Non AC Seater 2+2 Push Back),21:55,06h 35m,04:30,3.9,616.0,33,6.6
803,804,Anantapur (andhra pradesh) to Hyderabad,https://www.redbus.in/bus-tickets/ananthapur-to-hyderabad,7,APSRTC - 6834,Super Luxury (Non AC Seater 2+2 Push Back),22:00,07h 49m,05:49,3.8,611.0,26,7.8
804,805,Anantapur (andhra pradesh) to Hyderabad,https://www.redbus.in/bus-tickets/ananthapur-to-hyderabad,7,APSRTC - 6892,Super Luxury (Non AC Seater 2+2 Push Back),22:15,06h 30m,04:45,4.1,616.0,25,6.5
805,806,Anantapur (andhra pradesh) to Hyderabad,https://www.redbus.in/bus-tickets/ananthapur-to-hyderabad,7,Sri Balaji Transports,A/C Seater / Sleeper (2+1),22:35,06h 52m,05:27,4.4,770.0,24,6.9
806,807,Anantapur (andhra pradesh) to Hyderabad,https://www.redbus.in/bus-tickets/ananthapur-to-hyderabad,7,Sri Balaji Transports,A/C Sleeper (2+1),22:55,06h 27m,05:22,4.5,1090.0,10,6.5
807,808,Anantapur (andhra pradesh) to Hyderabad,https://www.redbus.in/bus-tickets/ananthapur-to-hyderabad,7,IntrCity SmartBus,A/C Seater / Sleeper (2+1),23:35,06h 25m,06:00,4.3,608.0,7,6.4
808,809,Anantapur (andhra pradesh) to Hyderabad,https://www.redbus.in/bus-tickets/ananthapur-to-hyderabad,7,AdSadiq Tours and Travels,A/C Sleeper (2+1),22:00,07h 25m,05:25,3.2,900.0,18,7.4
809,810,Anantapur (andhra pradesh) to Hyderabad,https://www.redbus.in/bus-tickets/ananthapur-to-hyderabad,7,Al madeena Travels,Non A/C Seater / Sleeper (2+1),22:10,07h 20m,05:30,4.2,650.0,8,7.3
810,811,Vijayawada to Hyderabad,https://www.redbus.in/bus-tickets/vijayawada-to-hyderabad,7,APSRTC - 35271,INDRA(A.C. Seater),16:00,05h 50m,21:50,3.2,567.0,30,5.8
811,812,Vijayawada to Hyderabad,https://www.redbus.in/bus-tickets/vijayawada-to-hyderabad,7,APSRTC - 3585,AMARAVATHI (VOLVO / SCANIA A.C Multi Axle),16:30,05h 55m,22:25,4.4,720.0,17,5.9
812,813,Vijayawada to Hyderabad,https://www.redbus.in/bus-tickets/vijayawada-to-hyderabad,7,APSRTC - 35133,AMARAVATHI (VOLVO / SCANIA A.C Multi Axle),17:00,05h 50m,22:50,3.2,720.0,39,5.8
813,814,Vijayawada to Hyderabad,https://www.redbus.in/bus-tickets/vijayawada-to-hyderabad,7,APSRTC - 35135,AMARAVATHI (VOLVO / SCANIA A.C Multi Axle),17:45,05h 52m,23:37,4.3,720.0,35,5.9
814,815,Vijayawada to Hyderabad,https://www.redbus.in/bus-tickets/vijayawada-to-hyderabad,7,APSRTC - 35085,DOLPHIN CRUISE (VOLVO / SCANIA A.C Multi Axle),18:30,06h 00m,00:30,4.0,720.0,41,6.0
815,816,Vijayawada to Hyderabad,https://www.redbus.in/bus-tickets/vijayawada-to-hyderabad,7,APSRTC - 3613,Super Luxury (Non AC Seater 2+2 Push Back),19:00,07h 42m,02:42,3.1,469.0,27,7.7
816,817,Vijayawada to Hyderabad,https://www.redbus.in/bus-tickets/vijayawada-to-hyderabad,7,APSRTC - 9316,Super Luxury (Non AC Seater 2+2 Push Back),20:20,07h 50m,04:10,4.1,469.0,21,7.8
817,818,Vijayawada to Hyderabad,https://www.redbus.in/bus-tickets/vijayawada-to-hyderabad,7,APSRTC - 35189,DOLPHIN CRUISE (VOLVO / SCANIA A.C Multi Axle),20:30,04h 35m,01:05,3.9,670.0,21,4.6
818,819,Vijayawada to Hyderabad,https://www.redbus.in/bus-tickets/vijayawada-to-hyderabad,7,APSRTC - 4046,Super Luxury (Non AC Seater 2+2 Push Back),21:00,06h 40m,03:40,4.4,469.0,12,6.7
819,820,Vijayawada to Hyderabad,https://www.redbus.in/bus-tickets/vijayawada-to-hyderabad,7,APSRTC - 9651,Super Luxury (Non AC Seater 2+2 Push Back),21:00,07h 41m,04:41,4.3,469.0,20,7.7
820,821,Vijayawada to Hyderabad,https://www.redbus.in/bus-tickets/vijayawada-to-hyderabad,7,IntrCity SmartBus,A/C Seater / Sleeper (2+1),23:45,06h 15m,06:00,4.7,593.0,20,6.2
821,822,Vijayawada to Hyderabad,https://www.redbus.in/bus-tickets/vijayawada-to-hyderabad,7,IntrCity SmartBus,A/C Seater / Sleeper (2+1),23:25,07h 00m,06:25,4.6,593.0,18,7.0
822,823,Vijayawada to Hyderabad,https://www.redbus.in/bus-tickets/vijayawada-to-hyderabad,7,FRESHBUS,Electric A/C Seater (2+2),22:30,06h 50m,05:20,4.6,500.0,15,6.8
823,824,Vijayawada to Hyderabad,https://www.redbus.in/bus-tickets/vijayawada-to-hyderabad,7,AdShyamoli Paribahan Pvt Ltd,Scania Multi-Axle AC Semi Sleeper (2+2),23:40,06h 25m,06:05,3.6,375.0,29,6.4
824,825,Vijayawada to Hyderabad,https://www.redbus.in/bus-tickets/vijayawada-to-hyderabad,7,GMRK Tours and Travels,Volvo A/C Semi Sleeper (2+2),23:45,06h 10m,05:55,4.7,459.0,18,6.2
825,826,Vijayawada to Hyderabad,https://www.redbus.in/bus-tickets/vijayawada-to-hyderabad,7,FRESHBUS,Electric A/C Seater (2+2),16:20,06h 45m,23:05,4.6,480.0,7,6.8
826,827,Vijayawada to Hyderabad,https://www.redbus.in/bus-tickets/vijayawada-to-hyderabad,7,IntrCity SmartBus,A/C Seater / Sleeper (2+1),23:50,06h 20m,06:10,4.6,567.0,15,6.3
827,828,Vijayawada to Hyderabad,https://www.redbus.in/bus-tickets/vijayawada-to-hyderabad,7,AdSri Sanvi Tours and Travels,A/C Sleeper (2+1),23:25,05h 52m,05:17,4.7,764.0,17,5.9
828,829,Vijayawada to Hyderabad,https://www.redbus.in/bus-tickets/vijayawada-to-hyderabad,7,FRESHBUS,Electric A/C Seater (2+2),21:30,06h 35m,04:05,4.5,450.0,32,6.6
829,830,Vijayawada to Hyderabad,https://www.redbus.in/bus-tickets/vijayawada-to-hyderabad,7,FRESHBUS,Electric A/C Seater (2+2),23:25,06h 30m,05:55,4.5,500.0,21,6.5
830,831,Kangra to Delhi,https://www.redbus.in/bus-tickets/kangra-to-delhi,13,HRTC - 653,A/C Executive (2+3),17:05,12h 25m,05:30,2.4,770.0,41,12.4
831,832,Kangra to Delhi,https://www.redbus.in/bus-tickets/kangra-to-delhi,13,HRTC - 1104,Ordinary 3+2 Non AC Seater,17:20,12h 10m,05:30,3.7,630.0,37,12.2
832,833,Kangra to Delhi,https://www.redbus.in/bus-tickets/kangra-to-delhi,13,HRTC - 1158,Himsuta AC Seater Volvo/Scania 2+2,18:30,10h 45m,05:15,4.6,1158.0,28,10.8
833,834,Kangra to Delhi,https://www.redbus.in/bus-tickets/kangra-to-delhi,13,HRTC - 903,Himmani Deluxe 2+2 Non AC Seater,18:45,11h 15m,06:00,3.1,709.0,27,11.2
834,835,Kangra to Delhi,https://www.redbus.in/bus-tickets/kangra-to-delhi,13,HRTC - 1134,Himmani Deluxe 2+2 Non AC Seater,19:00,10h 40m,05:40,4.2,688.0,27,10.7
835,836,Kangra to Delhi,https://www.redbus.in/bus-tickets/kangra-to-delhi,13,HRTC - 25,Himsuta AC Seater Volvo/Scania 2+2,19:10,11h 15m,06:25,4.0,1205.0,34,11.2
836,837,Kangra to Delhi,https://www.redbus.in/bus-tickets/kangra-to-delhi,13,HRTC - 951,Ordinary 3+2 Non AC Seater,19:25,11h 20m,06:45,2.2,630.0,37,11.3
837,838,Kangra to Delhi,https://www.redbus.in/bus-tickets/kangra-to-delhi,13,HRTC - 904,Himmani Deluxe 2+2 Non AC Seater,19:35,10h 55m,06:30,4.2,688.0,25,10.9
838,839,Kangra to Delhi,https://www.redbus.in/bus-tickets/kangra-to-delhi,13,HRTC - 13,Himsuta AC Seater Volvo/Scania 2+2,20:40,11h 05m,07:45,3.7,1191.0,34,11.1
839,840,Kangra to Delhi,https://www.redbus.in/bus-tickets/kangra-to-delhi,13,HRTC - 905,Ordinary 3+2 Non AC Seater,21:00,10h 45m,07:45,3.7,650.0,37,10.8
840,841,Kangra to Delhi,https://www.redbus.in/bus-tickets/kangra-to-delhi,13,Bedi Travels,Volvo 9600 Multi Axle Semi-Sleeper (2+2),19:45,09h 45m,05:30,4.9,585.0,6,9.8
841,842,Kangra to Delhi,https://www.redbus.in/bus-tickets/kangra-to-delhi,13,Ram Dalal Holidays,Volvo 9600 A/C Semi Sleeper (2+2),20:20,09h 25m,05:45,4.8,620.0,8,9.4
842,843,Kangra to Delhi,https://www.redbus.in/bus-tickets/kangra-to-delhi,13,Ram Dalal Holidays,Volvo 9600 Multi Axle Semi-Sleeper (2+2),21:10,09h 20m,06:30,4.8,580.0,15,9.3
843,844,Kangra to Delhi,https://www.redbus.in/bus-tickets/kangra-to-delhi,13,Laxmi holidays,Volvo 9600 A/C Semi Sleeper (2+2),22:30,10h 00m,08:30,4.8,699.0,19,10.0
844,845,Kangra to Delhi,https://www.redbus.in/bus-tickets/kangra-to-delhi,13,Laxmi holidays,Volvo 9600 A/C Semi Sleeper (2+2),19:10,10h 20m,05:30,4.7,799.0,12,10.3
845,846,Kangra to Delhi,https://www.redbus.in/bus-tickets/kangra-to-delhi,13,Laxmi holidays,Volvo 9600 A/C Semi Sleeper (2+2),21:45,08h 45m,06:30,4.8,699.0,20,8.8
846,847,Kangra to Delhi,https://www.redbus.in/bus-tickets/kangra-to-delhi,13,Laxmi holidays,Volvo Multi-Axle A/C Semi Sleeper (2+2),20:45,09h 35m,06:20,4.7,599.0,22,9.6
847,848,Kangra to Delhi,https://www.redbus.in/bus-tickets/kangra-to-delhi,13,Ram Dalal Holidays,Volvo A/C Semi Sleeper (2+2),20:30,09h 00m,05:30,4.7,690.0,14,9.0
848,849,Kangra to Delhi,https://www.redbus.in/bus-tickets/kangra-to-delhi,13,Zingbus Plus,Volvo A/C Semi Sleeper (2+2),20:10,08h 55m,05:05,4.6,500.0,22,8.9
849,850,Kangra to Delhi,https://www.redbus.in/bus-tickets/kangra-to-delhi,13,Laxmi holidays,Volvo A/C Semi Sleeper (2+2),22:00,09h 30m,07:30,4.6,649.0,23,9.5
850,851,Gangtok to Siliguri,https://www.redbus.in/bus-tickets/gangtok-to-siliguri,11,APSARA BUS SERVICE,Non AC Seater (2+2),15:30,04h 05m,19:35,New,500.0,28,4.1
851,852,Shirdi to Goa,https://www.redbus.in/bus-tickets/shirdi-to-goa,10,Humsafar Travels,A/C Sleeper (2+1),16:00,17h 00m,09:00,2.8,1175.0,3,17.0
852,853,Gangarampur to Kolkata,https://www.redbus.in/bus-tickets/gangarampur-to-kolkata,1,NBSTC-BLG-KOL-R1-18:30,NON A/C Seater Push Back (2+2),19:20,10h 40m,06:00,3.9,334.0,13,10.7
853,854,Gangarampur to Kolkata,https://www.redbus.in/bus-tickets/gangarampur-to-kolkata,1,Express Line,Volvo 9600 A/C Seater/Sleeper (2+1),19:45,09h 15m,05:00,4.5,749.0,10,9.2
854,855,Gangarampur to Kolkata,https://www.redbus.in/bus-tickets/gangarampur-to-kolkata,1,Shyamoli Paribahan Pvt Ltd,Scania Multi-Axle AC Semi Sleeper (2+2),20:00,09h 00m,05:00,4.0,650.0,32,9.0
855,856,Gangarampur to Kolkata,https://www.redbus.in/bus-tickets/gangarampur-to-kolkata,1,Rubi Paribahan  ,Volvo Multi Axle B11R AC Seater\Sleeper (2+1),19:35,08h 55m,04:30,4.7,780.0,38,8.9
856,857,Gangarampur to Kolkata,https://www.redbus.in/bus-tickets/gangarampur-to-kolkata,1,Sonar Tori,A/C Seater / Sleeper (2+2),20:15,10h 15m,06:30,3.4,504.0,24,10.2
857,858,Lucknow to Ayodhya,https://www.redbus.in/bus-tickets/lucknow-to-ayodhya,2,UPSRTC - GKD0137,Shatabdi AC Seater 2+2,15:32,03h 09m,18:41,3.3,383.0,37,3.1
858,859,Lucknow to Ayodhya,https://www.redbus.in/bus-tickets/lucknow-to-ayodhya,2,UPSRTC - AWD0267,Janrath AC Seater 2+3,16:00,02h 30m,18:30,3.3,288.0,48,2.5
859,860,Lucknow to Ayodhya,https://www.redbus.in/bus-tickets/lucknow-to-ayodhya,2,UPSRTC - AYD0030,Ordinary Non AC Seater 2+3,16:02,02h 58m,19:00,3.3,197.0,52,3.0
860,861,Lucknow to Ayodhya,https://www.redbus.in/bus-tickets/lucknow-to-ayodhya,2,UPSRTC - AYD0041,Ordinary Non AC Seater 2+3,17:02,03h 28m,20:30,3.3,233.0,52,3.5
861,862,Lucknow to Ayodhya,https://www.redbus.in/bus-tickets/lucknow-to-ayodhya,2,UPSRTC - GKD0139,Shatabdi AC Seater 2+2,17:02,03h 31m,20:33,3.5,383.0,37,3.5
862,863,Lucknow to Ayodhya,https://www.redbus.in/bus-tickets/lucknow-to-ayodhya,2,UPSRTC - ALM0141,Shatabdi AC Seater 2+2,17:32,04h 38m,22:10,3.3,383.0,37,4.6
863,864,Lucknow to Ayodhya,https://www.redbus.in/bus-tickets/lucknow-to-ayodhya,2,UPSRTC - HMR0035,Ordinary Non AC Seater 2+3,18:31,03h 44m,22:15,3.3,235.0,52,3.7
864,865,Lucknow to Ayodhya,https://www.redbus.in/bus-tickets/lucknow-to-ayodhya,2,UPSRTC - DOR0016,Janrath AC Seater 2+2,18:45,02h 51m,21:36,3.3,288.0,36,2.9
865,866,Lucknow to Ayodhya,https://www.redbus.in/bus-tickets/lucknow-to-ayodhya,2,UPSRTC - DOR0004,Rajdhani Non AC Seater 2+3,20:40,02h 56m,23:36,3.3,233.0,51,2.9
866,867,Lucknow to Ayodhya,https://www.redbus.in/bus-tickets/lucknow-to-ayodhya,2,UPSRTC - AKP0186,Ordinary Non AC Seater 2+3,20:46,03h 19m,00:05,3.3,222.0,52,3.3
867,868,Lucknow to Ayodhya,https://www.redbus.in/bus-tickets/lucknow-to-ayodhya,2,UPSRTC - AKP0189,Ordinary Non AC Seater 2+3,21:46,01h 36m,23:22,3.3,196.0,52,1.6
868,869,Lucknow to Ayodhya,https://www.redbus.in/bus-tickets/lucknow-to-ayodhya,2,UPSRTC - GKD0143,Janrath AC Seater 2+2,22:00,03h 11m,01:11,3.3,344.0,36,3.2
869,870,Lucknow to Ayodhya,https://www.redbus.in/bus-tickets/lucknow-to-ayodhya,2,UPSRTC - BTR0027,Ordinary Non AC Seater 2+3,22:10,04h 00m,02:10,3.3,230.0,51,4.0
870,871,Lucknow to Ayodhya,https://www.redbus.in/bus-tickets/lucknow-to-ayodhya,2,UPSRTC - STD0374,Ordinary Non AC Seater 2+3,22:35,03h 04m,01:39,3.3,197.0,52,3.1
871,872,Lucknow to Ayodhya,https://www.redbus.in/bus-tickets/lucknow-to-ayodhya,2,UPSRTC - VKS0007,Janrath AC Seater 2+3,23:00,03h 00m,02:00,3.3,300.0,48,3.0
872,873,Lucknow to Ayodhya,https://www.redbus.in/bus-tickets/lucknow-to-ayodhya,2,UPSRTC - AYD0060,Ordinary Non AC Seater 2+3,23:02,03h 28m,02:30,3.3,233.0,52,3.5
873,874,Lucknow to Ayodhya,https://www.redbus.in/bus-tickets/lucknow-to-ayodhya,2,UPSRTC - AKP0218,Ordinary Non AC Seater 2+3,23:41,03h 21m,03:02,3.3,200.0,52,3.4
874,875,Lucknow to Ayodhya,https://www.redbus.in/bus-tickets/lucknow-to-ayodhya,2,Samay Shatabdi Travels Pvt Ltd,NON A/C Sleeper (2+1),23:45,02h 45m,02:30,3.9,549.0,23,2.8
875,876,Lucknow to Ayodhya,https://www.redbus.in/bus-tickets/lucknow-to-ayodhya,2,Shanvi travels,A/C Seater (2+2),14:32,03h 13m,17:45,1.5,450.0,32,3.2
876,877,Lucknow to Ayodhya,https://www.redbus.in/bus-tickets/lucknow-to-ayodhya,2,Shatabdi Travels Gorakhpur,AC Sleeper (2+1),23:46,03h 45m,03:31,4.2,650.0,19,3.8
877,878,Lucknow to Ayodhya,https://www.redbus.in/bus-tickets/lucknow-to-ayodhya,2,MISHRA BANDHU BUS SERVICE,A/C Seater / Sleeper (2+1),21:30,02h 25m,23:55,2.7,1000.0,23,2.4
878,879,Lucknow to Ayodhya,https://www.redbus.in/bus-tickets/lucknow-to-ayodhya,2,Shree Balajee Travels And Cargo,A/C Seater / Sleeper (2+1),23:30,03h 30m,03:00,1.2,1799.0,47,3.5
879,880,Lucknow to Ayodhya,https://www.redbus.in/bus-tickets/lucknow-to-ayodhya,2,Maan Travels,NON AC Seater / Sleeper 2+1,23:55,01h 05m,01:00,1.6,1050.0,41,1.1
880,881,Calangute (goa) to Panaji,https://www.redbus.in/bus-tickets/calangute-goa-to-panaji,10,Kadamba Transport Corporation Limited (KTCL) - 99718,AC Seater (2+2),15:30,00h 30m,16:00,3.7,100.0,41,0.5
881,882,Gohpur to Guwahati,https://www.redbus.in/bus-tickets/gohpur-to-guwahati,3,KIRAN TRAVELS,A/C Seater (2+1),22:50,08h 40m,07:30,4.3,540.0,5,8.7
882,883,Gohpur to Guwahati,https://www.redbus.in/bus-tickets/gohpur-to-guwahati,3,Pranjit Travels (Under ASTC),A/C Seater / Sleeper (2+1),23:05,06h 55m,06:00,4.6,620.0,14,6.9
883,884,Gohpur to Guwahati,https://www.redbus.in/bus-tickets/gohpur-to-guwahati,3,Yatra Travels,NON AC Seater/ Sleeper (2+1),22:20,07h 40m,06:00,4.4,450.0,11,7.7
884,885,Gohpur to Guwahati,https://www.redbus.in/bus-tickets/gohpur-to-guwahati,3,Deep Travels,NON AC Seater / Sleeper 2+1,22:20,06h 40m,05:00,3.9,499.0,19,6.7
885,886,Gohpur to Guwahati,https://www.redbus.in/bus-tickets/gohpur-to-guwahati,3,Pranjit Travels (Under ASTC),Bharat Benz A/C Seater (2+1),22:45,07h 30m,06:15,3.1,550.0,24,7.5
886,887,Cooch Behar (West Bengal) to Berhampore (West Bengal),https://www.redbus.in/bus-tickets/cooch-behar-west-bengal-to-berhampore,1,NBSTC-COB-BHP-R1-19:00,Non AC Seater 2+2,19:00,12h 30m,07:30,4.2,448.0,9,12.5
887,888,Cooch Behar (West Bengal) to Berhampore (West Bengal),https://www.redbus.in/bus-tickets/cooch-behar-west-bengal-to-berhampore,1,Upasana Transport,NON A/C Seater / Sleeper (2+2),17:00,13h 40m,06:40,3.4,600.0,14,13.7
888,889,Chandigarh to Shimla,https://www.redbus.in/bus-tickets/chandigarh-to-shimla,8,HRTC - 1553,Ordinary 3+2 Non AC Seater,16:40,04h 09m,20:49,3.9,237.0,47,4.2
889,890,Chandigarh to Shimla,https://www.redbus.in/bus-tickets/chandigarh-to-shimla,8,HRTC - 515,Ordinary 3+2 Non AC Seater,17:30,05h 20m,22:50,3.9,242.0,37,5.3
890,891,Chandigarh to Shimla,https://www.redbus.in/bus-tickets/chandigarh-to-shimla,8,HRTC - 1509,Ordinary 3+2 Non AC Seater,18:00,04h 30m,22:30,3.9,242.0,29,4.5
891,892,Chandigarh to Shimla,https://www.redbus.in/bus-tickets/chandigarh-to-shimla,8,HRTC - 63,Himsuta AC Seater Volvo/Scania 2+2,18:10,04h 20m,22:30,4.4,384.0,33,4.3
892,893,Chandigarh to Shimla,https://www.redbus.in/bus-tickets/chandigarh-to-shimla,8,HRTC - 6707,Ordinary 3+2 Non AC Seater,18:30,04h 30m,23:00,3.9,240.0,37,4.5
893,894,Chandigarh to Shimla,https://www.redbus.in/bus-tickets/chandigarh-to-shimla,8,HRTC - 1512,Ordinary 3+2 Non AC Seater,19:00,04h 30m,23:30,3.9,240.0,37,4.5
894,895,Chandigarh to Shimla,https://www.redbus.in/bus-tickets/chandigarh-to-shimla,8,HRTC - 137,Ordinary 3+2 Non AC Seater,19:30,04h 40m,00:10,3.9,242.0,37,4.7
895,896,Chandigarh to Shimla,https://www.redbus.in/bus-tickets/chandigarh-to-shimla,8,HRTC - 1510,Ordinary 3+2 Non AC Seater,20:00,04h 30m,00:30,3.9,240.0,37,4.5
896,897,Chandigarh to Shimla,https://www.redbus.in/bus-tickets/chandigarh-to-shimla,8,HRTC - 1729,Ordinary 3+2 Non AC Seater,20:20,05h 10m,01:30,3.9,242.0,36,5.2
897,898,Chandigarh to Shimla,https://www.redbus.in/bus-tickets/chandigarh-to-shimla,8,Chandigarh Transport Undertaking (CTU) - 165747,HVAC Seater (2+3),17:12,04h 35m,21:47,4.3,307.62,47,4.6
898,899,Burdwan to Kolkata,https://www.redbus.in/bus-tickets/burdwan-to-kolkata,12,SBSTC-BURDWAN - KOLKATA - 15:25 (BWN DEPOT) - 33,Non AC Seater (2+3),15:25,02h 00m,17:25,3.6,95.0,37,2.0
899,900,Burdwan to Kolkata,https://www.redbus.in/bus-tickets/burdwan-to-kolkata,12,SBSTC-BURDWAN - KOLKATA - A/C - 15:45 (BWN DEPOT) - 36,AC Seater (2+2),15:45,02h 00m,17:45,3.6,180.0,9,2.0
900,901,Burdwan to Kolkata,https://www.redbus.in/bus-tickets/burdwan-to-kolkata,12,SBSTC-BURDWAN - KOLKATA - 16:00 (BWN DEPOT) - 39,Non AC Seater (2+3),16:00,02h 00m,18:00,3.2,95.0,50,2.0
901,902,Burdwan to Kolkata,https://www.redbus.in/bus-tickets/burdwan-to-kolkata,12,SBSTC-BURDWAN - KARUNAMOYEE - 16:10 (BWN DEPOT) - 58,Non AC Seater (2+3),16:10,02h 30m,18:40,4.3,100.0,14,2.5
902,903,Burdwan to Kolkata,https://www.redbus.in/bus-tickets/burdwan-to-kolkata,12,SBSTC-BURDWAN - KARUNAMOYEE - 16:45 (BWN DEPOT) - 59,Non AC Seater (2+3),16:45,02h 30m,19:15,3.7,100.0,18,2.5
903,904,Burdwan to Kolkata,https://www.redbus.in/bus-tickets/burdwan-to-kolkata,12,SBSTC-BURDWAN - KOLKATA - 17:00 (BWN DEPOT) - 41,Non AC Seater (2+3),17:00,02h 00m,19:00,3.7,95.0,32,2.0
904,905,Burdwan to Kolkata,https://www.redbus.in/bus-tickets/burdwan-to-kolkata,12,SBSTC-BURDWAN - KARUNAMOYEE - 17:30 (BWN DEPOT) - 60,Non AC Seater (2+3),17:30,02h 30m,20:00,3.8,100.0,33,2.5
905,906,Burdwan to Kolkata,https://www.redbus.in/bus-tickets/burdwan-to-kolkata,12,SBSTC-BURDWAN - KARUNAMOYEE - 18:30 (BWN DEPOT) - 61,Non AC Seater (2+3),18:30,02h 30m,21:00,3.8,100.0,48,2.5
906,907,Burdwan to Kolkata,https://www.redbus.in/bus-tickets/burdwan-to-kolkata,12,Shyamoli Paribahan Pvt Ltd,Volvo A/C Seater (2+2),15:20,02h 40m,18:00,4.1,429.0,5,2.7
907,908,Burdwan to Kolkata,https://www.redbus.in/bus-tickets/burdwan-to-kolkata,12,Greenline,Volvo A/C B11R Multi Axle Semi Sleeper (2+2),16:00,02h 50m,18:50,4.6,429.0,20,2.8
908,909,Burdwan to Kolkata,https://www.redbus.in/bus-tickets/burdwan-to-kolkata,12,Express Line,Volvo 9600 A/C Seater (2+2),16:10,02h 50m,19:00,4.5,429.0,25,2.8
909,910,Burdwan to Kolkata,https://www.redbus.in/bus-tickets/burdwan-to-kolkata,12,Shyamoli Paribahan Pvt Ltd,Volvo A/C Seater (2+2),16:30,02h 50m,19:20,4.2,429.0,27,2.8
910,911,Burdwan to Kolkata,https://www.redbus.in/bus-tickets/burdwan-to-kolkata,12,Greenline (Karunamoyee),Scania Multi-Axle AC Semi Sleeper (2+2),16:40,02h 50m,19:30,4.2,429.0,15,2.8
911,912,Burdwan to Kolkata,https://www.redbus.in/bus-tickets/burdwan-to-kolkata,12,Greenline,Volvo A/C B11R Multi Axle Semi Sleeper (2+2),17:00,02h 50m,19:50,3.8,429.0,22,2.8
912,913,Burdwan to Kolkata,https://www.redbus.in/bus-tickets/burdwan-to-kolkata,12,SHYAMOLI Pvt. Ltd.(Karunamoyee),Volvo A/C Seater (2+2),17:00,03h 00m,20:00,3.8,429.0,20,3.0
913,914,Burdwan to Kolkata,https://www.redbus.in/bus-tickets/burdwan-to-kolkata,12,Express Line (Karunamoyee),Scania Multi-Axle AC Semi Sleeper (2+2),17:30,02h 55m,20:25,4.6,429.0,23,2.9
914,915,Burdwan to Kolkata,https://www.redbus.in/bus-tickets/burdwan-to-kolkata,12,Shyamoli Paribahan Pvt Ltd,Volvo A/C Seater (2+2),17:40,02h 50m,20:30,3.9,429.0,25,2.8
915,916,Burdwan to Kolkata,https://www.redbus.in/bus-tickets/burdwan-to-kolkata,12,SHYAMOLI Pvt. Ltd.(Karunamoyee),Volvo A/C Seater (2+2),17:45,03h 00m,20:45,3.2,429.0,35,3.0
916,917,Digha to Habra,https://www.redbus.in/bus-tickets/digha-to-habra,4,WBTC (CTC) HABRA-DIGHA via Bally - 26|14:50,Non AC Seater (2+3),14:50,05h 45m,20:35,3.1,179.0,46,5.8
917,918,Kolkata to Kolaghat,https://www.redbus.in/bus-tickets/kolkata-to-kolaghat,12,SBSTC-KOLKATA - JHARGRAM - VIA - DHARUA - 15:15(JHRGRAM) - 3798,Non AC Seater (2+3),15:15,08h 45m,00:00,3.7,65.0,46,8.8
918,919,Kolkata to Kolaghat,https://www.redbus.in/bus-tickets/kolkata-to-kolaghat,12,SBSTC-GARIA - DIGHA - 15:15 (DIGHA DEPOT) - 543,Non AC Seater (2+3),15:15,08h 45m,00:00,4.4,80.0,17,8.8
919,920,Kolkata to Kolaghat,https://www.redbus.in/bus-tickets/kolkata-to-kolaghat,12,SBSTC-KOLKATA - MIDNAPUR - 15:30 (MID DEPOT) - 595,Non AC Seater (2+3),15:30,08h 30m,00:00,4.4,64.0,47,8.5
920,921,Kolkata to Kolaghat,https://www.redbus.in/bus-tickets/kolkata-to-kolaghat,12,SBSTC-KOLKATA - JHARGRAM - VIA - LODHASULI - 16:20 - 1394,Non AC Seater (2+3),16:20,07h 40m,00:00,3.9,64.0,40,7.7
921,922,Kolkata to Kolaghat,https://www.redbus.in/bus-tickets/kolkata-to-kolaghat,12,SBSTC-KOLKATA - GOPIGANJ - 17:30 (ARM DEPOT) - 603,Non AC Seater (2+3),17:30,06h 30m,00:00,4.4,64.0,45,6.5
922,923,Kolkata to Durgapur (West Bengal),https://www.redbus.in/bus-tickets/kolkata-to-durgapur,4,SBSTC-KARUNAMOYEE - ASANSOL - 15:00 (ASN DEPOT) - 248,Non AC Seater (2+3),15:00,03h 45m,18:45,3.2,155.0,46,3.8
923,924,Kolkata to Durgapur (West Bengal),https://www.redbus.in/bus-tickets/kolkata-to-durgapur,4,SBSTC-KOLKATA - DURGAPUR - 15:15 (DGP DEPOT) - 759,Non AC Seater (2+3),15:15,03h 30m,18:45,3.9,150.0,46,3.5
924,925,Kolkata to Durgapur (West Bengal),https://www.redbus.in/bus-tickets/kolkata-to-durgapur,4,SBSTC-KARUNAMOYEE - BANKURA - A/C - 15:15 (BNK DEPOT) - 1524,AC Seater (2+2),15:15,04h 15m,19:30,3.7,300.0,14,4.2
925,926,Kolkata to Durgapur (West Bengal),https://www.redbus.in/bus-tickets/kolkata-to-durgapur,4,SBSTC-KOLKATA - BANKURA - 15:30 (Bankura Depot) - 294,Non AC Seater (2+3),15:30,03h 30m,19:00,3.6,150.0,48,3.5
926,927,Kolkata to Durgapur (West Bengal),https://www.redbus.in/bus-tickets/kolkata-to-durgapur,4,SBSTC-KARUNAMOYEE - ASANSOL - 15:30 (ASN DEPOT) - 249,Non AC Seater (2+3),15:30,03h 45m,19:15,3.9,155.0,36,3.8
927,928,Kolkata to Durgapur (West Bengal),https://www.redbus.in/bus-tickets/kolkata-to-durgapur,4,SBSTC-KOLKATA - ASANSOL - 16:00 (ASANSOL DEPOT) - 768,Non AC Seater (2+3),16:00,03h 30m,19:30,4.1,150.0,49,3.5
928,929,Kolkata to Durgapur (West Bengal),https://www.redbus.in/bus-tickets/kolkata-to-durgapur,4,SBSTC-KOLKATA - DURGAPUR - 16:15 (DGP DEPOT) - 760,Non AC Seater (2+3),16:15,03h 30m,19:45,4.5,150.0,50,3.5
929,930,Kolkata to Durgapur (West Bengal),https://www.redbus.in/bus-tickets/kolkata-to-durgapur,4,SBSTC-KARUNAMOYEE - ASANSOL - AC - 16:15 (BEL DEPOT) - 1566,AC Seater (2+2),16:15,04h 00m,20:15,2.4,300.0,36,4.0
930,931,Kolkata to Durgapur (West Bengal),https://www.redbus.in/bus-tickets/kolkata-to-durgapur,4,SBSTC-KOLKATA - ASANSOL - 16:30 (ASANSOL DEPOT) - 261,Non AC Seater (2+3),16:30,03h 30m,20:00,3.6,150.0,52,3.5
931,932,Kolkata to Durgapur (West Bengal),https://www.redbus.in/bus-tickets/kolkata-to-durgapur,4,SBSTC-KARUNAMOYEE - BANKURA - VIA - DURGAPUR - 16:45 - 311,Non AC Seater (2+3),16:45,04h 15m,21:00,3.9,155.0,48,4.2
932,933,Kolkata to Durgapur (West Bengal),https://www.redbus.in/bus-tickets/kolkata-to-durgapur,4,SHYAMOLI Pvt. Ltd.(Karunamoyee),Volvo A/C Seater (2+2),14:35,03h 25m,18:00,4.3,486.0,11,3.4
933,934,Kolkata to Durgapur (West Bengal),https://www.redbus.in/bus-tickets/kolkata-to-durgapur,4,Greenline,Volvo A/C Seater (2+2),14:45,03h 45m,18:30,4.7,486.0,27,3.8
934,935,Kolkata to Durgapur (West Bengal),https://www.redbus.in/bus-tickets/kolkata-to-durgapur,4,Shyamoli Paribahan Pvt Ltd,Volvo A/C Seater (2+2),14:45,03h 15m,18:00,4.5,486.0,25,3.2
935,936,Kolkata to Durgapur (West Bengal),https://www.redbus.in/bus-tickets/kolkata-to-durgapur,4,Greenline (Karunamoyee),Volvo 9600 A/C Semi Sleeper (2+2),15:00,04h 00m,19:00,4.6,486.0,19,4.0
936,937,Kolkata to Durgapur (West Bengal),https://www.redbus.in/bus-tickets/kolkata-to-durgapur,4,Express Line,Volvo 9600 Multi Axle Semi-Sleeper (2+2),15:30,03h 00m,18:30,4.8,486.0,42,3.0
937,938,Kolkata to Durgapur (West Bengal),https://www.redbus.in/bus-tickets/kolkata-to-durgapur,4,Express Line (Karunamoyee),Volvo 9600 A/C Semi Sleeper (2+2),15:45,04h 00m,19:45,4.8,486.0,25,4.0
938,939,Kolkata to Durgapur (West Bengal),https://www.redbus.in/bus-tickets/kolkata-to-durgapur,4,SHYAMOLI Pvt. Ltd.(Karunamoyee),Volvo A/C Seater (2+2),16:00,04h 00m,20:00,4.2,486.0,28,4.0
939,940,Kolkata to Durgapur (West Bengal),https://www.redbus.in/bus-tickets/kolkata-to-durgapur,4,Greenline,Volvo 9600 Multi Axle Semi-Sleeper (2+2),16:00,03h 15m,19:15,4.7,486.0,13,3.2
940,941,Kolkata to Durgapur (West Bengal),https://www.redbus.in/bus-tickets/kolkata-to-durgapur,4,Shyamoli Paribahan Pvt Ltd,Volvo A/C Seater (2+2),16:40,04h 00m,20:40,4.4,486.0,29,4.0
941,942,Kolkata to Durgapur (West Bengal),https://www.redbus.in/bus-tickets/kolkata-to-durgapur,4,Greenline (Karunamoyee),Volvo A/C Seater (2+2),16:45,04h 00m,20:45,4.2,486.0,26,4.0
942,943,Digha to Durgapur (West Bengal),https://www.redbus.in/bus-tickets/digha-to-durgapur,12,SBSTC-DIGHA - DURGAPUR - VIA - BISHNUPUR - 2/2 - 20:30 - 3808,Non AC Seater (2+2),20:30,08h 10m,04:40,4.5,233.0,26,8.2
943,944,Digha to Durgapur (West Bengal),https://www.redbus.in/bus-tickets/digha-to-durgapur,12,SBSTC-DIGHA - ASANSOL - VIA - MEDINIPUR-DURGAPUR - 21:30 - 1553,Non AC Seater (2+3),21:30,08h 30m,06:00,3.4,238.0,40,8.5
944,945,Digha to Durgapur (West Bengal),https://www.redbus.in/bus-tickets/digha-to-durgapur,12,New Eureka Travels,A/C Seater / Sleeper (2+2),19:30,08h 20m,03:50,3.2,600.0,51,8.3
945,946,Siliguri to Berhampore (West Bengal),https://www.redbus.in/bus-tickets/siliguri-to-berhampore,1,NBSTC-SLG-KOL-R1-18:30,NON A/C Seater Push Back (2+2),18:30,06h 40m,01:10,4.2,326.0,8,6.7
946,947,Siliguri to Berhampore (West Bengal),https://www.redbus.in/bus-tickets/siliguri-to-berhampore,1,Lokenath Bus Service,Volvo Multi-Axle A/C Seater/Sleeper (2+1),18:45,07h 15m,02:00,4.6,799.0,38,7.2
947,948,Siliguri to Berhampore (West Bengal),https://www.redbus.in/bus-tickets/siliguri-to-berhampore,1,Aradhana Travels,Volvo A/C B11R Multi Axle Semi Sleeper (2+2),21:30,08h 00m,05:30,3.8,713.0,31,8.0
948,949,Siliguri to Berhampore (West Bengal),https://www.redbus.in/bus-tickets/siliguri-to-berhampore,1,Lokenath Bus Service,Volvo 9600 Multi-Axle A/C Sleeper (2+1),19:15,07h 15m,02:30,4.6,1200.0,26,7.2
949,950,Siliguri to Berhampore (West Bengal),https://www.redbus.in/bus-tickets/siliguri-to-berhampore,1,Aradhana Travels,A/C Seater / Sleeper (2+1),19:05,07h 45m,02:50,3.4,713.0,17,7.8
950,951,Chamba (Himachal Pradesh) to Delhi,https://www.redbus.in/bus-tickets/chamba-himachal-pradesh-to-delhi,13,HRTC - 1024,A/C Executive (2+3),16:20,16h 15m,08:35,3.6,1007.0,42,16.2
951,952,Chamba (Himachal Pradesh) to Delhi,https://www.redbus.in/bus-tickets/chamba-himachal-pradesh-to-delhi,13,HRTC - 100,Himsuta AC Seater Volvo/Scania 2+2,17:40,15h 20m,09:00,3.9,1589.0,31,15.3
952,953,Jhargram to Kolkata,https://www.redbus.in/bus-tickets/jhargram-to-kolkata,12,SBSTC-JHARGRAM - KARUNAMOYEE - VIA-LODHASULI - 15:40 (JH - 3799,Non AC Seater (2+3),15:40,08h 20m,00:00,4.1,150.0,34,8.3
953,954,Hyderabad to Anantapur (andhra pradesh),https://www.redbus.in/bus-tickets/hyderabad-to-ananthapur,9,APSRTC - 5732,Super Luxury (Non AC Seater 2+2 Push Back),16:30,07h 00m,23:30,3.3,584.0,21,7.0
954,955,Hyderabad to Anantapur (andhra pradesh),https://www.redbus.in/bus-tickets/hyderabad-to-ananthapur,9,APSRTC - 5694,Super Luxury (Non AC Seater 2+2 Push Back),17:00,09h 15m,02:15,3.8,616.0,33,9.2
955,956,Hyderabad to Anantapur (andhra pradesh),https://www.redbus.in/bus-tickets/hyderabad-to-ananthapur,9,APSRTC - 56912,Super Luxury (Non AC Seater 2+2 Push Back),17:15,08h 30m,01:45,3.7,584.0,34,8.5
956,957,Hyderabad to Anantapur (andhra pradesh),https://www.redbus.in/bus-tickets/hyderabad-to-ananthapur,9,APSRTC - 47463,Super Luxury (Non AC Seater 2+2 Push Back),18:20,09h 10m,03:30,4.6,584.0,28,9.2
957,958,Hyderabad to Anantapur (andhra pradesh),https://www.redbus.in/bus-tickets/hyderabad-to-ananthapur,9,APSRTC - 6926,Super Luxury (Non AC Seater 2+2 Push Back),19:00,10h 30m,05:30,4.6,584.0,23,10.5
958,959,Hyderabad to Anantapur (andhra pradesh),https://www.redbus.in/bus-tickets/hyderabad-to-ananthapur,9,APSRTC - 66310,Super Luxury (Non AC Seater 2+2 Push Back),19:00,09h 00m,04:00,4.0,616.0,33,9.0
959,960,Hyderabad to Anantapur (andhra pradesh),https://www.redbus.in/bus-tickets/hyderabad-to-ananthapur,9,APSRTC - 5692,STAR LINER(NON-AC SLEEPER 2+1),19:15,08h 45m,04:00,4.0,798.0,12,8.8
960,961,Hyderabad to Anantapur (andhra pradesh),https://www.redbus.in/bus-tickets/hyderabad-to-ananthapur,9,APSRTC - 6893,Super Luxury (Non AC Seater 2+2 Push Back),19:40,10h 35m,06:15,4.1,616.0,15,10.6
961,962,Hyderabad to Anantapur (andhra pradesh),https://www.redbus.in/bus-tickets/hyderabad-to-ananthapur,9,APSRTC - 6835,Super Luxury (Non AC Seater 2+2 Push Back),19:45,09h 10m,04:55,3.6,616.0,33,9.2
962,963,Hyderabad to Anantapur (andhra pradesh),https://www.redbus.in/bus-tickets/hyderabad-to-ananthapur,9,APSRTC - 6646,Super Luxury (Non AC Seater 2+2 Push Back),20:00,08h 10m,04:10,4.1,584.0,32,8.2
963,964,Hyderabad to Anantapur (andhra pradesh),https://www.redbus.in/bus-tickets/hyderabad-to-ananthapur,9,TSRTC - 1956,"SUPER LUXURY (NON-AC, 2 + 2 PUSH BACK)",16:35,10h 40m,03:15,2.6,499.0,14,10.7
964,965,Hyderabad to Anantapur (andhra pradesh),https://www.redbus.in/bus-tickets/hyderabad-to-ananthapur,9,TSRTC - 1013,LAHARI A/C SLEEPER CUM SEATER,18:00,10h 00m,04:00,3.9,502.0,18,10.0
965,966,Hyderabad to Anantapur (andhra pradesh),https://www.redbus.in/bus-tickets/hyderabad-to-ananthapur,9,TSRTC - 8665,LAHARI A/C SLEEPER CUM SEATER,18:20,08h 40m,03:00,2.6,728.0,17,8.7
966,967,Hyderabad to Anantapur (andhra pradesh),https://www.redbus.in/bus-tickets/hyderabad-to-ananthapur,9,TSRTC - 9550,"SUPER LUXURY (NON-AC, 2 + 2 PUSH BACK)",18:30,10h 00m,04:30,4.1,588.0,26,10.0
967,968,Hyderabad to Anantapur (andhra pradesh),https://www.redbus.in/bus-tickets/hyderabad-to-ananthapur,9,TSRTC - 6817,"SUPER LUXURY (NON-AC, 2 + 2 PUSH BACK)",18:30,07h 45m,02:15,3.7,499.0,30,7.8
968,969,Hyderabad to Anantapur (andhra pradesh),https://www.redbus.in/bus-tickets/hyderabad-to-ananthapur,9,TSRTC - 7808,LAHARI A/C SLEEPER CUM SEATER,20:25,07h 35m,04:00,3.6,800.0,18,7.6
969,970,Hyderabad to Anantapur (andhra pradesh),https://www.redbus.in/bus-tickets/hyderabad-to-ananthapur,9,TSRTC - 1619,Lahari Non A/C Sleeper Cum Seater,20:30,08h 45m,05:15,3.4,591.0,39,8.8
970,971,Hyderabad to Anantapur (andhra pradesh),https://www.redbus.in/bus-tickets/hyderabad-to-ananthapur,9,TSRTC - 7810,LAHARI A/C SLEEPER CUM SEATER,20:55,07h 20m,04:15,4.3,502.0,15,7.3
971,972,Hyderabad to Anantapur (andhra pradesh),https://www.redbus.in/bus-tickets/hyderabad-to-ananthapur,9,TSRTC - 1621,Lahari Non A/C Sleeper Cum Seater,21:15,08h 45m,06:00,3.7,591.0,27,8.8
972,973,Hyderabad to Anantapur (andhra pradesh),https://www.redbus.in/bus-tickets/hyderabad-to-ananthapur,9,TSRTC - 7290,LAHARI A/C SLEEPER CUM SEATER,21:40,07h 50m,05:30,3.2,502.0,19,7.8
973,974,Hyderabad to Anantapur (andhra pradesh),https://www.redbus.in/bus-tickets/hyderabad-to-ananthapur,9,Sri Balaji Transports,A/C Seater / Sleeper (2+1),21:50,07h 55m,05:45,4.4,750.0,11,7.9
974,975,Hyderabad to Anantapur (andhra pradesh),https://www.redbus.in/bus-tickets/hyderabad-to-ananthapur,9,Sri Balaji Transports,A/C Sleeper (2+1),21:50,08h 10m,06:00,4.4,999.0,13,8.2
975,976,Hyderabad to Anantapur (andhra pradesh),https://www.redbus.in/bus-tickets/hyderabad-to-ananthapur,9,Al madeena Travels,Non A/C Seater / Sleeper (2+1),21:15,09h 00m,06:15,4.2,600.0,6,9.0
976,977,Hyderabad to Anantapur (andhra pradesh),https://www.redbus.in/bus-tickets/hyderabad-to-ananthapur,9,AdSadiq Tours and Travels,A/C Sleeper (2+1),22:00,07h 30m,05:30,3.6,950.0,13,7.5
977,978,Hyderabad to Anantapur (andhra pradesh),https://www.redbus.in/bus-tickets/hyderabad-to-ananthapur,9,Meena tours and travels,A/C Sleeper (2+1),22:05,07h 25m,05:30,4.3,990.0,10,7.4
978,979,Hyderabad to Anantapur (andhra pradesh),https://www.redbus.in/bus-tickets/hyderabad-to-ananthapur,9,Yolo Bus,Bharat Benz A/C Sleeper (2+1),22:46,06h 33m,05:19,4.2,1110.0,23,6.5
979,980,Hyderabad to Anantapur (andhra pradesh),https://www.redbus.in/bus-tickets/hyderabad-to-ananthapur,9,Sri Balaji Transports,Non A/C Seater / Sleeper (2+1),22:00,08h 08m,06:08,4.1,600.0,9,8.1
980,981,Hyderabad to Anantapur (andhra pradesh),https://www.redbus.in/bus-tickets/hyderabad-to-ananthapur,9,Sree sivasankar Travels,NON A/C Seater (2+2),22:30,07h 52m,06:22,4.0,600.0,11,7.9
981,982,Hyderabad to Anantapur (andhra pradesh),https://www.redbus.in/bus-tickets/hyderabad-to-ananthapur,9,Meena tours and travels,Volvo Multi Axle A/C Sleeper I-Shift B11R (2+1),22:15,07h 00m,05:15,4.1,970.0,5,7.0
982,983,Hyderabad to Anantapur (andhra pradesh),https://www.redbus.in/bus-tickets/hyderabad-to-ananthapur,9,Sri Balaji Transports,A/C Sleeper (2+1),21:50,07h 40m,05:30,4.3,999.0,9,7.7
983,984,Vijayawada to Rajahmundry,https://www.redbus.in/bus-tickets/vijayawada-to-rajahmundry,7,APSRTC - 23960,Super Luxury (Non AC Seater 2+2 Push Back),15:45,03h 30m,19:15,3.8,260.0,27,3.5
984,985,Vijayawada to Rajahmundry,https://www.redbus.in/bus-tickets/vijayawada-to-rajahmundry,7,APSRTC - 3009,Super Luxury (Non AC Seater 2+2 Push Back),15:45,03h 45m,19:30,4.6,263.0,29,3.8
985,986,Vijayawada to Rajahmundry,https://www.redbus.in/bus-tickets/vijayawada-to-rajahmundry,7,APSRTC - 3492,AMARAVATHI (VOLVO / SCANIA A.C Multi Axle),16:00,03h 15m,19:15,3.9,401.0,19,3.2
986,987,Vijayawada to Rajahmundry,https://www.redbus.in/bus-tickets/vijayawada-to-rajahmundry,7,APSRTC - 3466,Super Luxury (Non AC Seater 2+2 Push Back),16:30,03h 35m,20:05,3.6,261.0,33,3.6
987,988,Vijayawada to Rajahmundry,https://www.redbus.in/bus-tickets/vijayawada-to-rajahmundry,7,APSRTC - 24860,"ULTRA DELUXE (NON-AC, 2+2 PUSH BACK)",16:30,04h 00m,20:30,3.8,248.0,36,4.0
988,989,Vijayawada to Rajahmundry,https://www.redbus.in/bus-tickets/vijayawada-to-rajahmundry,7,NueGo,Electric A/C Seater/Sleeper (2+1),15:00,04h 05m,19:05,4.5,664.0,5,4.1
989,990,Vijayawada to Rajahmundry,https://www.redbus.in/bus-tickets/vijayawada-to-rajahmundry,7,Nani’s Sai Krishna Travels,Non A/C Seater / Sleeper (2+1),19:15,05h 15m,00:30,3.1,700.0,23,5.2
990,991,Vijayawada to Rajahmundry,https://www.redbus.in/bus-tickets/vijayawada-to-rajahmundry,7,NueGo,Electric A/C Seater/Sleeper (2+1),20:00,03h 20m,23:20,4.0,664.0,12,3.3
991,992,Vijayawada to Rajahmundry,https://www.redbus.in/bus-tickets/vijayawada-to-rajahmundry,7,Sree Sambhavi Tours and Travels,Non A/C Seater / Sleeper (2+1),20:15,04h 25m,00:40,3.4,720.0,21,4.4
992,993,Vijayawada to Rajahmundry,https://www.redbus.in/bus-tickets/vijayawada-to-rajahmundry,7,IRA Travels,A/C Seater / Sleeper (2+1),20:15,04h 35m,00:50,4.1,600.0,17,4.6
993,994,Hyderabad to Vijayawada,https://www.redbus.in/bus-tickets/hyderabad-to-vijayawada,9,APSRTC - 3546,AMARAVATHI (VOLVO / SCANIA A.C Multi Axle),16:15,06h 15m,22:30,3.9,633.0,20,6.2
994,995,Hyderabad to Vijayawada,https://www.redbus.in/bus-tickets/hyderabad-to-vijayawada,9,APSRTC - 3500,Super Luxury (Non AC Seater 2+2 Push Back),16:20,08h 25m,00:45,3.8,436.0,8,8.4
995,996,Hyderabad to Vijayawada,https://www.redbus.in/bus-tickets/hyderabad-to-vijayawada,9,APSRTC - 3376,Super Luxury (Non AC Seater 2+2 Push Back),16:45,06h 30m,23:15,3.2,436.0,21,6.5
996,997,Hyderabad to Vijayawada,https://www.redbus.in/bus-tickets/hyderabad-to-vijayawada,9,APSRTC - 2561,INDRA(A.C. Seater),17:15,05h 30m,22:45,3.9,528.0,3,5.5
997,998,Hyderabad to Vijayawada,https://www.redbus.in/bus-tickets/hyderabad-to-vijayawada,9,APSRTC - 3358,Super Luxury (Non AC Seater 2+2 Push Back),17:20,07h 50m,01:10,2.8,436.0,10,7.8
998,999,Hyderabad to Vijayawada,https://www.redbus.in/bus-tickets/hyderabad-to-vijayawada,9,FRESHBUS,Electric A/C Seater (2+2),00:20,06h 10m,06:30,4.6,450.0,26,6.2
999,1000,Hyderabad to Vijayawada,https://www.redbus.in/bus-tickets/hyderabad-to-vijayawada,9,GMRK Tours and Travels,Volvo A/C Semi Sleeper (2+2),23:45,05h 40m,05:25,4.6,459.0,18,5.7
1000,1001,Hyderabad to Vijayawada,https://www.redbus.in/bus-tickets/hyderabad-to-vijayawada,9,IntrCity SmartBus,Scania AC Multi Axle Sleeper (2+1),23:59,06h 31m,06:30,4.6,904.0,17,6.5
1001,1002,Hyderabad to Vijayawada,https://www.redbus.in/bus-tickets/hyderabad-to-vijayawada,9,AdIntrCity SmartBus,Bharat Benz A/C Seater /Sleeper (2+1),23:05,06h 15m,05:20,4.4,511.0,27,6.2
1002,1003,Hyderabad to Vijayawada,https://www.redbus.in/bus-tickets/hyderabad-to-vijayawada,9,Svkdt travels,A/C Sleeper (2+1),23:35,06h 15m,05:50,4.5,790.0,11,6.2
1003,1004,Kolkata to Buniadpur,https://www.redbus.in/bus-tickets/kolkata-to-buniadpur,1,NBSTC-KOL-BLG-R1-19:30,NON A/C Seater Push Back (2+2),19:45,10h 00m,05:45,4.3,323.0,18,10.0
1004,1005,Kolkata to Buniadpur,https://www.redbus.in/bus-tickets/kolkata-to-buniadpur,1,Express Line,Volvo 9600 A/C Seater/Sleeper (2+1),19:45,09h 30m,05:15,4.7,699.0,18,9.5
1005,1006,Kolkata to Buniadpur,https://www.redbus.in/bus-tickets/kolkata-to-buniadpur,1,Shyamoli Paribahan Pvt Ltd,Scania Multi-Axle AC Semi Sleeper (2+2),20:00,09h 15m,05:15,3.9,650.0,33,9.2
1006,1007,Kolkata to Buniadpur,https://www.redbus.in/bus-tickets/kolkata-to-buniadpur,1,Rubi Paribahan  ,Volvo 9600 A/C Seater/Sleeper (2+1),20:30,07h 20m,03:50,4.3,780.0,31,7.3
1007,1008,Kolkata to Buniadpur,https://www.redbus.in/bus-tickets/kolkata-to-buniadpur,1,New Dolphin Travels,NON A/C Seater / Sleeper (2+2),17:30,11h 40m,05:10,3.9,352.0,18,11.7
1008,1009,Tinsukia to Tezpur,https://www.redbus.in/bus-tickets/tinsukia-to-tezpur,3,Aniruddha Travels,NON A/C Seater/ Sleeper (2+1),18:15,09h 45m,04:00,3.4,550.0,24,9.8
1009,1010,Tinsukia to Tezpur,https://www.redbus.in/bus-tickets/tinsukia-to-tezpur,3,Puja Transport,NON AC Seater / Sleeper 2+1,18:30,10h 30m,05:00,3.7,600.0,14,10.5
1010,1011,Tinsukia to Tezpur,https://www.redbus.in/bus-tickets/tinsukia-to-tezpur,3,SANJEEBANI TRAVELS,Non A/C Seater / Sleeper (2+1),16:40,10h 20m,03:00,New,600.0,25,10.3
1011,1012,Tinsukia to Tezpur,https://www.redbus.in/bus-tickets/tinsukia-to-tezpur,3,J.S. Travels,Non AC Seater (2+1),17:30,10h 30m,04:00,3.1,550.0,32,10.5
1012,1013,Tinsukia to Tezpur,https://www.redbus.in/bus-tickets/tinsukia-to-tezpur,3,Puja Transport,Non AC Seater (2+2),17:30,10h 30m,04:00,3.1,600.0,22,10.5
1013,1014,Patna (Bihar) to Janakpur (Nepal),https://www.redbus.in/bus-tickets/patna-to-janakpur-nepal,14,V.I.P Travels,A/C Seater Hi-Tech Push Back (2+2),21:30,09h 30m,07:00,3.0,375.0,10,9.5
1014,1015,Delhi to Dharamshala (Himachal Pradesh),https://www.redbus.in/bus-tickets/delhi-to-dharamshala,13,HRTC - 528,A/C Executive (2+3),17:31,13h 29m,07:00,2.8,834.0,42,13.5
1015,1016,Delhi to Dharamshala (Himachal Pradesh),https://www.redbus.in/bus-tickets/delhi-to-dharamshala,13,HRTC - 539,Himmani Deluxe 2+2 Non AC Seater,18:50,12h 25m,07:15,2.8,779.0,23,12.4
1016,1017,Delhi to Dharamshala (Himachal Pradesh),https://www.redbus.in/bus-tickets/delhi-to-dharamshala,13,HRTC - 539,Himmani Deluxe 2+2 Non AC Seater,18:50,11h 55m,06:45,3.3,755.0,23,11.9
1017,1018,Delhi to Dharamshala (Himachal Pradesh),https://www.redbus.in/bus-tickets/delhi-to-dharamshala,13,HRTC - 546,Himmani Deluxe 2+2 Non AC Seater,19:20,11h 40m,07:00,1.7,746.0,23,11.7
1018,1019,Delhi to Dharamshala (Himachal Pradesh),https://www.redbus.in/bus-tickets/delhi-to-dharamshala,13,HRTC - 550,Ordinary 3+2 Non AC Seater,19:40,12h 05m,07:45,2.6,692.0,37,12.1
1019,1020,Delhi to Dharamshala (Himachal Pradesh),https://www.redbus.in/bus-tickets/delhi-to-dharamshala,13,HRTC - 569,Himmani Deluxe 2+2 Non AC Seater,21:22,11h 58m,09:20,3.2,779.0,27,12.0
1020,1021,Delhi to Dharamshala (Himachal Pradesh),https://www.redbus.in/bus-tickets/delhi-to-dharamshala,13,HRTC - 569,Himmani Deluxe 2+2 Non AC Seater,21:22,11h 44m,09:06,4.6,755.0,27,11.7
1021,1022,Delhi to Dharamshala (Himachal Pradesh),https://www.redbus.in/bus-tickets/delhi-to-dharamshala,13,HRTC - 577,A/C Executive (2+3),21:40,11h 30m,09:10,3.4,790.0,44,11.5
1022,1023,Delhi to Dharamshala (Himachal Pradesh),https://www.redbus.in/bus-tickets/delhi-to-dharamshala,13,HRTC - 582,Ordinary 3+2 Non AC Seater,23:05,12h 40m,11:45,2.4,670.0,37,12.7
1023,1024,Delhi to Dharamshala (Himachal Pradesh),https://www.redbus.in/bus-tickets/delhi-to-dharamshala,13,Ram Dalal Holidays,Volvo 9600 Multi Axle Semi-Sleeper (2+2),21:45,10h 25m,08:10,4.8,650.0,27,10.4
1024,1025,Delhi to Dharamshala (Himachal Pradesh),https://www.redbus.in/bus-tickets/delhi-to-dharamshala,13,Laxmi holidays,Volvo 9600 A/C Semi Sleeper (2+2),22:00,11h 00m,09:00,4.8,699.0,12,11.0
1025,1026,Delhi to Dharamshala (Himachal Pradesh),https://www.redbus.in/bus-tickets/delhi-to-dharamshala,13,Ram Dalal Holidays,Volvo 9600 A/C Semi Sleeper (2+2),19:30,11h 10m,06:40,4.7,620.0,19,11.2
1026,1027,Delhi to Dharamshala (Himachal Pradesh),https://www.redbus.in/bus-tickets/delhi-to-dharamshala,13,Bedi Travels,Volvo 9600 Multi Axle Semi-Sleeper (2+2),21:00,10h 45m,07:45,4.8,675.0,12,10.8
1027,1028,Delhi to Dharamshala (Himachal Pradesh),https://www.redbus.in/bus-tickets/delhi-to-dharamshala,13,Laxmi holidays,Volvo 9600 A/C Semi Sleeper (2+2),21:00,10h 15m,07:15,4.7,699.0,16,10.2
1028,1029,Delhi to Dharamshala (Himachal Pradesh),https://www.redbus.in/bus-tickets/delhi-to-dharamshala,13,Bedi Travels,Volvo 9600 Multi Axle Semi-Sleeper (2+2),21:00,10h 30m,07:30,4.7,675.0,12,10.5
1029,1030,Delhi to Dharamshala (Himachal Pradesh),https://www.redbus.in/bus-tickets/delhi-to-dharamshala,13,Laxmi holidays,Volvo 9600 A/C Semi Sleeper (2+2),22:00,10h 55m,08:55,4.7,699.0,12,10.9
1030,1031,Delhi to Dharamshala (Himachal Pradesh),https://www.redbus.in/bus-tickets/delhi-to-dharamshala,13,Laxmi holidays,Volvo 9600 A/C Semi Sleeper (2+2),19:00,11h 00m,06:00,4.6,599.0,15,11.0
1031,1032,Delhi to Dharamshala (Himachal Pradesh),https://www.redbus.in/bus-tickets/delhi-to-dharamshala,13,Bedi Travels,Volvo A/C Semi Sleeper (2+2 ),21:45,10h 45m,08:30,4.6,639.0,6,10.8
1032,1033,Delhi to Dharamshala (Himachal Pradesh),https://www.redbus.in/bus-tickets/delhi-to-dharamshala,13,Laxmi holidays,Volvo Multi-Axle A/C Semi Sleeper (2+2),20:00,10h 55m,06:55,4.5,599.0,18,10.9
1033,1034,Ernakulam to Kozhikode,https://www.redbus.in/bus-tickets/ernakulam-to-kozhikode,6,KSRTC (Kerala) - 2711,Super Fast Non AC Seater (2+3),16:00,05h 30m,21:30,2.9,269.0,23,5.5
1034,1035,Ernakulam to Kozhikode,https://www.redbus.in/bus-tickets/ernakulam-to-kozhikode,6,KSRTC (Kerala) - 765,Super Fast Non AC Seater (2+3),16:30,05h 50m,22:20,2.9,269.0,43,5.8
1035,1036,Ernakulam to Kozhikode,https://www.redbus.in/bus-tickets/ernakulam-to-kozhikode,6,KSRTC (Kerala) - 833,Super Fast Non AC Seater (2+3),17:00,05h 15m,22:15,3.5,230.0,34,5.2
1036,1037,Ernakulam to Kozhikode,https://www.redbus.in/bus-tickets/ernakulam-to-kozhikode,6,KSRTC (Kerala) - 723,Super Fast Non AC Seater (2+3),17:10,05h 35m,22:45,3.6,269.0,44,5.6
1037,1038,Ernakulam to Kozhikode,https://www.redbus.in/bus-tickets/ernakulam-to-kozhikode,6,KSRTC (Kerala) - 2572,Super Fast Non AC Seater (2+3),17:10,06h 40m,23:50,2.9,261.0,39,6.7
1038,1039,Ernakulam to Kozhikode,https://www.redbus.in/bus-tickets/ernakulam-to-kozhikode,6,KSRTC (Kerala) - 74,Swift Deluxe Non AC Air Bus (2+2),17:15,04h 40m,21:55,3.1,309.0,4,4.7
1039,1040,Ernakulam to Kozhikode,https://www.redbus.in/bus-tickets/ernakulam-to-kozhikode,6,KSRTC (Kerala) - 2569,Super Fast Non AC Seater (2+3),18:00,06h 35m,00:35,2.9,261.0,33,6.6
1040,1041,Ernakulam to Kozhikode,https://www.redbus.in/bus-tickets/ernakulam-to-kozhikode,6,KSRTC (Kerala) - 549,Super Express Non AC Seater Air Bus (2+2),18:05,04h 10m,22:15,3.4,309.0,5,4.2
1041,1042,Ernakulam to Kozhikode,https://www.redbus.in/bus-tickets/ernakulam-to-kozhikode,6,KSRTC (Kerala) - 2517,Swift Deluxe Non AC Air Bus (2+2),18:36,04h 40m,23:16,2.9,309.0,19,4.7
1042,1043,Ernakulam to Kozhikode,https://www.redbus.in/bus-tickets/ernakulam-to-kozhikode,6,KSRTC (Kerala) - 590,Super Express Non AC Seater Air Bus (2+2),19:59,04h 46m,00:45,4.4,278.0,15,4.8
1043,1044,Ernakulam to Kozhikode,https://www.redbus.in/bus-tickets/ernakulam-to-kozhikode,6,Shajees Motors,A/C Semi Sleeper (2+2),19:30,05h 10m,00:40,3.8,600.0,7,5.2
1044,1045,Ernakulam to Kozhikode,https://www.redbus.in/bus-tickets/ernakulam-to-kozhikode,6,Ubc travels,A/C Semi Sleeper (2+2),20:40,04h 20m,01:00,3.3,700.0,16,4.3
1045,1046,Ernakulam to Kozhikode,https://www.redbus.in/bus-tickets/ernakulam-to-kozhikode,6,Ubc travels,A/C Seater/Sleeper (2+1),20:45,06h 15m,03:00,4.0,900.0,35,6.2
1046,1047,Ernakulam to Kozhikode,https://www.redbus.in/bus-tickets/ernakulam-to-kozhikode,6,Kalpaka Travels 1,A/C Sleeper (2+1),20:55,05h 35m,02:30,5.0,800.0,11,5.6
1047,1048,Ernakulam to Kozhikode,https://www.redbus.in/bus-tickets/ernakulam-to-kozhikode,6,Sheraton Tours and Travels,A/C Seater/Sleeper (2+1),21:00,04h 45m,01:45,4.2,480.0,4,4.8
1048,1049,Ernakulam to Kozhikode,https://www.redbus.in/bus-tickets/ernakulam-to-kozhikode,6,Adrin Travels,A/C Seater/Sleeper (2+1),21:00,05h 00m,02:00,5.0,800.0,18,5.0
1049,1050,Ernakulam to Kozhikode,https://www.redbus.in/bus-tickets/ernakulam-to-kozhikode,6,Cochin Express,Volvo Multi-Axle B9R A/c Semi Sleeper (2+2),21:15,05h 05m,02:20,4.4,700.0,32,5.1
1050,1051,Ernakulam to Kozhikode,https://www.redbus.in/bus-tickets/ernakulam-to-kozhikode,6,Cochin Express,A/C Sleeper (2+1),21:15,05h 15m,02:30,4.4,900.0,8,5.2
1051,1052,Ernakulam to Kozhikode,https://www.redbus.in/bus-tickets/ernakulam-to-kozhikode,6,Sonia Travels,A/C Semi Sleeper (2+2),21:20,05h 10m,02:30,3.8,550.0,27,5.2
1052,1053,Ernakulam to Kozhikode,https://www.redbus.in/bus-tickets/ernakulam-to-kozhikode,6,UFO Bus,Volvo Multi-Axle B9R A/c Semi Sleeper (2+2),21:30,05h 15m,02:45,4.5,630.0,7,5.2
1053,1054,Chandigarh to Faridkot,https://www.redbus.in/bus-tickets/chandigarh-to-faridkot,17,Jujhar Travels,Volvo A/C Semi Sleeper (2+2),16:20,04h 25m,20:45,4.1,600.0,38,4.4
1054,1055,Patna (Bihar) to Raxaul,https://www.redbus.in/bus-tickets/patna-to-raxaul,14,Bihar state road transport corporation (BSRTC) - 150571,Non AC Seater (2+2),21:20,07h 10m,04:30,3.5,293.0,28,7.2
1055,1056,Patna (Bihar) to Raxaul,https://www.redbus.in/bus-tickets/patna-to-raxaul,14,Jai Hanuman Travels,A/C Seater / Sleeper (2+2),22:00,07h 00m,05:00,3.0,550.0,37,7.0
1056,1057,Raiganj to Krishnanagar (West Bengal),https://www.redbus.in/bus-tickets/raiganj-to-krishnanagar,1,NBSTC-RAI-KOL-R1-19:30,NON A/C Seater Push Back (2+2),20:30,07h 30m,04:00,3.7,250.0,32,7.5
1057,1058,Raiganj to Krishnanagar (West Bengal),https://www.redbus.in/bus-tickets/raiganj-to-krishnanagar,1,Modern Travels,Bharat Benz A/C Seater /Sleeper (2+1),23:10,05h 30m,04:40,3.6,850.0,37,5.5
1058,1059,Raiganj to Krishnanagar (West Bengal),https://www.redbus.in/bus-tickets/raiganj-to-krishnanagar,1,RAYAN,NON A/C Seater / Sleeper (2+2),22:00,11h 00m,09:00,New,500.0,59,11.0
1059,1060,Raiganj to Krishnanagar (West Bengal),https://www.redbus.in/bus-tickets/raiganj-to-krishnanagar,1,Lokenath Bus Service,NON A/C Seater / Sleeper (2+2),19:45,07h 35m,03:20,2.6,500.0,12,7.6
1060,1061,Raiganj to Krishnanagar (West Bengal),https://www.redbus.in/bus-tickets/raiganj-to-krishnanagar,1,Aradhana Bus Service,NON A/C Seater / Sleeper (2+2),19:15,07h 45m,03:00,2.4,665.0,29,7.8
1061,1062,Vijayawada to Visakhapatnam,https://www.redbus.in/bus-tickets/vijayawada-to-visakhapatnam,7,APSRTC - 3009,Super Luxury (Non AC Seater 2+2 Push Back),15:45,09h 00m,00:45,3.5,605.0,13,9.0
1062,1063,Vijayawada to Visakhapatnam,https://www.redbus.in/bus-tickets/vijayawada-to-visakhapatnam,7,APSRTC - 3492,AMARAVATHI (VOLVO / SCANIA A.C Multi Axle),16:00,07h 00m,23:00,3.7,929.0,21,7.0
1063,1064,Vijayawada to Visakhapatnam,https://www.redbus.in/bus-tickets/vijayawada-to-visakhapatnam,7,APSRTC - 3466,Super Luxury (Non AC Seater 2+2 Push Back),16:30,08h 35m,01:05,3.5,605.0,34,8.6
1064,1065,Vijayawada to Visakhapatnam,https://www.redbus.in/bus-tickets/vijayawada-to-visakhapatnam,7,APSRTC - 27299,"ULTRA DELUXE (NON-AC, 2+2 PUSH BACK)",16:45,09h 30m,02:15,4.6,579.0,35,9.5
1065,1066,Vijayawada to Visakhapatnam,https://www.redbus.in/bus-tickets/vijayawada-to-visakhapatnam,7,APSRTC - 2972,Super Luxury (Non AC Seater 2+2 Push Back),17:00,09h 15m,02:15,3.8,605.0,33,9.2
1066,1067,Vijayawada to Visakhapatnam,https://www.redbus.in/bus-tickets/vijayawada-to-visakhapatnam,7,APSRTC - 4381,Super Luxury (Non AC Seater 2+2 Push Back),17:15,08h 25m,01:40,3.8,605.0,33,8.4
1067,1068,Vijayawada to Visakhapatnam,https://www.redbus.in/bus-tickets/vijayawada-to-visakhapatnam,7,APSRTC - 3430,AMARAVATHI (VOLVO / SCANIA A.C Multi Axle),17:15,07h 30m,00:45,3.9,929.0,40,7.5
1068,1069,Vijayawada to Visakhapatnam,https://www.redbus.in/bus-tickets/vijayawada-to-visakhapatnam,7,APSRTC - 3039,"ULTRA DELUXE (NON-AC, 2+2 PUSH BACK)",17:30,09h 00m,02:30,3.8,579.0,35,9.0
1069,1070,Vijayawada to Visakhapatnam,https://www.redbus.in/bus-tickets/vijayawada-to-visakhapatnam,7,APSRTC - 3135,Super Luxury (Non AC Seater 2+2 Push Back),17:45,08h 45m,02:30,3.8,574.0,33,8.8
1070,1071,Vijayawada to Visakhapatnam,https://www.redbus.in/bus-tickets/vijayawada-to-visakhapatnam,7,APSRTC - 3071,Super Luxury (Non AC Seater 2+2 Push Back),18:00,09h 15m,03:15,3.8,605.0,25,9.2
1071,1072,Vijayawada to Visakhapatnam,https://www.redbus.in/bus-tickets/vijayawada-to-visakhapatnam,7,Yolo Bus,A/C Sleeper (2+1),22:20,08h 13m,06:33,4.7,840.0,11,8.2
1072,1073,Vijayawada to Visakhapatnam,https://www.redbus.in/bus-tickets/vijayawada-to-visakhapatnam,7,IntrCity SmartBus,A/C Seater / Sleeper (2+1),23:45,06h 40m,06:25,4.5,823.0,15,6.7
1073,1074,Vijayawada to Visakhapatnam,https://www.redbus.in/bus-tickets/vijayawada-to-visakhapatnam,7,Svkdt travels,A/C Seater / Sleeper (2+1),22:00,08h 00m,06:00,4.5,690.0,12,8.0
1074,1075,Vijayawada to Visakhapatnam,https://www.redbus.in/bus-tickets/vijayawada-to-visakhapatnam,7,Svkdt travels,A/C Seater / Sleeper (2+1),23:30,07h 25m,06:55,4.5,700.0,15,7.4
1075,1076,Vijayawada to Visakhapatnam,https://www.redbus.in/bus-tickets/vijayawada-to-visakhapatnam,7,IntrCity SmartBus,AC Sleeper (2+1),23:15,06h 40m,05:55,4.4,839.0,13,6.7
1076,1077,Vijayawada to Visakhapatnam,https://www.redbus.in/bus-tickets/vijayawada-to-visakhapatnam,7,Svkdt travels,A/C Seater / Sleeper (2+1),20:45,07h 45m,04:30,4.4,690.0,17,7.8
1077,1078,Vijayawada to Visakhapatnam,https://www.redbus.in/bus-tickets/vijayawada-to-visakhapatnam,7,Svkdt travels,A/C Seater / Sleeper (2+1),22:30,07h 25m,05:55,4.3,690.0,18,7.4
1078,1079,Vijayawada to Visakhapatnam,https://www.redbus.in/bus-tickets/vijayawada-to-visakhapatnam,7,NueGo,Electric A/C Seater/Sleeper (2+1),20:00,07h 45m,03:45,4.4,664.0,12,7.8
1079,1080,Vijayawada to Visakhapatnam,https://www.redbus.in/bus-tickets/vijayawada-to-visakhapatnam,7,NueGo,Electric A/C Seater/Sleeper (2+1),21:00,07h 45m,04:45,4.2,781.0,3,7.8
1080,1081,Vijayawada to Visakhapatnam,https://www.redbus.in/bus-tickets/vijayawada-to-visakhapatnam,7,Zingbus Plus,A/C Sleeper (2+1),23:45,06h 35m,06:20,4.6,945.0,10,6.6
1081,1082,Dharamshala (Himachal Pradesh) to Delhi,https://www.redbus.in/bus-tickets/dharamshala-to-delhi,13,HRTC - 903,Himmani Deluxe 2+2 Non AC Seater,17:00,13h 00m,06:00,3.3,779.0,27,13.0
1082,1083,Dharamshala (Himachal Pradesh) to Delhi,https://www.redbus.in/bus-tickets/dharamshala-to-delhi,13,HRTC - 25,Himsuta AC Seater Volvo/Scania 2+2,17:35,12h 50m,06:25,2.3,1310.0,33,12.8
1083,1084,Dharamshala (Himachal Pradesh) to Delhi,https://www.redbus.in/bus-tickets/dharamshala-to-delhi,13,HRTC - 903,Himmani Deluxe 2+2 Non AC Seater,18:00,12h 00m,06:00,3.2,755.0,27,12.0
1084,1085,Dharamshala (Himachal Pradesh) to Delhi,https://www.redbus.in/bus-tickets/dharamshala-to-delhi,13,HRTC - 925,A/C Executive (2+3),18:00,12h 30m,06:30,2.5,856.0,44,12.5
1085,1086,Dharamshala (Himachal Pradesh) to Delhi,https://www.redbus.in/bus-tickets/dharamshala-to-delhi,13,HRTC - 25,Himsuta AC Seater Volvo/Scania 2+2,18:30,11h 55m,06:25,3.3,1274.0,34,11.9
1086,1087,Dharamshala (Himachal Pradesh) to Delhi,https://www.redbus.in/bus-tickets/dharamshala-to-delhi,13,HRTC - 904,Himmani Deluxe 2+2 Non AC Seater,18:30,12h 00m,06:30,3.9,758.0,26,12.0
1087,1088,Dharamshala (Himachal Pradesh) to Delhi,https://www.redbus.in/bus-tickets/dharamshala-to-delhi,13,HRTC - 925,A/C Executive (2+3),18:35,11h 55m,06:30,3.2,834.0,42,11.9
1088,1089,Dharamshala (Himachal Pradesh) to Delhi,https://www.redbus.in/bus-tickets/dharamshala-to-delhi,13,HRTC - 904,Himmani Deluxe 2+2 Non AC Seater,19:00,11h 30m,06:30,2.6,733.0,26,11.5
1089,1090,Dharamshala (Himachal Pradesh) to Delhi,https://www.redbus.in/bus-tickets/dharamshala-to-delhi,13,HRTC - 13,Himsuta AC Seater Volvo/Scania 2+2,19:05,12h 40m,07:45,4.4,1295.0,22,12.7
1090,1091,Dharamshala (Himachal Pradesh) to Delhi,https://www.redbus.in/bus-tickets/dharamshala-to-delhi,13,HRTC - 905,Ordinary 3+2 Non AC Seater,19:35,12h 10m,07:45,3.4,714.0,37,12.2
1091,1092,Dharamshala (Himachal Pradesh) to Delhi,https://www.redbus.in/bus-tickets/dharamshala-to-delhi,13,Ram Dalal Holidays,Volvo 9600 Multi Axle Semi-Sleeper (2+2),20:38,09h 52m,06:30,4.7,580.0,15,9.9
1092,1093,Dharamshala (Himachal Pradesh) to Delhi,https://www.redbus.in/bus-tickets/dharamshala-to-delhi,13,Bedi Travels,Volvo 9600 Multi Axle Semi-Sleeper (2+2),19:00,10h 30m,05:30,4.7,585.0,6,10.5
1093,1094,Dharamshala (Himachal Pradesh) to Delhi,https://www.redbus.in/bus-tickets/dharamshala-to-delhi,13,Laxmi holidays,Volvo 9600 A/C Semi Sleeper (2+2),21:45,10h 45m,08:30,4.8,699.0,19,10.8
1094,1095,Dharamshala (Himachal Pradesh) to Delhi,https://www.redbus.in/bus-tickets/dharamshala-to-delhi,13,AdFlixBus,A/C Seater (2+2),18:00,11h 20m,05:20,3.6,515.0,26,11.3
1095,1096,Dharamshala (Himachal Pradesh) to Delhi,https://www.redbus.in/bus-tickets/dharamshala-to-delhi,13,Laxmi holidays,Volvo 9600 A/C Semi Sleeper (2+2),18:25,11h 05m,05:30,4.7,799.0,12,11.1
1096,1097,Dharamshala (Himachal Pradesh) to Delhi,https://www.redbus.in/bus-tickets/dharamshala-to-delhi,13,Laxmi holidays,Volvo 9600 A/C Semi Sleeper (2+2),18:30,11h 00m,05:30,4.7,799.0,12,11.0
1097,1098,Dharamshala (Himachal Pradesh) to Delhi,https://www.redbus.in/bus-tickets/dharamshala-to-delhi,13,Laxmi holidays,Volvo 9600 A/C Semi Sleeper (2+2),21:00,09h 30m,06:30,4.6,699.0,17,9.5
1098,1099,Dharamshala (Himachal Pradesh) to Delhi,https://www.redbus.in/bus-tickets/dharamshala-to-delhi,13,AdLaxmi holidays,Volvo Multi-Axle A/C Semi Sleeper (2+2),20:00,10h 20m,06:20,4.5,599.0,22,10.3
1099,1100,Dharamshala (Himachal Pradesh) to Delhi,https://www.redbus.in/bus-tickets/dharamshala-to-delhi,13,Ram Dalal Holidays,Volvo 9600 A/C Semi Sleeper (2+2),19:30,10h 15m,05:45,4.6,620.0,9,10.2
1100,1101,Dharamshala (Himachal Pradesh) to Delhi,https://www.redbus.in/bus-tickets/dharamshala-to-delhi,13,Laxmi holidays,Volvo Multi-Axle A/C Semi Sleeper (2+2),19:55,10h 25m,06:20,4.7,599.0,22,10.4
1101,1102,Patna (Bihar) to Saharsa,https://www.redbus.in/bus-tickets/patna-to-saharsa,14,Bihar state road transport corporation (BSRTC) - 152896,Non AC Seater (2+2),21:59,08h 01m,06:00,2.3,400.0,5,8.0
1102,1103,Patna (Bihar) to Saharsa,https://www.redbus.in/bus-tickets/patna-to-saharsa,14,Rukmanti (AT),A/C Seater / Sleeper (2+1),20:00,09h 00m,05:00,1.7,523.0,26,9.0
1103,1104,Patna (Bihar) to Saharsa,https://www.redbus.in/bus-tickets/patna-to-saharsa,14,Tiwari Motors,A/C Seater / Sleeper (2+1),20:00,09h 05m,05:05,2.0,449.0,28,9.1
1104,1105,Patna (Bihar) to Saharsa,https://www.redbus.in/bus-tickets/patna-to-saharsa,14,Raj Rath,A/C Seater / Sleeper (2+2),21:00,09h 00m,06:00,2.3,393.0,21,9.0
1105,1106,Patna (Bihar) to Saharsa,https://www.redbus.in/bus-tickets/patna-to-saharsa,14,Sri Krishna Rath,A/C Seater / Sleeper (2+2),20:30,07h 30m,04:00,1.8,809.0,28,7.5
1106,1107,Durgapur (West Bengal) to Purulia,https://www.redbus.in/bus-tickets/durgapur-to-purulia,4,SBSTC-KOLKATA - PURULIA - VIA - BANKURA - 13:00 (PRL DEP - 290,Non AC Seater (2+3),16:00,08h 00m,00:00,3.5,117.0,21,8.0
1107,1108,Durgapur (West Bengal) to Purulia,https://www.redbus.in/bus-tickets/durgapur-to-purulia,4,SBSTC-KOLKATA - PURULIA - VIA - ASN - 14:15 (PRL DEPOT) - 292,Non AC Seater (2+3),17:15,06h 45m,00:00,3.6,112.0,49,6.8
1108,1109,Shillong to Hailakandi,https://www.redbus.in/bus-tickets/shillong-to-hailakandi,5,AR Travels,Non AC Seater (2+2),21:20,08h 30m,05:50,1.7,550.0,40,8.5
1109,1110,Shimla to Chandigarh,https://www.redbus.in/bus-tickets/shimla-to-chandigarh,13,HRTC - 218,Ordinary 3+2 Non AC Seater,16:24,03h 01m,19:25,1.4,242.0,32,3.0
1110,1111,Shimla to Chandigarh,https://www.redbus.in/bus-tickets/shimla-to-chandigarh,13,HRTC - 219,Ordinary 3+2 Non AC Seater,16:42,05h 28m,22:10,3.9,242.0,37,5.5
1111,1112,Shimla to Chandigarh,https://www.redbus.in/bus-tickets/shimla-to-chandigarh,13,HRTC - 207,Ordinary 3+2 Non AC Seater,17:15,05h 15m,22:30,3.9,237.0,27,5.2
1112,1113,Shimla to Chandigarh,https://www.redbus.in/bus-tickets/shimla-to-chandigarh,13,HRTC - 103,Ordinary 3+2 Non AC Seater,17:18,03h 01m,20:19,3.9,242.0,36,3.0
1113,1114,Shimla to Chandigarh,https://www.redbus.in/bus-tickets/shimla-to-chandigarh,13,HRTC - 215,Ordinary 3+2 Non AC Seater,18:00,04h 30m,22:30,3.9,242.0,27,4.5
1114,1115,Shimla to Chandigarh,https://www.redbus.in/bus-tickets/shimla-to-chandigarh,13,HRTC - 104,A/C Executive (2+3),18:20,03h 01m,21:21,1.3,247.0,44,3.0
1115,1116,Shimla to Chandigarh,https://www.redbus.in/bus-tickets/shimla-to-chandigarh,13,HRTC - 228,Ordinary 3+2 Non AC Seater,18:40,04h 15m,22:55,3.9,242.0,37,4.2
1116,1117,Shimla to Chandigarh,https://www.redbus.in/bus-tickets/shimla-to-chandigarh,13,HRTC - 210,Ordinary 3+2 Non AC Seater,19:20,05h 10m,00:30,3.9,237.0,37,5.2
1117,1118,Shimla to Chandigarh,https://www.redbus.in/bus-tickets/shimla-to-chandigarh,13,HRTC - 188,Ordinary 3+2 Non AC Seater,19:25,03h 01m,22:26,3.9,242.0,27,3.0
1118,1119,Shimla to Chandigarh,https://www.redbus.in/bus-tickets/shimla-to-chandigarh,13,HRTC - 153,Himsuta AC Seater Volvo/Scania 2+2,19:30,04h 00m,23:30,4.9,384.0,34,4.0
1119,1120,Shimla to Chandigarh,https://www.redbus.in/bus-tickets/shimla-to-chandigarh,13,HRTC - 1711,Ordinary 3+2 Non AC Seater,20:00,03h 00m,23:00,3.9,242.0,37,3.0
1120,1121,Shimla to Chandigarh,https://www.redbus.in/bus-tickets/shimla-to-chandigarh,13,HRTC - 74,Himsuta AC Seater Volvo/Scania 2+2,20:00,03h 00m,23:00,2.8,384.0,33,3.0
1121,1122,Shimla to Chandigarh,https://www.redbus.in/bus-tickets/shimla-to-chandigarh,13,HRTC - 139,Ordinary 3+2 Non AC Seater,20:05,04h 10m,00:15,3.9,242.0,37,4.2
1122,1123,Shimla to Chandigarh,https://www.redbus.in/bus-tickets/shimla-to-chandigarh,13,HRTC - 230,A/C Executive (2+3),20:20,04h 40m,01:00,3.9,257.0,44,4.7
1123,1124,Shimla to Chandigarh,https://www.redbus.in/bus-tickets/shimla-to-chandigarh,13,HRTC - 229,Ordinary 3+2 Non AC Seater,20:40,03h 01m,23:41,3.9,242.0,17,3.0
1124,1125,Shimla to Chandigarh,https://www.redbus.in/bus-tickets/shimla-to-chandigarh,13,HRTC - 3,Himsuta AC Seater Volvo/Scania 2+2,21:00,03h 40m,00:40,4.9,384.0,34,3.7
1125,1126,Shimla to Chandigarh,https://www.redbus.in/bus-tickets/shimla-to-chandigarh,13,HRTC - 108,A/C Executive (2+3),21:20,03h 01m,00:21,3.1,247.0,44,3.0
1126,1127,Shimla to Chandigarh,https://www.redbus.in/bus-tickets/shimla-to-chandigarh,13,HRTC - 19,Himsuta AC Seater Volvo/Scania 2+2,21:30,03h 45m,01:15,3.9,384.0,34,3.8
1127,1128,Shimla to Chandigarh,https://www.redbus.in/bus-tickets/shimla-to-chandigarh,13,HRTC - 1712,Ordinary 3+2 Non AC Seater,21:30,03h 30m,01:00,3.9,242.0,27,3.5
1128,1129,Shimla to Chandigarh,https://www.redbus.in/bus-tickets/shimla-to-chandigarh,13,HRTC - 130,Ordinary 3+2 Non AC Seater,21:45,03h 45m,01:30,3.9,242.0,37,3.8
1129,1130,Shimla to Chandigarh,https://www.redbus.in/bus-tickets/shimla-to-chandigarh,13,HRTC - 35,Himsuta AC Seater Volvo/Scania 2+2,22:00,03h 10m,01:10,3.9,384.0,34,3.2
1130,1131,Shimla to Chandigarh,https://www.redbus.in/bus-tickets/shimla-to-chandigarh,13,HRTC - 179,Ordinary 3+2 Non AC Seater,22:00,03h 45m,01:45,3.9,242.0,27,3.8
1131,1132,Shimla to Chandigarh,https://www.redbus.in/bus-tickets/shimla-to-chandigarh,13,HRTC - 136,Ordinary 3+2 Non AC Seater,22:30,03h 40m,02:10,3.9,242.0,27,3.7
1132,1133,Shimla to Chandigarh,https://www.redbus.in/bus-tickets/shimla-to-chandigarh,13,HRTC - 92,Himsuta AC Seater Volvo/Scania 2+2,22:30,03h 00m,01:30,3.9,384.0,29,3.0
1133,1134,Shimla to Chandigarh,https://www.redbus.in/bus-tickets/shimla-to-chandigarh,13,Chandigarh Transport Undertaking (CTU) - 165743,HVAC Seater (2+3),15:30,04h 35m,20:05,3.2,307.62,44,4.6
1134,1135,Shimla to Chandigarh,https://www.redbus.in/bus-tickets/shimla-to-chandigarh,13,Chandigarh Transport Undertaking (CTU) - 165746,HVAC Seater (2+3),18:30,04h 35m,23:05,4.8,307.62,47,4.6
1135,1136,Shimla to Chandigarh,https://www.redbus.in/bus-tickets/shimla-to-chandigarh,13,Chandigarh Transport Undertaking (CTU) - 165748,HVAC Seater (2+3),22:45,04h 35m,03:20,3.7,307.62,47,4.6
1136,1137,Shimla to Chandigarh,https://www.redbus.in/bus-tickets/shimla-to-chandigarh,13,RSRTC - 192348,Super Luxury Volvo AC Seater Pushback 2+2,16:30,04h 45m,21:15,3.6,432.0,30,4.8
1137,1138,Shimla to Chandigarh,https://www.redbus.in/bus-tickets/shimla-to-chandigarh,13,FlixBus,A/C Seater (2+2),20:00,04h 30m,00:30,4.0,128.0,32,4.5
1138,1139,Shimla to Chandigarh,https://www.redbus.in/bus-tickets/shimla-to-chandigarh,13,Zingbus Plus,Volvo A/C Semi Sleeper (2+2),20:30,03h 15m,23:45,4.6,267.0,32,3.2
1139,1140,Shimla to Chandigarh,https://www.redbus.in/bus-tickets/shimla-to-chandigarh,13,Laxmi holidays,Scania Multi-Axle AC Semi Sleeper (2+2),20:30,03h 05m,23:35,4.8,450.0,47,3.1
1140,1141,Shimla to Chandigarh,https://www.redbus.in/bus-tickets/shimla-to-chandigarh,13,Laxmi holidays,Scania Multi-Axle AC Semi Sleeper (2+2),20:30,02h 30m,23:00,4.7,450.0,47,2.5
1141,1142,Shimla to Chandigarh,https://www.redbus.in/bus-tickets/shimla-to-chandigarh,13,Bedi Travels,Volvo A/C Semi Sleeper (2+2 ),21:30,03h 25m,00:55,4.0,450.0,27,3.4
1142,1143,Shimla to Chandigarh,https://www.redbus.in/bus-tickets/shimla-to-chandigarh,13,Ram Dalal Holidays,Mercedes Multi-Axle Semi Sleeper (2+2),21:55,03h 45m,01:40,3.8,550.0,35,3.8
1143,1144,Shimla to Chandigarh,https://www.redbus.in/bus-tickets/shimla-to-chandigarh,13,City Land Travels,Volvo A/C Semi Sleeper (2+2),22:30,02h 50m,01:20,4.3,529.0,16,2.8
1144,1145,Shimla to Chandigarh,https://www.redbus.in/bus-tickets/shimla-to-chandigarh,13,City Land Travels,Volvo A/C Semi Sleeper (2+2),22:30,02h 45m,01:15,5.0,529.0,16,2.8
1145,1146,Midnapore to Barasat (West Bengal),https://www.redbus.in/bus-tickets/midnapore-to-barasat-west-bengal,12,WBTC (CTC) Habra-Midnapur - 194|15:40,Non AC Seater (2+3),15:40,03h 15m,18:55,4.4,120.0,18,3.2
1146,1147,Midnapore to Barasat (West Bengal),https://www.redbus.in/bus-tickets/midnapore-to-barasat-west-bengal,12,WBTC (CTC) Habra-Midnapur - 194|17:00,Non AC Seater (2+3),17:00,03h 10m,20:10,4.3,120.0,41,3.2
1147,1148,Midnapore to Barasat (West Bengal),https://www.redbus.in/bus-tickets/midnapore-to-barasat-west-bengal,12,SBSTC-MIDNAPUR - BARASAT - 16:00 (MID DEPOT) - 1193,Non AC Seater (2+3),16:00,08h 00m,00:00,4.1,125.0,15,8.0
1148,1149,Patna (Bihar) to Ranchi,https://www.redbus.in/bus-tickets/patna-to-ranchi,14,Bihar state road transport corporation (BSRTC) - 153594,AC Seater (2+2),20:41,09h 19m,06:00,3.1,525.0,28,9.3
1149,1150,Patna (Bihar) to Ranchi,https://www.redbus.in/bus-tickets/patna-to-ranchi,14,Rekha Luxury,A/C Seater / Sleeper (2+1),20:00,10h 00m,06:00,3.8,509.0,15,10.0
1150,1151,Patna (Bihar) to Ranchi,https://www.redbus.in/bus-tickets/patna-to-ranchi,14,MAA SHANTI TRAVELS,A/C Seater / Sleeper (2+1),20:27,07h 48m,04:15,4.2,700.0,16,7.8
1151,1152,Patna (Bihar) to Ranchi,https://www.redbus.in/bus-tickets/patna-to-ranchi,14,Mahuli Travels,A/C Seater / Sleeper (2+1),21:15,08h 45m,06:00,3.7,495.0,45,8.8
1152,1153,Patna (Bihar) to Ranchi,https://www.redbus.in/bus-tickets/patna-to-ranchi,14,Divya Rath,A/C Sleeper (2+1),20:15,08h 15m,04:30,4.1,833.0,16,8.2
1153,1154,Kolkata to Gangarampur,https://www.redbus.in/bus-tickets/kolkata-to-gangarampur,1,NBSTC-KOL-BLG-R1-19:30,NON A/C Seater Push Back (2+2),19:45,10h 30m,06:15,3.6,335.0,20,10.5
1154,1155,Kolkata to Gangarampur,https://www.redbus.in/bus-tickets/kolkata-to-gangarampur,1,Express Line,Volvo 9600 A/C Seater/Sleeper (2+1),19:45,10h 00m,05:45,4.7,699.0,18,10.0
1155,1156,Kolkata to Gangarampur,https://www.redbus.in/bus-tickets/kolkata-to-gangarampur,1,Shyamoli Paribahan Pvt Ltd,Scania Multi-Axle AC Semi Sleeper (2+2),20:00,09h 45m,05:45,3.9,650.0,33,9.8
1156,1157,Kolkata to Gangarampur,https://www.redbus.in/bus-tickets/kolkata-to-gangarampur,1,Rubi Paribahan  ,Volvo 9600 A/C Seater/Sleeper (2+1),20:30,07h 45m,04:15,4.0,780.0,32,7.8
1157,1158,Kolkata to Gangarampur,https://www.redbus.in/bus-tickets/kolkata-to-gangarampur,1,New Dolphin Travels,NON A/C Seater / Sleeper (2+2),17:30,12h 00m,05:30,3.1,352.0,18,12.0
1158,1164,Silchar to Shillong,https://www.redbus.in/bus-tickets/silchar-to-shillong,5,Meghalaya Transport Corporation(MTC) - 163362,Tata Non A/C Seater Executive Luxury (2+2),18:00,09h 30m,03:30,3.0,384.0,2,9.5
1159,1165,Kolkata to Asansol (West Bengal),https://www.redbus.in/bus-tickets/kolkata-to-asansol,12,SBSTC-KARUNAMOYEE - ASANSOL - 15:00 (ASN DEPOT) - 248,Non AC Seater (2+3),15:00,05h 00m,20:00,2.2,185.0,49,5.0
1160,1166,Kolkata to Asansol (West Bengal),https://www.redbus.in/bus-tickets/kolkata-to-asansol,12,SBSTC-KARUNAMOYEE - ASANSOL - 15:30 (ASN DEPOT) - 249,Non AC Seater (2+3),15:30,05h 00m,20:30,3.3,185.0,36,5.0
1161,1167,Kolkata to Asansol (West Bengal),https://www.redbus.in/bus-tickets/kolkata-to-asansol,12,SBSTC-KOLKATA - ASANSOL - 16:00 (ASANSOL DEPOT) - 768,Non AC Seater (2+3),16:00,04h 30m,20:30,4.4,180.0,49,4.5
1162,1168,Kolkata to Asansol (West Bengal),https://www.redbus.in/bus-tickets/kolkata-to-asansol,12,SBSTC-KARUNAMOYEE - ASANSOL - AC - 16:15 (BEL DEPOT) - 1566,AC Seater (2+2),16:15,05h 00m,21:15,1.7,360.0,36,5.0
1163,1169,Kolkata to Asansol (West Bengal),https://www.redbus.in/bus-tickets/kolkata-to-asansol,12,SBSTC-KOLKATA - ASANSOL - 16:30 (ASANSOL DEPOT) - 261,Non AC Seater (2+3),16:30,04h 30m,21:00,2.5,180.0,52,4.5
1164,1170,Kolkata to Asansol (West Bengal),https://www.redbus.in/bus-tickets/kolkata-to-asansol,12,SBSTC-KOLKATA - ASANSOL - L/S - 17:00 (ASANSOL DEPOT) - 769,Non AC Seater (2+3),17:00,04h 30m,21:30,2.6,180.0,51,4.5
1165,1171,Kolkata to Asansol (West Bengal),https://www.redbus.in/bus-tickets/kolkata-to-asansol,12,SBSTC-KOLKATA - JAMURIA - VIA - DURGAPUR - 17:30 - 300,Non AC Seater (2+3),17:30,04h 30m,22:00,4.2,180.0,51,4.5
1166,1172,Kolkata to Asansol (West Bengal),https://www.redbus.in/bus-tickets/kolkata-to-asansol,12,SHYAMOLI Pvt. Ltd.(Karunamoyee),Volvo A/C Seater (2+2),14:40,04h 20m,19:00,4.2,524.0,11,4.3
1167,1173,Kolkata to Asansol (West Bengal),https://www.redbus.in/bus-tickets/kolkata-to-asansol,12,Shyamoli Paribahan Pvt Ltd,Volvo A/C Seater (2+2),14:45,04h 15m,19:00,3.9,524.0,25,4.2
1168,1174,Kolkata to Asansol (West Bengal),https://www.redbus.in/bus-tickets/kolkata-to-asansol,12,Greenline,Volvo A/C Seater (2+2),14:45,04h 45m,19:30,4.1,524.0,9,4.8
1169,1175,Kolkata to Asansol (West Bengal),https://www.redbus.in/bus-tickets/kolkata-to-asansol,12,Greenline (Karunamoyee),Volvo 9600 A/C Semi Sleeper (2+2),15:00,05h 00m,20:00,4.3,524.0,19,5.0
1170,1176,Kolkata to Asansol (West Bengal),https://www.redbus.in/bus-tickets/kolkata-to-asansol,12,Express Line,Volvo 9600 Multi Axle Semi-Sleeper (2+2),15:30,04h 10m,19:40,4.3,524.0,42,4.2
1171,1177,Kolkata to Asansol (West Bengal),https://www.redbus.in/bus-tickets/kolkata-to-asansol,12,Express Line (Karunamoyee),Volvo 9600 A/C Semi Sleeper (2+2),15:45,05h 00m,20:45,4.7,524.0,25,5.0
1172,1178,Kolkata to Asansol (West Bengal),https://www.redbus.in/bus-tickets/kolkata-to-asansol,12,SHYAMOLI Pvt. Ltd.(Karunamoyee),Volvo A/C Seater (2+2),16:00,05h 00m,21:00,4.1,524.0,31,5.0
1173,1179,Kolkata to Asansol (West Bengal),https://www.redbus.in/bus-tickets/kolkata-to-asansol,12,Greenline,Volvo 9600 Multi Axle Semi-Sleeper (2+2),16:00,04h 00m,20:00,4.3,524.0,13,4.0
1174,1180,Kolkata to Asansol (West Bengal),https://www.redbus.in/bus-tickets/kolkata-to-asansol,12,Shyamoli Paribahan Pvt Ltd,Volvo A/C Seater (2+2),16:40,05h 00m,21:40,4.7,524.0,29,5.0
1175,1181,Kolkata to Asansol (West Bengal),https://www.redbus.in/bus-tickets/kolkata-to-asansol,12,Greenline (Karunamoyee),Volvo A/C Seater (2+2),16:45,05h 00m,21:45,4.4,524.0,28,5.0
1176,1182,Jaipur (Rajasthan) to Kota(Rajasthan),https://www.redbus.in/bus-tickets/jaipur-to-kota-rajasthan,18,RSRTC - 191378,NON AC Seater / Sleeper 2+1,16:40,05h 20m,22:00,3.5,347.0,20,5.3
1177,1183,Jaipur (Rajasthan) to Kota(Rajasthan),https://www.redbus.in/bus-tickets/jaipur-to-kota-rajasthan,18,RSRTC - 192559,Express Non AC Seater 2+3,17:00,05h 25m,22:25,3.4,265.0,46,5.4
1178,1184,Jaipur (Rajasthan) to Kota(Rajasthan),https://www.redbus.in/bus-tickets/jaipur-to-kota-rajasthan,18,RSRTC - 193794,Express Non AC Seater 2+3,18:00,06h 00m,00:00,3.4,265.0,42,6.0
1179,1185,Jaipur (Rajasthan) to Kota(Rajasthan),https://www.redbus.in/bus-tickets/jaipur-to-kota-rajasthan,18,RSRTC - 192762,Express Non AC Seater 2+3,18:40,05h 30m,00:10,3.4,265.0,46,5.5
1180,1186,Jaipur (Rajasthan) to Kota(Rajasthan),https://www.redbus.in/bus-tickets/jaipur-to-kota-rajasthan,18,RSRTC - 175208,Express Non AC Seater 2+3,23:00,05h 00m,04:00,1.5,265.0,42,5.0
1181,1187,Jaipur (Rajasthan) to Kota(Rajasthan),https://www.redbus.in/bus-tickets/jaipur-to-kota-rajasthan,18,Jakhar Travels,A/C Seater / Sleeper (2+1),22:00,05h 30m,03:30,3.9,500.0,24,5.5
1182,1188,Jaipur (Rajasthan) to Kota(Rajasthan),https://www.redbus.in/bus-tickets/jaipur-to-kota-rajasthan,18,Laxmi Shatabdi Travels,NON A/C Seater/ Sleeper (2+1),22:30,06h 45m,05:15,3.6,300.0,32,6.8
1183,1189,Jaipur (Rajasthan) to Kota(Rajasthan),https://www.redbus.in/bus-tickets/jaipur-to-kota-rajasthan,18,Babu Travels,A/C Sleeper (2+1),18:30,05h 12m,23:42,4.0,450.0,27,5.2
1184,1190,Jaipur (Rajasthan) to Kota(Rajasthan),https://www.redbus.in/bus-tickets/jaipur-to-kota-rajasthan,18,Babu Travels,NON A/C Seater/ Sleeper (2+1),22:15,06h 30m,04:45,3.5,400.0,23,6.5
1185,1191,Jaipur (Rajasthan) to Kota(Rajasthan),https://www.redbus.in/bus-tickets/jaipur-to-kota-rajasthan,18,Raj travels Jhunjhunu,A/C Seater / Sleeper (2+1),23:30,05h 30m,05:00,3.2,333.0,19,5.5
1186,1192,Jaipur (Rajasthan) to Kota(Rajasthan),https://www.redbus.in/bus-tickets/jaipur-to-kota-rajasthan,18,M R Travels,AC Sleeper (2+1),18:00,05h 45m,23:45,4.0,400.0,24,5.8
1187,1193,Jaipur (Rajasthan) to Kota(Rajasthan),https://www.redbus.in/bus-tickets/jaipur-to-kota-rajasthan,18,Verma Travels.,A/C Sleeper (2+1),19:30,04h 29m,23:59,3.0,300.0,23,4.5
1188,1194,Jaipur (Rajasthan) to Kota(Rajasthan),https://www.redbus.in/bus-tickets/jaipur-to-kota-rajasthan,18,Jakhar Travels,A/C Seater / Sleeper (2+1),19:30,04h 25m,23:55,3.4,571.0,25,4.4
1189,1195,Jaipur (Rajasthan) to Kota(Rajasthan),https://www.redbus.in/bus-tickets/jaipur-to-kota-rajasthan,18,Jakhar Travels,NON A/C Seater/ Sleeper (2+1),21:15,05h 45m,03:00,3.2,250.0,22,5.8
1190,1196,Jaipur (Rajasthan) to Kota(Rajasthan),https://www.redbus.in/bus-tickets/jaipur-to-kota-rajasthan,18,Mahadev Travels Pilani,A/C Seater / Sleeper (2+1),23:25,06h 00m,05:25,2.5,400.0,27,6.0
1191,1197,Khammam to Hyderabad,https://www.redbus.in/bus-tickets/khammam-to-hyderabad,9,TSRTC - 8665,LAHARI A/C SLEEPER CUM SEATER,15:00,05h 00m,20:00,4.0,389.0,14,5.0
1192,1198,Khammam to Hyderabad,https://www.redbus.in/bus-tickets/khammam-to-hyderabad,9,TSRTC - 8969,"SUPER LUXURY (NON-AC, 2 + 2 PUSH BACK)",15:15,04h 15m,19:30,4.1,320.0,23,4.2
1193,1199,Khammam to Hyderabad,https://www.redbus.in/bus-tickets/khammam-to-hyderabad,9,TSRTC - 8698,RAJDHANI (A.C. Semi Sleeper),15:30,04h 00m,19:30,3.4,389.0,28,4.0
1194,1200,Khammam to Hyderabad,https://www.redbus.in/bus-tickets/khammam-to-hyderabad,9,TSRTC - 1319,Lahari A/C sleeper,17:10,03h 35m,20:45,3.7,389.0,4,3.6
1195,1201,Khammam to Hyderabad,https://www.redbus.in/bus-tickets/khammam-to-hyderabad,9,TSRTC - 8613,"SUPER LUXURY (NON-AC, 2 + 2 PUSH BACK)",17:20,04h 10m,21:30,3.9,320.0,31,4.2
1196,1202,Khammam to Hyderabad,https://www.redbus.in/bus-tickets/khammam-to-hyderabad,9,TSRTC - 8675,RAJDHANI (A.C. Semi Sleeper),17:30,04h 00m,21:30,4.0,389.0,28,4.0
1197,1203,Khammam to Hyderabad,https://www.redbus.in/bus-tickets/khammam-to-hyderabad,9,TSRTC - 64089,RAJDHANI (A.C. Semi Sleeper),18:00,04h 00m,22:00,3.1,389.0,33,4.0
1198,1204,Khammam to Hyderabad,https://www.redbus.in/bus-tickets/khammam-to-hyderabad,9,TSRTC - 1952,Lahari A/C sleeper,18:10,03h 35m,21:45,3.1,389.0,19,3.6
1199,1205,Khammam to Hyderabad,https://www.redbus.in/bus-tickets/khammam-to-hyderabad,9,TSRTC - 4172,RAJADHANI AC (CONVERTED METRO LUXURY),18:30,04h 00m,22:30,4.1,389.0,33,4.0
1200,1206,Khammam to Hyderabad,https://www.redbus.in/bus-tickets/khammam-to-hyderabad,9,TSRTC - 8677,"SUPER LUXURY (NON-AC, 2 + 2 PUSH BACK)",19:30,04h 10m,23:40,3.9,320.0,31,4.2
1201,1207,Khammam to Hyderabad,https://www.redbus.in/bus-tickets/khammam-to-hyderabad,9,APSRTC - 3796,Super Luxury (Non AC Seater 2+2 Push Back),22:45,04h 25m,03:10,3.7,344.0,30,4.4
1202,1208,Khammam to Hyderabad,https://www.redbus.in/bus-tickets/khammam-to-hyderabad,9,APSRTC - 3790,Super Luxury (Non AC Seater 2+2 Push Back),23:15,04h 10m,03:25,1.8,344.0,14,4.2
1203,1209,Khammam to Hyderabad,https://www.redbus.in/bus-tickets/khammam-to-hyderabad,9,APSRTC - 35042,Super Luxury (Non AC Seater 2+2 Push Back),23:25,04h 06m,03:31,4.2,344.0,25,4.1
1204,1210,Khammam to Hyderabad,https://www.redbus.in/bus-tickets/khammam-to-hyderabad,9,APSRTC - 3804,Super Luxury (Non AC Seater 2+2 Push Back),23:45,04h 10m,03:55,3.7,344.0,31,4.2
1205,1211,Khammam to Hyderabad,https://www.redbus.in/bus-tickets/khammam-to-hyderabad,9,APSRTC - 3811,Super Luxury (Non AC Seater 2+2 Push Back),23:59,04h 01m,04:00,4.3,344.0,17,4.0
1206,1212,Khammam to Hyderabad,https://www.redbus.in/bus-tickets/khammam-to-hyderabad,9,Sri KVR Travels,A/C Sleeper (2+1),23:20,05h 40m,05:00,3.2,600.0,23,5.7
1207,1213,Khammam to Hyderabad,https://www.redbus.in/bus-tickets/khammam-to-hyderabad,9,Sri KVR Travels,Non A/C Seater / Sleeper (2+1),23:40,05h 20m,05:00,3.4,400.0,25,5.3
1208,1214,Khammam to Hyderabad,https://www.redbus.in/bus-tickets/khammam-to-hyderabad,9,Bharathi Tours & Travels,Non A/C Seater / Sleeper (2+1),23:40,04h 20m,04:00,3.8,400.0,26,4.3
1209,1215,Khammam to Hyderabad,https://www.redbus.in/bus-tickets/khammam-to-hyderabad,9,BSR Tours And Travels,NON A/C Seater (2+2),23:40,06h 20m,06:00,4.2,400.0,32,6.3
1210,1216,Khammam to Hyderabad,https://www.redbus.in/bus-tickets/khammam-to-hyderabad,9,Sri Venkateswara Travels,Non A/C Seater / Sleeper (2+1),23:45,06h 15m,06:00,3.8,350.0,22,6.2
1211,1217,Khammam to Hyderabad,https://www.redbus.in/bus-tickets/khammam-to-hyderabad,9,RRR Travels,A/C Seater / Sleeper (2+1),23:50,05h 40m,05:30,4.3,500.0,26,5.7
1212,1218,Khammam to Hyderabad,https://www.redbus.in/bus-tickets/khammam-to-hyderabad,9,Sri Krishna Travels(VGN),NON A/C Hi-Tech (2+2),23:55,05h 30m,05:25,3.7,350.0,17,5.5
1213,1219,Khammam to Hyderabad,https://www.redbus.in/bus-tickets/khammam-to-hyderabad,9,BSR Tours And Travels,A/C Sleeper (2+1),23:59,06h 01m,06:00,3.8,800.0,24,6.0
1214,1220,Khammam to Hyderabad,https://www.redbus.in/bus-tickets/khammam-to-hyderabad,9,SAIRAJ TRAVELS,A/C Seater / Sleeper (2+1),23:59,05h 31m,05:30,5.0,670.0,22,5.5
1215,1221,Khammam to Hyderabad,https://www.redbus.in/bus-tickets/khammam-to-hyderabad,9,Nani’s Sai Krishna Travels,Non A/C Seater / Sleeper (2+1),23:59,05h 01m,05:00,4.1,470.0,33,5.0
1216,1222,Rohtak to Chandigarh,https://www.redbus.in/bus-tickets/rohtak-to-chandigarh,8,Hari Das Tour &Travels,Bharat Benz A/C Seater /Sleeper (2+1),23:55,04h 25m,04:20,3.3,699.0,22,4.4
1217,1223,Manali to Delhi,https://www.redbus.in/bus-tickets/manali-to-delhi,13,HRTC - 801,Ordinary 3+2 Non AC Seater,15:45,16h 45m,08:30,3.7,809.0,36,16.8
1218,1224,Manali to Delhi,https://www.redbus.in/bus-tickets/manali-to-delhi,13,HRTC - 11,Himsuta AC Seater Volvo/Scania 2+2,16:00,13h 00m,05:00,3.3,1428.0,20,13.0
1219,1225,Manali to Delhi,https://www.redbus.in/bus-tickets/manali-to-delhi,13,HRTC - 705,Himsuta AC Seater Volvo/Scania 2+2,16:00,15h 00m,07:00,4.4,1428.0,24,15.0
1220,1226,Manali to Delhi,https://www.redbus.in/bus-tickets/manali-to-delhi,13,HRTC - 754,Ordinary 3+2 Non AC Seater,16:15,16h 15m,08:30,3.6,814.0,35,16.2
1221,1227,Manali to Delhi,https://www.redbus.in/bus-tickets/manali-to-delhi,13,HRTC - 736,Himsuta AC Seater Volvo/Scania 2+2,17:00,13h 00m,06:00,4.0,1428.0,13,13.0
1222,1228,Manali to Delhi,https://www.redbus.in/bus-tickets/manali-to-delhi,13,HRTC - 759,Himsuta AC Seater Volvo/Scania 2+2,20:00,13h 00m,09:00,2.9,1446.0,23,13.0
1223,1229,Manali to Delhi,https://www.redbus.in/bus-tickets/manali-to-delhi,13,HRTC - 65,Himsuta AC Seater Volvo/Scania 2+2,22:30,12h 00m,10:30,3.9,1446.0,34,12.0
1224,1230,Manali to Delhi,https://www.redbus.in/bus-tickets/manali-to-delhi,13,Laxmi holidays,Volvo 9600 A/C Semi Sleeper (2+2),21:00,11h 00m,08:00,4.6,599.0,26,11.0
1225,1231,Manali to Delhi,https://www.redbus.in/bus-tickets/manali-to-delhi,13,Laxmi holidays,Volvo 9600 A/C Semi Sleeper (2+2),16:00,12h 20m,04:20,4.6,599.0,19,12.3
1226,1232,Manali to Delhi,https://www.redbus.in/bus-tickets/manali-to-delhi,13,Laxmi holidays,Volvo 9600 A/C Semi Sleeper (2+2),21:30,10h 00m,07:30,4.5,699.0,35,10.0
1227,1233,Manali to Delhi,https://www.redbus.in/bus-tickets/manali-to-delhi,13,AdFlixBus,A/C Seater (2+2),20:30,11h 25m,07:55,4.5,549.0,18,11.4
1228,1234,Manali to Delhi,https://www.redbus.in/bus-tickets/manali-to-delhi,13,IntrCity SmartBus,Volvo 9600 A/C Semi Sleeper (2+2),18:15,11h 45m,06:00,4.6,828.0,9,11.8
1229,1235,Manali to Delhi,https://www.redbus.in/bus-tickets/manali-to-delhi,13,Malana Travels,Volvo 9600 Multi Axle Semi-Sleeper (2+2),20:00,10h 00m,06:00,4.5,664.0,34,10.0
1230,1236,Manali to Delhi,https://www.redbus.in/bus-tickets/manali-to-delhi,13,Laxmi holidays,Volvo 9600 A/C Semi Sleeper (2+2),22:00,09h 45m,07:45,4.4,699.0,35,9.8
1231,1237,Manali to Delhi,https://www.redbus.in/bus-tickets/manali-to-delhi,13,AdCity Land Travels,Volvo A/C Semi Sleeper (2+2),15:30,12h 30m,04:00,3.5,529.0,33,12.5
1232,1238,Manali to Delhi,https://www.redbus.in/bus-tickets/manali-to-delhi,13,Laxmi holidays,Volvo 9600 A/C Semi Sleeper (2+2),18:00,10h 45m,04:45,4.2,599.0,32,10.8
1233,1239,Manali to Delhi,https://www.redbus.in/bus-tickets/manali-to-delhi,13,Zingbus Plus,Volvo 9600 A/C Semi Sleeper (2+2),21:00,11h 40m,08:40,4.7,539.0,32,11.7
1234,1240,Chandigarh to Amritsar,https://www.redbus.in/bus-tickets/chandigarh-to-amritsar,8,Guardian Tour and Travels,Volvo A/C Semi Sleeper (2+2 ),14:59,03h 31m,18:30,4.3,495.0,33,3.5
1235,1241,Chandigarh to Amritsar,https://www.redbus.in/bus-tickets/chandigarh-to-amritsar,8,Guardian Tour and Travels,Volvo A/C Semi Sleeper (2+2 ),15:00,03h 30m,18:30,4.2,495.0,34,3.5
1236,1242,Chandigarh to Amritsar,https://www.redbus.in/bus-tickets/chandigarh-to-amritsar,8,NueGo,Electric A/C Seater (2+2),18:15,04h 00m,22:15,4.2,424.0,12,4.0
1237,1243,Chandigarh to Amritsar,https://www.redbus.in/bus-tickets/chandigarh-to-amritsar,8,AdKhurana Bus Service,Volvo A/C (2+2),16:55,04h 05m,21:00,3.2,467.0,24,4.1
1238,1244,Chandigarh to Amritsar,https://www.redbus.in/bus-tickets/chandigarh-to-amritsar,8,Orbit Aviation Pvt. Ltd.,A/C Seater (2+2),15:40,04h 35m,20:15,3.2,650.0,45,4.6
1239,1245,Chandigarh to Amritsar,https://www.redbus.in/bus-tickets/chandigarh-to-amritsar,8,Orbit Aviation Pvt. Ltd.,A/C Seater (2+2),16:25,04h 25m,20:50,2.5,650.0,47,4.4
1240,1246,Pali (Rajasthan) to Udaipur,https://www.redbus.in/bus-tickets/pali-to-udaipur,18,RSRTC - 174532,Express Non AC Seater 2+3,16:00,04h 45m,20:45,4.4,212.0,42,4.8
1241,1247,Pali (Rajasthan) to Udaipur,https://www.redbus.in/bus-tickets/pali-to-udaipur,18,RSRTC - 163483,Express Non AC Seater 2+3,16:45,05h 00m,21:45,4.4,212.0,42,5.0
1242,1248,Pali (Rajasthan) to Udaipur,https://www.redbus.in/bus-tickets/pali-to-udaipur,18,RSRTC - 158796,Super Luxury Volvo AC Seater Pushback 2+2,17:15,03h 45m,21:00,4.4,438.0,20,3.8
1243,1249,Pali (Rajasthan) to Udaipur,https://www.redbus.in/bus-tickets/pali-to-udaipur,18,Jain travels regd,A/C Seater / Sleeper (2+1),15:20,04h 40m,20:00,4.4,460.0,29,4.7
1244,1250,Pali (Rajasthan) to Udaipur,https://www.redbus.in/bus-tickets/pali-to-udaipur,18,Jain travels regd,NON AC Seater / Sleeper 2+1,16:30,06h 10m,22:40,4.1,350.0,42,6.2
1245,1251,Pali (Rajasthan) to Udaipur,https://www.redbus.in/bus-tickets/pali-to-udaipur,18,Ashok Travels Mandsaur Group,Non A/C Seater / Sleeper (2+1),17:30,05h 30m,23:00,3.8,400.0,27,5.5
1246,1252,Pali (Rajasthan) to Udaipur,https://www.redbus.in/bus-tickets/pali-to-udaipur,18,M R Travels,Volvo Multi-Axle I-Shift B11R Semi Sleeper (2+2),17:40,03h 20m,21:00,4.4,475.0,38,3.3
1247,1253,Pali (Rajasthan) to Udaipur,https://www.redbus.in/bus-tickets/pali-to-udaipur,18,Raj Travel (Laxmi Traveller),Bharat Benz A/C Seater (2+1),18:00,03h 30m,21:30,4.8,500.0,19,3.5
1248,1254,Pali (Rajasthan) to Udaipur,https://www.redbus.in/bus-tickets/pali-to-udaipur,18,Shree Devnarayan Travels,Bharat Benz A/C Seater (2+1),18:10,03h 30m,21:40,4.8,550.0,11,3.5
1249,1255,Pali (Rajasthan) to Udaipur,https://www.redbus.in/bus-tickets/pali-to-udaipur,18,M R Travels,Volvo Multi Axle A/C Sleeper I-Shift B11R (2+1),18:45,04h 00m,22:45,4.0,600.0,30,4.0
1250,1256,Pali (Rajasthan) to Udaipur,https://www.redbus.in/bus-tickets/pali-to-udaipur,18,Hans Travels (I) Private Limited,A/C Sleeper (2+1),18:45,04h 30m,23:15,3.2,399.0,23,4.5
1251,1257,Pali (Rajasthan) to Udaipur,https://www.redbus.in/bus-tickets/pali-to-udaipur,18,Jain travels regd,A/C Seater / Sleeper (2+1),19:15,04h 05m,23:20,4.4,400.0,40,4.1
1252,1258,Pali (Rajasthan) to Udaipur,https://www.redbus.in/bus-tickets/pali-to-udaipur,18,Gajraj Travels,NON A/C Seater/ Sleeper (2+1),20:45,04h 30m,01:15,4.5,400.0,40,4.5
1253,1259,Lucknow to Ballia,https://www.redbus.in/bus-tickets/lucknow-to-ballia,2,UPSRTC - BUI0026,Janrath AC Seater 2+2,18:30,09h 10m,03:40,3.3,895.0,36,9.2
1254,1260,Lucknow to Ballia,https://www.redbus.in/bus-tickets/lucknow-to-ballia,2,UPSRTC - CBG0158,Janrath AC Seater 2+2,19:30,09h 00m,04:30,3.3,895.0,36,9.0
1255,1261,Lucknow to Ballia,https://www.redbus.in/bus-tickets/lucknow-to-ballia,2,UPSRTC - CBG0159,Janrath AC Seater 2+2,20:30,08h 30m,05:00,3.3,895.0,34,8.5
1256,1262,Lucknow to Ballia,https://www.redbus.in/bus-tickets/lucknow-to-ballia,2,UPSRTC - BUI0013,Ordinary Non AC Seater 2+3,22:45,07h 45m,06:30,3.3,575.0,52,7.8
1257,1263,Lucknow to Ballia,https://www.redbus.in/bus-tickets/lucknow-to-ballia,2,UPSRTC - GLA0144,Janrath AC Seater 2+2,22:55,07h 25m,06:20,3.3,895.0,34,7.4
1258,1264,Jammu (j and k) to Chandigarh,https://www.redbus.in/bus-tickets/jammu-to-chandigarh,8,Laxmi holidays,Bharat Benz A/C Seater /Sleeper (2+1),20:50,07h 30m,04:20,4.5,680.0,21,7.5
1259,1265,Jammu (j and k) to Chandigarh,https://www.redbus.in/bus-tickets/jammu-to-chandigarh,8,Laxmi holidays,Bharat Benz A/C Sleeper (2+1),21:15,07h 15m,04:30,4.6,720.0,13,7.2
1260,1266,Jammu (j and k) to Chandigarh,https://www.redbus.in/bus-tickets/jammu-to-chandigarh,8,Laxmi holidays,Bharat Benz A/C Sleeper (2+1),21:30,07h 20m,04:50,4.4,737.0,21,7.3
1261,1267,Jammu (j and k) to Chandigarh,https://www.redbus.in/bus-tickets/jammu-to-chandigarh,8,AdHarikesh Tour N Travels,A/C Sleeper (2+1),21:10,07h 20m,04:30,4.0,576.0,12,7.3
1262,1268,Jammu (j and k) to Chandigarh,https://www.redbus.in/bus-tickets/jammu-to-chandigarh,8,Laxmi holidays,Bharat Benz A/C Seater /Sleeper (2+1),17:35,07h 55m,01:30,4.5,449.0,16,7.9
1263,1269,Lucknow to Agra,https://www.redbus.in/bus-tickets/lucknow-to-agra,2,UPSRTC - TAJ0004,Janrath AC Seater 2+2,16:01,05h 50m,21:51,3.3,760.0,36,5.8
1264,1270,Lucknow to Agra,https://www.redbus.in/bus-tickets/lucknow-to-agra,2,UPSRTC - TAJ0006,Pink Express AC Seater 2+2,17:00,05h 51m,22:51,2.4,760.0,41,5.8
1265,1271,Lucknow to Agra,https://www.redbus.in/bus-tickets/lucknow-to-agra,2,UPSRTC - CBG0054,Ordinary Non AC Seater 2+3,18:00,06h 45m,00:45,3.3,527.0,52,6.8
1266,1272,Lucknow to Agra,https://www.redbus.in/bus-tickets/lucknow-to-agra,2,UPSRTC - AWD0011,Janrath AC Seater 2+2,18:00,06h 15m,00:15,4.1,760.0,36,6.2
1267,1273,Lucknow to Agra,https://www.redbus.in/bus-tickets/lucknow-to-agra,2,UPSRTC - AWD0059,Janrath AC Seater 2+2,20:00,06h 43m,02:43,3.3,760.0,36,6.7
1268,1274,Lucknow to Agra,https://www.redbus.in/bus-tickets/lucknow-to-agra,2,UPSRTC - TAJ0008,Janrath AC Seater 2+2,20:30,05h 30m,02:00,3.3,760.0,36,5.5
1269,1275,Lucknow to Agra,https://www.redbus.in/bus-tickets/lucknow-to-agra,2,UPSRTC - AWD0206,Pink Express AC Seater 2+2,21:45,06h 15m,04:00,3.1,760.0,41,6.2
1270,1276,Lucknow to Agra,https://www.redbus.in/bus-tickets/lucknow-to-agra,2,UPSRTC - BDV0080,Janrath AC Seater 2+2,22:30,05h 00m,03:30,3.3,760.0,35,5.0
1271,1277,Lucknow to Agra,https://www.redbus.in/bus-tickets/lucknow-to-agra,2,UPSRTC - BDV0066,Janrath AC Seater 2+2,22:30,06h 15m,04:45,3.3,760.0,27,6.2
1272,1278,Lucknow to Agra,https://www.redbus.in/bus-tickets/lucknow-to-agra,2,UPSRTC - AWD0056,Janrath AC Seater 2+2,23:15,06h 12m,05:27,4.0,760.0,34,6.2
1273,1279,Lucknow to Agra,https://www.redbus.in/bus-tickets/lucknow-to-agra,2,RSRTC - 193674,Express Non AC Seater 2+3,19:40,07h 20m,03:00,3.2,548.0,42,7.3
1274,1280,Lucknow to Agra,https://www.redbus.in/bus-tickets/lucknow-to-agra,2,RSRTC - 177797,A/C Seater / Sleeper (2+1),21:00,05h 30m,02:30,3.2,891.0,25,5.5
1275,1281,Lucknow to Agra,https://www.redbus.in/bus-tickets/lucknow-to-agra,2,IntrCity SmartBus,A/C Seater / Sleeper (2+1),23:00,04h 45m,03:45,4.8,381.0,30,4.8
1276,1282,Lucknow to Agra,https://www.redbus.in/bus-tickets/lucknow-to-agra,2,Raj Kalpana Travels Pvt.ltd.,VE A/C Seater (2+2),14:45,03h 45m,18:30,4.0,499.0,16,3.8
1277,1283,Lucknow to Agra,https://www.redbus.in/bus-tickets/lucknow-to-agra,2,Sethi Yatra Company,A/C Seater / Sleeper (2+1),20:00,04h 30m,00:30,4.3,740.0,7,4.5
1278,1284,Lucknow to Agra,https://www.redbus.in/bus-tickets/lucknow-to-agra,2,IntrCity SmartBus,Bharat Benz A/C Seater /Sleeper (2+1),22:45,04h 50m,03:35,4.7,365.0,32,4.8
1279,1285,Lucknow to Agra,https://www.redbus.in/bus-tickets/lucknow-to-agra,2,Mahalaxmi Travels,Bharat Benz A/C Seater /Sleeper (2+1),23:45,04h 15m,04:00,3.8,599.0,15,4.2
1280,1286,Lucknow to Agra,https://www.redbus.in/bus-tickets/lucknow-to-agra,2,IntrCity SmartBus,A/C Seater / Sleeper (2+1),21:45,05h 00m,02:45,4.1,394.0,26,5.0
1281,1287,Lucknow to Agra,https://www.redbus.in/bus-tickets/lucknow-to-agra,2,IntrCity SmartBus,Bharat Benz A/C Seater /Sleeper (2+1),23:30,05h 00m,04:30,4.2,398.0,27,5.0
1282,1288,Lucknow to Agra,https://www.redbus.in/bus-tickets/lucknow-to-agra,2,IntrCity SmartBus,Bharat Benz A/C Seater /Sleeper (2+1),21:15,05h 00m,02:15,4.5,349.0,24,5.0
1283,1289,Lucknow to Agra,https://www.redbus.in/bus-tickets/lucknow-to-agra,2,IntrCity SmartBus,Bharat Benz A/C Seater /Sleeper (2+1),23:55,04h 50m,04:45,4.9,494.0,30,4.8
1284,1290,Lucknow to Agra,https://www.redbus.in/bus-tickets/lucknow-to-agra,2,Ashok Bus Service,VE A/C Sleeper (2+1),23:10,04h 20m,03:30,4.2,499.0,39,4.3
1285,1291,North Lakhimpur to Sibsagar,https://www.redbus.in/bus-tickets/north-lakhimpur-to-sibsagar,3,Sylvan DEE Transport,Non AC Seater (2+1),17:30,12h 00m,05:30,3.3,640.0,10,12.0
1286,1292,Dibrugarh to Tezpur,https://www.redbus.in/bus-tickets/dibrugarh-to-tezpur,3,Puja Transport,NON AC Seater / Sleeper 2+1,20:00,09h 00m,05:00,3.6,550.0,18,9.0
1287,1293,Dibrugarh to Tezpur,https://www.redbus.in/bus-tickets/dibrugarh-to-tezpur,3,Aniruddha Travels,NON A/C Seater/ Sleeper (2+1),19:45,08h 15m,04:00,3.1,550.0,29,8.2
1288,1294,Dibrugarh to Tezpur,https://www.redbus.in/bus-tickets/dibrugarh-to-tezpur,3,SANJEEBANI TRAVELS,Non A/C Seater / Sleeper (2+1),18:45,08h 15m,03:00,New,600.0,29,8.2
1289,1295,Dibrugarh to Tezpur,https://www.redbus.in/bus-tickets/dibrugarh-to-tezpur,3,Puja Transport,Non AC Seater (2+2),19:15,08h 45m,04:00,3.1,550.0,22,8.8
1290,1296,Dibrugarh to Tezpur,https://www.redbus.in/bus-tickets/dibrugarh-to-tezpur,3,J.S. Travels,Non AC Seater (2+1),19:00,09h 00m,04:00,2.7,500.0,29,9.0
1291,1297,Dibrugarh to Jorhat,https://www.redbus.in/bus-tickets/dibrugarh-to-jorhat,3,Basudev Transline,A/C Seater (2+2),15:15,04h 25m,19:40,4.0,299.0,27,4.4
1292,1298,Dibrugarh to Jorhat,https://www.redbus.in/bus-tickets/dibrugarh-to-jorhat,3,Trishul Transport Service,A/C Seater / Sleeper (2+1),19:15,03h 40m,22:55,3.4,509.0,36,3.7
1293,1299,Dibrugarh to Jorhat,https://www.redbus.in/bus-tickets/dibrugarh-to-jorhat,3,Baikuntha Transport Service,Bharat Benz A/C Seater /Sleeper (2+1),19:30,03h 45m,23:15,3.3,400.0,46,3.8
1294,1300,Dibrugarh to Jorhat,https://www.redbus.in/bus-tickets/dibrugarh-to-jorhat,3,Purple Wings Coaches,A/C Seater / Sleeper (2+1),19:55,04h 20m,00:15,3.6,540.0,36,4.3
1295,1301,Dibrugarh to Jorhat,https://www.redbus.in/bus-tickets/dibrugarh-to-jorhat,3,NEELAKANTHA (RIYA),Tempo Traveler NON A/C,15:45,04h 15m,20:00,,250.0,20,4.2
1296,1302,Goa to Satara,https://www.redbus.in/bus-tickets/goa-to-satara,10,IntrCity SmartBus,A/C Sleeper (2+1),21:30,07h 55m,05:25,4.7,885.0,10,7.9
1297,1303,Goa to Satara,https://www.redbus.in/bus-tickets/goa-to-satara,10,Ashray Travels,Volvo Multi-Axle A/C Sleeper (2+1),21:00,09h 30m,06:30,4.3,675.0,10,9.5
1298,1304,Goa to Satara,https://www.redbus.in/bus-tickets/goa-to-satara,10,Ashray Travels,Bharat Benz A/C Sleeper (2+1),22:30,09h 30m,08:00,4.3,624.0,8,9.5
1299,1305,Goa to Satara,https://www.redbus.in/bus-tickets/goa-to-satara,10,Atmaram Gobus,VE A/C Sleeper (2+1),22:30,07h 40m,06:10,4.8,606.0,11,7.7
1300,1306,Goa to Satara,https://www.redbus.in/bus-tickets/goa-to-satara,10,Laxmi Queen Prime,A/C Sleeper (2+1),19:30,09h 30m,05:00,4.6,699.0,16,9.5
1301,1307,Delhi to Chandigarh,https://www.redbus.in/bus-tickets/delhi-to-chandigarh,13,HRTC - 521,Ordinary 3+2 Non AC Seater,16:40,05h 40m,22:20,3.9,265.0,37,5.7
1302,1308,Delhi to Chandigarh,https://www.redbus.in/bus-tickets/delhi-to-chandigarh,13,HRTC - 526,Ordinary 3+2 Non AC Seater,17:00,06h 00m,23:00,3.9,285.0,30,6.0
1303,1309,Delhi to Chandigarh,https://www.redbus.in/bus-tickets/delhi-to-chandigarh,13,HRTC - 502,Himsuta AC Seater Volvo/Scania 2+2,17:30,05h 26m,22:56,3.9,523.0,35,5.4
1304,1310,Delhi to Chandigarh,https://www.redbus.in/bus-tickets/delhi-to-chandigarh,13,HRTC - 528,A/C Executive (2+3),17:31,05h 49m,23:20,3.9,380.0,44,5.8
1305,1311,Delhi to Chandigarh,https://www.redbus.in/bus-tickets/delhi-to-chandigarh,13,HRTC - 517,Ordinary 3+2 Non AC Seater,17:35,05h 45m,23:20,3.9,285.0,37,5.8
1306,1312,Delhi to Chandigarh,https://www.redbus.in/bus-tickets/delhi-to-chandigarh,13,HRTC - 586,Ordinary 3+2 Non AC Seater,17:40,04h 50m,22:30,3.9,265.0,37,4.8
1307,1313,Delhi to Chandigarh,https://www.redbus.in/bus-tickets/delhi-to-chandigarh,13,HRTC - 532,Ordinary 3+2 Non AC Seater,17:59,05h 41m,23:40,3.9,270.0,27,5.7
1308,1314,Delhi to Chandigarh,https://www.redbus.in/bus-tickets/delhi-to-chandigarh,13,HRTC - 530,Ordinary 3+2 Non AC Seater,18:20,05h 30m,23:50,3.9,270.0,37,5.5
1309,1315,Delhi to Chandigarh,https://www.redbus.in/bus-tickets/delhi-to-chandigarh,13,HRTC - 593,Himmani Deluxe 2+2 Non AC Seater,18:20,05h 20m,23:40,3.9,300.0,25,5.3
1310,1316,Delhi to Chandigarh,https://www.redbus.in/bus-tickets/delhi-to-chandigarh,13,HRTC - 587,Ordinary 3+2 Non AC Seater,18:25,04h 40m,23:05,3.9,285.0,31,4.7
1311,1317,Delhi to Chandigarh,https://www.redbus.in/bus-tickets/delhi-to-chandigarh,13,Chandigarh Transport Undertaking (CTU) - 165690,HVAC Seater (2+3),16:30,05h 35m,22:05,2.9,404.76,47,5.6
1312,1318,Delhi to Chandigarh,https://www.redbus.in/bus-tickets/delhi-to-chandigarh,13,Chandigarh Transport Undertaking (CTU) - 165692,HVAC Seater (2+3),17:30,05h 35m,23:05,4.6,404.76,47,5.6
1313,1319,Delhi to Chandigarh,https://www.redbus.in/bus-tickets/delhi-to-chandigarh,13,Chandigarh Transport Undertaking (CTU) - 165694,HVAC Seater (2+3),18:30,05h 35m,00:05,4.5,404.76,47,5.6
1314,1320,Delhi to Chandigarh,https://www.redbus.in/bus-tickets/delhi-to-chandigarh,13,Chandigarh Transport Undertaking (CTU) - 165698,HVAC Seater (2+3),20:00,05h 35m,01:35,2.4,404.76,47,5.6
1315,1321,Delhi to Chandigarh,https://www.redbus.in/bus-tickets/delhi-to-chandigarh,13,Chandigarh Transport Undertaking (CTU) - 165721,HVAC Seater (2+3),21:30,05h 35m,03:05,4.0,404.76,47,5.6
1316,1322,Delhi to Chandigarh,https://www.redbus.in/bus-tickets/delhi-to-chandigarh,13,Chandigarh Transport Undertaking (CTU) - 165725,HVAC Seater (2+3),23:00,05h 35m,04:35,4.1,404.76,47,5.6
1317,1323,Delhi to Chandigarh,https://www.redbus.in/bus-tickets/delhi-to-chandigarh,13,Chandigarh Transport Undertaking (CTU) - 165727,HVAC Seater (2+3),23:30,05h 35m,05:05,3.8,404.76,47,5.6
1318,1324,Delhi to Chandigarh,https://www.redbus.in/bus-tickets/delhi-to-chandigarh,13,NueGo,Electric A/C Seater (2+2),14:45,04h 50m,19:35,3.5,451.0,2,4.8
1319,1325,Delhi to Chandigarh,https://www.redbus.in/bus-tickets/delhi-to-chandigarh,13,NueGo,Electric A/C Seater (2+2),15:30,05h 05m,20:35,3.7,428.0,25,5.1
1320,1326,Delhi to Chandigarh,https://www.redbus.in/bus-tickets/delhi-to-chandigarh,13,FlixBus,A/C Seater (2+2),16:00,05h 55m,21:55,3.7,217.0,27,5.9
1321,1327,Delhi to Chandigarh,https://www.redbus.in/bus-tickets/delhi-to-chandigarh,13,AdCity Land Travels,Volvo A/C Semi Sleeper (2+2),17:00,06h 00m,23:00,3.6,495.0,27,6.0
1322,1328,Delhi to Chandigarh,https://www.redbus.in/bus-tickets/delhi-to-chandigarh,13,NueGo,Electric A/C Seater (2+2),16:30,05h 25m,21:55,3.6,428.0,38,5.4
1323,1329,Delhi to Chandigarh,https://www.redbus.in/bus-tickets/delhi-to-chandigarh,13,Laxmi holidays,Volvo 9600 A/C Semi Sleeper (2+2),17:00,05h 50m,22:50,4.6,499.0,32,5.8
1324,1330,Delhi to Chandigarh,https://www.redbus.in/bus-tickets/delhi-to-chandigarh,13,Laxmi holidays,Bharat Benz A/C Seater /Sleeper (2+1),17:00,06h 05m,23:05,4.3,400.0,18,6.1
1325,1331,Delhi to Chandigarh,https://www.redbus.in/bus-tickets/delhi-to-chandigarh,13,AdCity Land Travels,Volvo A/C Semi Sleeper (2+2),22:30,04h 15m,02:45,3.6,529.0,22,4.2
1326,1332,Delhi to Chandigarh,https://www.redbus.in/bus-tickets/delhi-to-chandigarh,13,KVS Holidays,A/C Seater / Sleeper (2+2),17:00,05h 30m,22:30,3.0,199.0,42,5.5
1327,1333,Delhi to Chandigarh,https://www.redbus.in/bus-tickets/delhi-to-chandigarh,13,NueGo,Electric A/C Seater (2+2),17:30,05h 05m,22:35,3.9,429.0,37,5.1
1328,1334,Amritsar to Delhi Airport,https://www.redbus.in/bus-tickets/amritsar-to-delhi-airport,17,Indo Canadian Transport Pvt. Ltd.,A/C Sleeper (2+1),18:00,13h 00m,07:00,4.4,3850.0,33,13.0
1329,1335,Amritsar to Delhi Airport,https://www.redbus.in/bus-tickets/amritsar-to-delhi-airport,17,Indo Canadian Transport Pvt. Ltd.,A/C Semi Sleeper (2+2),16:00,13h 00m,05:00,4.4,3300.0,31,13.0
1330,1336,Amritsar to Delhi Airport,https://www.redbus.in/bus-tickets/amritsar-to-delhi-airport,17,Indo Canadian Transport Pvt. Ltd.,A/C Semi Sleeper (2+2),21:00,13h 00m,10:00,4.4,3300.0,44,13.0
1331,1337,Siliguri to Krishnanagar (West Bengal),https://www.redbus.in/bus-tickets/siliguri-to-krishnanagar,1,NBSTC-SLG-KOL-R1-18:30,NON A/C Seater Push Back (2+2),18:30,10h 00m,04:30,3.9,395.0,15,10.0
1332,1338,Siliguri to Krishnanagar (West Bengal),https://www.redbus.in/bus-tickets/siliguri-to-krishnanagar,1,Aradhana Travels,A/C Seater / Sleeper (2+1),19:05,10h 25m,05:30,3.8,713.0,17,10.4
1333,1339,Siliguri to Krishnanagar (West Bengal),https://www.redbus.in/bus-tickets/siliguri-to-krishnanagar,1,Rubi Paribahan  ,Volvo 9600 Multi-Axle A/C Sleeper (2+1),19:00,09h 00m,04:00,4.7,1499.0,17,9.0
1334,1340,Siliguri to Krishnanagar (West Bengal),https://www.redbus.in/bus-tickets/siliguri-to-krishnanagar,1,EASY RIDE,Volvo 9600 Multi-Axle A/C Sleeper (2+1),18:45,09h 30m,04:15,4.5,1500.0,10,9.5
1335,1341,Siliguri to Krishnanagar (West Bengal),https://www.redbus.in/bus-tickets/siliguri-to-krishnanagar,1,RAYAN,NON A/C Seater / Sleeper (2+2),16:50,16h 10m,09:00,New,500.0,55,16.2
1336,1342,Nagaon (Assam) to Guwahati,https://www.redbus.in/bus-tickets/nagaon-to-guwahati,3,Chartered Bus - ASTC,Volvo AC Seater Pushback 2+2,16:00,02h 30m,18:30,5.0,324.04,2,2.5
1337,1343,Nagaon (Assam) to Guwahati,https://www.redbus.in/bus-tickets/nagaon-to-guwahati,3,SHIVAM TRAVELS,Bharat Benz A/C Seater (2+1),16:45,02h 30m,19:15,4.4,270.0,24,2.5
1338,1344,Nagaon (Assam) to Guwahati,https://www.redbus.in/bus-tickets/nagaon-to-guwahati,3,Chartered Bus - ASTC,Volvo AC Seater Pushback 2+2,17:00,02h 15m,19:15,4.4,377.79,18,2.2
1339,1345,Nagaon (Assam) to Guwahati,https://www.redbus.in/bus-tickets/nagaon-to-guwahati,3,BARBIE TRAVELS,A/C Seater Push Back (2+2),14:50,03h 00m,17:50,New,300.0,29,3.0
1340,1346,Motihari to Lucknow,https://www.redbus.in/bus-tickets/motihari-to-lucknow,14,Bihar state road transport corporation (BSRTC) - 152154,Volvo AC Seater 2+2,15:30,09h 30m,01:00,3.6,800.0,4,9.5
1341,1347,Motihari to Lucknow,https://www.redbus.in/bus-tickets/motihari-to-lucknow,14,Bihar state road transport corporation (BSRTC) - 137431,Volvo AC Seater 2+2,17:20,10h 05m,03:25,3.5,800.0,12,10.1
1342,1348,Motihari to Lucknow,https://www.redbus.in/bus-tickets/motihari-to-lucknow,14,Panwar Travels,A/C Sleeper (2+1),15:40,10h 00m,01:40,4.0,2775.0,4,10.0
1343,1349,Motihari to Lucknow,https://www.redbus.in/bus-tickets/motihari-to-lucknow,14,Panwar Travels,A/C Seater / Sleeper (2+1),21:35,08h 45m,06:20,4.0,830.0,30,8.8
1344,1350,Motihari to Lucknow,https://www.redbus.in/bus-tickets/motihari-to-lucknow,14,MISHRA BANDHU BUS SERVICE,A/C Seater / Sleeper (2+1),16:55,11h 19m,04:14,2.6,850.0,37,11.3
1345,1351,Motihari to Lucknow,https://www.redbus.in/bus-tickets/motihari-to-lucknow,14,Baba Khatushyam Travels Pvt Ltd,A/C Seater / Sleeper (3+1),17:35,09h 25m,03:00,1.7,1699.0,57,9.4
1346,1352,Motihari to Lucknow,https://www.redbus.in/bus-tickets/motihari-to-lucknow,14,Shree Balajee Travels And Cargo,A/C Seater / Sleeper (2+1),15:00,10h 00m,01:00,1.2,1799.0,20,10.0
1347,1353,Kanpur (Uttar Pradesh) to Bareilly,https://www.redbus.in/bus-tickets/kanpur-to-bareilly,2,UPSRTC - FZG0007,Ordinary Non AC Seater 2+3,16:30,08h 00m,00:30,3.3,409.0,52,8.0
1348,1354,Kanpur (Uttar Pradesh) to Bareilly,https://www.redbus.in/bus-tickets/kanpur-to-bareilly,2,UPSRTC - BND0029,Ordinary Non AC Seater 2+3,18:30,07h 10m,01:40,3.3,409.0,52,7.2
1349,1355,Kanpur (Uttar Pradesh) to Bareilly,https://www.redbus.in/bus-tickets/kanpur-to-bareilly,2,UPSRTC - VKS0005,Janrath AC Seater 2+3,20:00,08h 00m,04:00,3.0,506.0,44,8.0
1350,1356,Kanpur (Uttar Pradesh) to Bareilly,https://www.redbus.in/bus-tickets/kanpur-to-bareilly,2,UPSRTC - BLY0094,Janrath AC Seater 2+2,22:01,07h 00m,05:01,2.4,589.0,36,7.0
1351,1357,Kanpur (Uttar Pradesh) to Bareilly,https://www.redbus.in/bus-tickets/kanpur-to-bareilly,2,UPSRTC - PLB0044,Ordinary Non AC Seater 2+3,22:45,06h 15m,05:00,3.3,391.0,52,6.2
1352,1358,Kanpur (Uttar Pradesh) to Bareilly,https://www.redbus.in/bus-tickets/kanpur-to-bareilly,2,UPSRTC - BLY0096,Janrath AC Seater 2+2,23:03,06h 58m,06:01,3.2,589.0,35,7.0
1353,1359,Kanpur (Uttar Pradesh) to Bareilly,https://www.redbus.in/bus-tickets/kanpur-to-bareilly,2,Mahalaxmi Travels,Bharat Benz A/C Seater /Sleeper (2+1),19:30,08h 20m,03:50,3.7,699.0,20,8.3
1354,1360,Kanpur (Uttar Pradesh) to Bareilly,https://www.redbus.in/bus-tickets/kanpur-to-bareilly,2,Samay Shatabdi Travels Pvt Ltd,AC Sleeper (2+1),21:01,06h 45m,03:46,4.4,749.0,1,6.8
1355,1361,Narnaul to Chandigarh,https://www.redbus.in/bus-tickets/narnaul-to-chandigarh,8,Chandigarh Transport Undertaking (CTU) - 165855,HVAC Seater (2+3),17:00,06h 00m,23:00,4.1,533.34,46,6.0
1356,1362,Narnaul to Chandigarh,https://www.redbus.in/bus-tickets/narnaul-to-chandigarh,8,Hari Das Tour &Travels,Bharat Benz A/C Seater /Sleeper (2+1),22:15,06h 05m,04:20,3.8,699.0,22,6.1
1357,1363,Mopa Airport to Calangute (goa),https://www.redbus.in/bus-tickets/mopa-airport-to-calangute-goa,10,Kadamba Transport Corporation Limited (KTCL) - 160437,A/C Seater (2+3),17:30,01h 10m,18:40,4.3,200.0,45,1.2
1358,1364,Rajahmundry to Visakhapatnam,https://www.redbus.in/bus-tickets/rajahmundry-to-visakhapatnam,7,APSRTC - 2811,"ULTRA DELUXE (NON-AC, 2+2 PUSH BACK)",15:45,05h 15m,21:00,3.2,328.0,24,5.2
1359,1365,Rajahmundry to Visakhapatnam,https://www.redbus.in/bus-tickets/rajahmundry-to-visakhapatnam,7,APSRTC - 27136,METRO LUXURY A/C,16:30,04h 15m,20:45,4.1,467.0,1,4.2
1360,1366,Rajahmundry to Visakhapatnam,https://www.redbus.in/bus-tickets/rajahmundry-to-visakhapatnam,7,APSRTC - 2745,Super Luxury (Non AC Seater 2+2 Push Back),17:00,03h 50m,20:50,3.6,342.0,22,3.8
1361,1367,Rajahmundry to Visakhapatnam,https://www.redbus.in/bus-tickets/rajahmundry-to-visakhapatnam,7,APSRTC - 3087,"ULTRA DELUXE (NON-AC, 2+2 PUSH BACK)",17:00,04h 22m,21:22,3.4,298.0,35,4.4
1362,1368,Rajahmundry to Visakhapatnam,https://www.redbus.in/bus-tickets/rajahmundry-to-visakhapatnam,7,APSRTC - 9496,Super Luxury (Non AC Seater 2+2 Push Back),17:05,03h 50m,20:55,3.7,344.0,33,3.8
1363,1369,Rajahmundry to Visakhapatnam,https://www.redbus.in/bus-tickets/rajahmundry-to-visakhapatnam,7,NueGo,Electric A/C Seater/Sleeper (2+1),19:05,04h 20m,23:25,3.5,380.0,3,4.3
1364,1370,Rajahmundry to Visakhapatnam,https://www.redbus.in/bus-tickets/rajahmundry-to-visakhapatnam,7,IRA Travels,A/C Seater / Sleeper (2+1),21:55,04h 25m,02:20,3.9,800.0,9,4.4
1365,1371,Rajahmundry to Visakhapatnam,https://www.redbus.in/bus-tickets/rajahmundry-to-visakhapatnam,7,NueGo,Electric A/C Seater/Sleeper (2+1),23:20,04h 25m,03:45,4.3,664.0,12,4.4
1366,1372,Rajahmundry to Visakhapatnam,https://www.redbus.in/bus-tickets/rajahmundry-to-visakhapatnam,7,SREE PAVAN TRAVELS,NON A/C Seater Push Back (2+2),23:20,03h 45m,03:05,3.5,555.0,10,3.8
1367,1373,Rajahmundry to Visakhapatnam,https://www.redbus.in/bus-tickets/rajahmundry-to-visakhapatnam,7,Sri Padmavathi Travels,Non A/C Seater / Sleeper (2+1),23:50,05h 40m,05:30,3.1,550.0,18,5.7
1368,1374,Pandharpur to Goa,https://www.redbus.in/bus-tickets/pandharpur-to-goa,10,Kadamba Transport Corporation Limited (KTCL) - 61005,Non AC Seater 2+2,21:15,12h 45m,10:00,3.2,735.0,31,12.8
1369,1375,Pandharpur to Goa,https://www.redbus.in/bus-tickets/pandharpur-to-goa,10,SR Tours & Travels,A/C Sleeper (2+1),19:45,09h 45m,05:30,,1035.0,23,9.8
1370,1376,Goa Airport to Panaji,https://www.redbus.in/bus-tickets/goa-airport-to-panaji,10,Kadamba Transport Corporation Limited (KTCL) - 99710,AC Seater (2+2),16:00,01h 00m,17:00,4.4,150.0,40,1.0
1371,1377,Bangalore to Kannur,https://www.redbus.in/bus-tickets/bangalore-to-kannur,6,KSRTC (Kerala) - 101,Swift Deluxe Non AC Air Bus (2+2),21:16,06h 49m,04:05,4.3,548.0,2,6.8
1372,1378,Bangalore to Kannur,https://www.redbus.in/bus-tickets/bangalore-to-kannur,6,KSRTC (Kerala) - 98,Swift Deluxe Non AC Air Bus (2+2),21:30,08h 15m,05:45,3.8,579.0,1,8.2
1373,1379,Bangalore to Kannur,https://www.redbus.in/bus-tickets/bangalore-to-kannur,6,NS Transports,A/C Sleeper (2+1),22:15,07h 20m,05:35,4.5,1000.0,6,7.3
1374,1380,Bangalore to Kannur,https://www.redbus.in/bus-tickets/bangalore-to-kannur,6,Kalpaka Travels,A/C Sleeper (2+1),22:10,06h 50m,05:00,4.5,1000.0,7,6.8
1375,1381,Bangalore to Kannur,https://www.redbus.in/bus-tickets/bangalore-to-kannur,6,MMK Travels,A/C Sleeper (2+1),22:15,07h 15m,05:30,4.4,950.0,11,7.2
1376,1382,Bangalore to Kannur,https://www.redbus.in/bus-tickets/bangalore-to-kannur,6,AdSAAM BUS,VE A/C Sleeper (2+1),20:10,08h 35m,04:45,4.3,850.0,9,8.6
1377,1383,Bangalore to Kannur,https://www.redbus.in/bus-tickets/bangalore-to-kannur,6,NS Transports,NON A/C Sleeper (2+1),22:45,06h 35m,05:20,4.4,799.0,2,6.6
1378,1384,Bangalore to Kannur,https://www.redbus.in/bus-tickets/bangalore-to-kannur,6,GOLDEN TRAVEL AGENCIES,Volvo A/C Semi Sleeper (2+2),22:45,06h 00m,04:45,4.4,899.0,5,6.0
1379,1385,Bangalore to Kannur,https://www.redbus.in/bus-tickets/bangalore-to-kannur,6,Ashoka Travel and Logistics,A/C Sleeper (2+1),21:45,07h 45m,05:30,4.4,900.0,4,7.8
1380,1386,Bangalore to Kannur,https://www.redbus.in/bus-tickets/bangalore-to-kannur,6,GOLDEN TRAVEL AGENCIES,NON A/C Sleeper (2+1),22:30,06h 15m,04:45,4.2,799.0,8,6.2
1381,1387,Bangalore to Kannur,https://www.redbus.in/bus-tickets/bangalore-to-kannur,6,GOLDEN TRAVEL AGENCIES,A/C Sleeper (2+1),21:45,07h 40m,05:25,4.2,949.0,9,7.7
1382,1388,Bangalore to Kannur,https://www.redbus.in/bus-tickets/bangalore-to-kannur,6,NS Transports,Non A/C Seater / Sleeper (2+1),22:00,08h 00m,06:00,4.0,699.0,3,8.0
1383,1389,Manali to Chandigarh,https://www.redbus.in/bus-tickets/manali-to-chandigarh,13,HRTC - 801,Ordinary 3+2 Non AC Seater,15:45,08h 30m,00:15,3.9,549.0,37,8.5
1384,1390,Manali to Chandigarh,https://www.redbus.in/bus-tickets/manali-to-chandigarh,13,HRTC - 11,Himsuta AC Seater Volvo/Scania 2+2,16:00,08h 01m,00:01,3.9,920.0,25,8.0
1385,1391,Manali to Chandigarh,https://www.redbus.in/bus-tickets/manali-to-chandigarh,13,HRTC - 754,Ordinary 3+2 Non AC Seater,16:15,10h 45m,03:00,3.9,544.0,37,10.8
1386,1392,Manali to Chandigarh,https://www.redbus.in/bus-tickets/manali-to-chandigarh,13,HRTC - 49,Himsuta AC Seater Volvo/Scania 2+2,16:30,09h 30m,02:00,3.6,938.0,30,9.5
1387,1393,Manali to Chandigarh,https://www.redbus.in/bus-tickets/manali-to-chandigarh,13,HRTC - 788,Ordinary 3+2 Non AC Seater,16:40,10h 50m,03:30,3.9,545.0,33,10.8
1388,1394,Manali to Chandigarh,https://www.redbus.in/bus-tickets/manali-to-chandigarh,13,HRTC - 736,Himsuta AC Seater Volvo/Scania 2+2,17:00,08h 00m,01:00,5.0,920.0,14,8.0
1389,1395,Manali to Chandigarh,https://www.redbus.in/bus-tickets/manali-to-chandigarh,13,HRTC - 705,Himsuta AC Seater Volvo/Scania 2+2,18:00,08h 00m,02:00,3.9,920.0,12,8.0
1390,1396,Manali to Chandigarh,https://www.redbus.in/bus-tickets/manali-to-chandigarh,13,HRTC - 759,Himsuta AC Seater Volvo/Scania 2+2,20:00,08h 10m,04:10,3.9,938.0,33,8.2
1391,1397,Manali to Chandigarh,https://www.redbus.in/bus-tickets/manali-to-chandigarh,13,HRTC - 737,Ordinary 3+2 Non AC Seater,20:10,08h 50m,05:00,2.3,555.0,37,8.8
1392,1398,Manali to Chandigarh,https://www.redbus.in/bus-tickets/manali-to-chandigarh,13,HRTC - 803,Ordinary 3+2 Non AC Seater,20:30,09h 30m,06:00,3.0,549.0,37,9.5
1393,1399,Manali to Chandigarh,https://www.redbus.in/bus-tickets/manali-to-chandigarh,13,Laxmi holidays,Volvo 9600 A/C Semi Sleeper (2+2),21:00,06h 10m,03:10,4.8,499.0,24,6.2
1394,1400,Manali to Chandigarh,https://www.redbus.in/bus-tickets/manali-to-chandigarh,13,Laxmi holidays,Volvo 9600 A/C Semi Sleeper (2+2),16:00,07h 00m,23:00,4.6,499.0,20,7.0
1395,1401,Manali to Chandigarh,https://www.redbus.in/bus-tickets/manali-to-chandigarh,13,Laxmi holidays,Volvo 9600 A/C Semi Sleeper (2+2),22:00,05h 30m,03:30,4.6,599.0,35,5.5
1396,1402,Manali to Chandigarh,https://www.redbus.in/bus-tickets/manali-to-chandigarh,13,AdFlixBus,A/C Seater (2+2),20:30,07h 00m,03:30,4.0,238.0,18,7.0
1397,1403,Manali to Chandigarh,https://www.redbus.in/bus-tickets/manali-to-chandigarh,13,Laxmi holidays,Volvo 9600 A/C Semi Sleeper (2+2),21:30,05h 45m,03:15,4.4,599.0,35,5.8
1398,1404,Manali to Chandigarh,https://www.redbus.in/bus-tickets/manali-to-chandigarh,13,Laxmi holidays,Volvo 9600 A/C Semi Sleeper (2+2),18:00,06h 30m,00:30,4.8,499.0,34,6.5
1399,1405,Manali to Chandigarh,https://www.redbus.in/bus-tickets/manali-to-chandigarh,13,Zingbus Plus,Volvo A/C Semi Sleeper (2+2),21:30,06h 20m,03:50,4.6,427.0,29,6.3
1400,1406,Manali to Chandigarh,https://www.redbus.in/bus-tickets/manali-to-chandigarh,13,AdCity Land Travels,Volvo A/C Semi Sleeper (2+2),22:00,06h 00m,04:00,3.5,529.0,32,6.0
1401,1407,Manali to Chandigarh,https://www.redbus.in/bus-tickets/manali-to-chandigarh,13,IntrCity SmartBus,Volvo 9600 A/C Semi Sleeper (2+2),18:15,06h 55m,01:10,5.0,828.0,9,6.9
1402,1408,Manali to Chandigarh,https://www.redbus.in/bus-tickets/manali-to-chandigarh,13,City Land Travels,Volvo A/C Semi Sleeper (2+2),15:30,06h 50m,22:20,3.9,529.0,33,6.8
1403,1409,Hyderabad to Srisailam,https://www.redbus.in/bus-tickets/hyderabad-to-srisailam,9,TSRTC - 1964,Deluxe (Non AC Seater 2+2),15:00,07h 15m,22:15,2.8,390.0,22,7.2
1404,1410,Hyderabad to Srisailam,https://www.redbus.in/bus-tickets/hyderabad-to-srisailam,9,TSRTC - 1266,"SUPER LUXURY (NON-AC, 2 + 2 PUSH BACK)",15:45,07h 15m,23:00,4.1,442.0,10,7.2
1405,1411,Hyderabad to Srisailam,https://www.redbus.in/bus-tickets/hyderabad-to-srisailam,9,TSRTC - 4322,"SUPER LUXURY (NON-AC, 2 + 2 PUSH BACK)",19:45,12h 15m,08:00,4.2,442.0,24,12.2
1406,1412,Hyderabad to Srisailam,https://www.redbus.in/bus-tickets/hyderabad-to-srisailam,9,TSRTC - 1254,"SUPER LUXURY (NON-AC, 2 + 2 PUSH BACK)",20:10,12h 20m,08:30,4.1,442.0,6,12.3
1407,1413,Hyderabad to Srisailam,https://www.redbus.in/bus-tickets/hyderabad-to-srisailam,9,TSRTC - 1252,"SUPER LUXURY (NON-AC, 2 + 2 PUSH BACK)",20:15,12h 15m,08:30,4.3,442.0,30,12.2
1408,1414,Bangalore to Kadapa,https://www.redbus.in/bus-tickets/bangalore-to-kadapa,7,APSRTC - 6005,Super Luxury (Non AC Seater 2+2 Push Back),16:30,07h 00m,23:30,3.4,439.0,27,7.0
1409,1415,Bangalore to Kadapa,https://www.redbus.in/bus-tickets/bangalore-to-kadapa,7,APSRTC - 5779,Super Luxury (Non AC Seater 2+2 Push Back),17:15,06h 35m,23:50,3.2,439.0,23,6.6
1410,1416,Bangalore to Kadapa,https://www.redbus.in/bus-tickets/bangalore-to-kadapa,7,APSRTC - 5226,Super Luxury (Non AC Seater 2+2 Push Back),17:45,07h 45m,01:30,3.7,439.0,31,7.8
1411,1417,Bangalore to Kadapa,https://www.redbus.in/bus-tickets/bangalore-to-kadapa,7,APSRTC - 5296,Super Luxury (Non AC Seater 2+2 Push Back),18:00,08h 00m,02:00,3.7,439.0,13,8.0
1412,1418,Bangalore to Kadapa,https://www.redbus.in/bus-tickets/bangalore-to-kadapa,7,APSRTC - 7745,Super Luxury (Non AC Seater 2+2 Push Back),18:20,08h 10m,02:30,4.2,439.0,4,8.2
1413,1419,Bangalore to Kadapa,https://www.redbus.in/bus-tickets/bangalore-to-kadapa,7,BHAIRAVA TOURS AND TRAVELS,Non A/C Seater / Sleeper (2+1),19:15,07h 45m,03:00,4.0,825.0,1,7.8
1414,1420,Bangalore to Kadapa,https://www.redbus.in/bus-tickets/bangalore-to-kadapa,7,Giridhar Tours and Travels,A/C Seater/Sleeper (2+1),19:24,07h 51m,03:15,4.2,940.0,18,7.8
1415,1421,Bangalore to Kadapa,https://www.redbus.in/bus-tickets/bangalore-to-kadapa,7,Royal Voyage Travels (RVT),A/C Seater / Sleeper (2+1),19:30,07h 55m,03:25,4.2,700.0,8,7.9
1416,1422,Bangalore to Kadapa,https://www.redbus.in/bus-tickets/bangalore-to-kadapa,7,S R Travels,Non A/C Seater / Sleeper (2+1),19:30,08h 00m,03:30,3.8,900.0,9,8.0
1417,1423,Bangalore to Kadapa,https://www.redbus.in/bus-tickets/bangalore-to-kadapa,7,S R Travels,NON A/C Sleeper (2+1),19:40,07h 30m,03:10,4.7,1100.0,4,7.5
1418,1424,Delhi to Motihari,https://www.redbus.in/bus-tickets/delhi-to-motihari,14,Travel Point World LLP,A/C Seater / Sleeper (2+2),16:00,16h 01m,08:01,1.4,1572.0,45,16.0
1419,1425,Goa Airport to Calangute (goa),https://www.redbus.in/bus-tickets/goa-airport-to-calangute-goa,10,Kadamba Transport Corporation Limited (KTCL) - 99710,AC Seater (2+2),16:00,01h 30m,17:30,4.4,200.0,40,1.5
1420,1426,Agra to Motihari,https://www.redbus.in/bus-tickets/agra-to-motihari,14,Bihar state road transport corporation (BSRTC) - 152185,Volvo AC Seater 2+2,18:00,14h 30m,08:30,2.3,1170.0,8,14.5
1421,1427,Agra to Motihari,https://www.redbus.in/bus-tickets/agra-to-motihari,14,Panwar Travels,A/C Sleeper (2+1),21:45,19h 45m,17:30,2.8,1950.0,30,19.8
1422,1428,Agra to Motihari,https://www.redbus.in/bus-tickets/agra-to-motihari,14,Shree Balajee Travels And Cargo,NON A/C Seater/ Sleeper (2+1),21:30,0-6h 00m,15:30,1.2,1500.0,40,0-6h 00m
1423,1429,Agra to Motihari,https://www.redbus.in/bus-tickets/agra-to-motihari,14,Shree Balajee Travels And Cargo,A/C Seater / Sleeper (2+1),18:00,15h 00m,09:00,1.2,1799.0,47,15.0
1424,1430,Chittoor (Andhra Pradesh) to Bangalore,https://www.redbus.in/bus-tickets/chittoor-andhra-pradesh-to-bangalore,7,APSRTC - 47236,Express(Non AC Seater),16:15,04h 05m,20:20,4.4,186.0,38,4.1
1425,1431,Chittoor (Andhra Pradesh) to Bangalore,https://www.redbus.in/bus-tickets/chittoor-andhra-pradesh-to-bangalore,7,APSRTC - 9011,Express(Non AC Seater),16:30,03h 45m,20:15,4.0,186.0,42,3.8
1426,1432,Chittoor (Andhra Pradesh) to Bangalore,https://www.redbus.in/bus-tickets/chittoor-andhra-pradesh-to-bangalore,7,APSRTC - 9049,Express(Non AC Seater),17:15,03h 25m,20:40,4.1,186.0,27,3.4
1427,1433,Chittoor (Andhra Pradesh) to Bangalore,https://www.redbus.in/bus-tickets/chittoor-andhra-pradesh-to-bangalore,7,APSRTC - 9888,Express(Non AC Seater),18:45,04h 05m,22:50,3.1,186.0,47,4.1
1428,1434,Chittoor (Andhra Pradesh) to Bangalore,https://www.redbus.in/bus-tickets/chittoor-andhra-pradesh-to-bangalore,7,APSRTC - 9003,Express(Non AC Seater),20:00,04h 25m,00:25,4.7,186.0,46,4.4
1429,1435,Chittoor (Andhra Pradesh) to Bangalore,https://www.redbus.in/bus-tickets/chittoor-andhra-pradesh-to-bangalore,7,NueGo,Electric A/C Seater (2+2),19:30,04h 40m,00:10,4.3,314.0,28,4.7
1430,1436,Chittoor (Andhra Pradesh) to Bangalore,https://www.redbus.in/bus-tickets/chittoor-andhra-pradesh-to-bangalore,7,NueGo,Electric A/C Seater (2+2),21:00,04h 40m,01:40,4.0,314.0,36,4.7
1431,1437,Chittoor (Andhra Pradesh) to Bangalore,https://www.redbus.in/bus-tickets/chittoor-andhra-pradesh-to-bangalore,7,NueGo,Electric A/C Seater (2+2),23:30,04h 40m,04:10,4.8,314.0,36,4.7
1432,1438,Chittoor (Andhra Pradesh) to Bangalore,https://www.redbus.in/bus-tickets/chittoor-andhra-pradesh-to-bangalore,7,RK Travels,Non A/C Seater / Sleeper (2+1),23:50,04h 30m,04:20,3.0,399.0,25,4.5
1433,1439,Chittoor (Andhra Pradesh) to Bangalore,https://www.redbus.in/bus-tickets/chittoor-andhra-pradesh-to-bangalore,7,Varsha Travels,AC Seater (2+2),23:30,04h 45m,04:15,2.7,501.0,28,4.8
1434,1440,Visakhapatnam to Amalapuram,https://www.redbus.in/bus-tickets/visakhapatnam-to-amalapuram,7,APSRTC - 23532,Super Luxury (Non AC Seater 2+2 Push Back),16:00,06h 15m,22:15,1.6,386.0,26,6.2
1435,1441,Visakhapatnam to Amalapuram,https://www.redbus.in/bus-tickets/visakhapatnam-to-amalapuram,7,APSRTC - 2201,Super Luxury (Non AC Seater 2+2 Push Back),16:30,06h 15m,22:45,3.8,386.0,34,6.2
1436,1442,Visakhapatnam to Amalapuram,https://www.redbus.in/bus-tickets/visakhapatnam-to-amalapuram,7,APSRTC - 2542,Super Luxury (Non AC Seater 2+2 Push Back),17:00,06h 15m,23:15,3.8,386.0,34,6.2
1437,1443,Visakhapatnam to Amalapuram,https://www.redbus.in/bus-tickets/visakhapatnam-to-amalapuram,7,APSRTC - 2215,Super Luxury (Non AC Seater 2+2 Push Back),17:30,06h 15m,23:45,4.3,386.0,34,6.2
1438,1444,Visakhapatnam to Amalapuram,https://www.redbus.in/bus-tickets/visakhapatnam-to-amalapuram,7,APSRTC - 2834,Super Luxury (Non AC Seater 2+2 Push Back),18:15,06h 00m,00:15,2.4,386.0,34,6.0
1439,1445,Visakhapatnam to Amalapuram,https://www.redbus.in/bus-tickets/visakhapatnam-to-amalapuram,7,Vahini Travels,NON A/C Push Back (2+2),22:15,07h 45m,06:00,3.8,599.0,8,7.8
1440,1446,Visakhapatnam to Amalapuram,https://www.redbus.in/bus-tickets/visakhapatnam-to-amalapuram,7,Sai RK Travels,Non A/C Seater / Sleeper (2+1),22:40,04h 50m,03:30,3.4,699.0,18,4.8
1441,1447,Visakhapatnam to Amalapuram,https://www.redbus.in/bus-tickets/visakhapatnam-to-amalapuram,7,Sri Tulasi Tours and Travels,Non A/C Seater / Sleeper (2+1),22:00,05h 00m,03:00,2.2,699.0,12,5.0
1442,1448,Visakhapatnam to Amalapuram,https://www.redbus.in/bus-tickets/visakhapatnam-to-amalapuram,7,Morning Star Travels,A/C Sleeper (2+1),21:10,07h 45m,04:55,3.1,1090.0,20,7.8
1443,1449,Visakhapatnam to Amalapuram,https://www.redbus.in/bus-tickets/visakhapatnam-to-amalapuram,7,Navayuga Travels,A/C Sleeper (2+1),22:00,05h 05m,03:05,3.5,990.0,22,5.1
1444,1450,Durgapur (West Bengal) to Berhampore (West Bengal),https://www.redbus.in/bus-tickets/durgapur-to-berhampore,12,SBSTC-DURGAPUR - BERHAMPUR - VIA - SURI - 15:40 (BRP DEP - 1109,Non AC Seater (2+3),15:40,04h 00m,19:40,3.9,163.0,50,4.0
1445,1451,Hyderabad to Guntur (Andhra Pradesh),https://www.redbus.in/bus-tickets/hyderabad-to-guntur,9,APSRTC - 4612,Super Luxury (Non AC Seater 2+2 Push Back),19:15,08h 45m,04:00,4.0,451.0,17,8.8
1446,1452,Hyderabad to Guntur (Andhra Pradesh),https://www.redbus.in/bus-tickets/hyderabad-to-guntur,9,APSRTC - 4249,Super Luxury (Non AC Seater 2+2 Push Back),19:45,08h 35m,04:20,4.1,451.0,20,8.6
1447,1453,Hyderabad to Guntur (Andhra Pradesh),https://www.redbus.in/bus-tickets/hyderabad-to-guntur,9,APSRTC - 4179,AMARAVATHI (VOLVO / SCANIA A.C Multi Axle),20:30,07h 59m,04:29,4.5,767.0,18,8.0
1448,1454,Hyderabad to Guntur (Andhra Pradesh),https://www.redbus.in/bus-tickets/hyderabad-to-guntur,9,APSRTC - 42443,Super Luxury (Non AC Seater 2+2 Push Back),21:00,08h 45m,05:45,4.2,451.0,11,8.8
1449,1455,Hyderabad to Guntur (Andhra Pradesh),https://www.redbus.in/bus-tickets/hyderabad-to-guntur,9,APSRTC - 4629,Super Luxury (Non AC Seater 2+2 Push Back),21:00,08h 00m,05:00,4.1,451.0,6,8.0
1450,1456,Hyderabad to Guntur (Andhra Pradesh),https://www.redbus.in/bus-tickets/hyderabad-to-guntur,9,APSRTC - 4155,INDRA(A.C. Seater),21:10,07h 14m,04:24,3.4,545.0,23,7.2
1451,1457,Hyderabad to Guntur (Andhra Pradesh),https://www.redbus.in/bus-tickets/hyderabad-to-guntur,9,APSRTC - 4189,Super Luxury (Non AC Seater 2+2 Push Back),21:15,08h 05m,05:20,3.7,451.0,10,8.1
1452,1458,Hyderabad to Guntur (Andhra Pradesh),https://www.redbus.in/bus-tickets/hyderabad-to-guntur,9,APSRTC - 4619,STAR LINER(NON-AC SLEEPER 2+1),21:20,07h 10m,04:30,3.9,584.0,2,7.2
1453,1459,Hyderabad to Guntur (Andhra Pradesh),https://www.redbus.in/bus-tickets/hyderabad-to-guntur,9,APSRTC - 4199,Super Luxury (Non AC Seater 2+2 Push Back),21:40,07h 40m,05:20,3.3,451.0,12,7.7
1454,1460,Hyderabad to Guntur (Andhra Pradesh),https://www.redbus.in/bus-tickets/hyderabad-to-guntur,9,APSRTC - 4223,INDRA(A.C. Seater),21:45,07h 10m,04:55,4.1,545.0,25,7.2
1455,1461,Hyderabad to Guntur (Andhra Pradesh),https://www.redbus.in/bus-tickets/hyderabad-to-guntur,9,TSRTC - 9570,"SUPER LUXURY (NON-AC, 2 + 2 PUSH BACK)",18:00,05h 20m,23:20,3.6,364.0,12,5.3
1456,1462,Hyderabad to Guntur (Andhra Pradesh),https://www.redbus.in/bus-tickets/hyderabad-to-guntur,9,TSRTC - 9689,"SUPER LUXURY (NON-AC, 2 + 2 PUSH BACK)",20:30,07h 45m,04:15,4.6,454.0,11,7.8
1457,1463,Hyderabad to Guntur (Andhra Pradesh),https://www.redbus.in/bus-tickets/hyderabad-to-guntur,9,TSRTC - 7771,"SUPER LUXURY (NON-AC, 2 + 2 PUSH BACK)",20:45,07h 45m,04:30,3.2,394.0,13,7.8
1458,1464,Hyderabad to Guntur (Andhra Pradesh),https://www.redbus.in/bus-tickets/hyderabad-to-guntur,9,TSRTC - 1763,"SUPER LUXURY (NON-AC, 2 + 2 PUSH BACK)",21:30,06h 50m,04:20,4.2,419.0,14,6.8
1459,1465,Hyderabad to Guntur (Andhra Pradesh),https://www.redbus.in/bus-tickets/hyderabad-to-guntur,9,TSRTC - 7769,"SUPER LUXURY (NON-AC, 2 + 2 PUSH BACK)",21:50,07h 30m,05:20,2.1,542.0,26,7.5
1460,1466,Hyderabad to Guntur (Andhra Pradesh),https://www.redbus.in/bus-tickets/hyderabad-to-guntur,9,TSRTC - 1633,"SUPER LUXURY (NON-AC, 2 + 2 PUSH BACK)",22:10,07h 00m,05:10,3.9,364.0,20,7.0
1461,1467,Hyderabad to Guntur (Andhra Pradesh),https://www.redbus.in/bus-tickets/hyderabad-to-guntur,9,TSRTC - 1541,"SUPER LUXURY (NON-AC, 2 + 2 PUSH BACK)",22:40,06h 20m,05:00,4.0,364.0,22,6.3
1462,1468,Hyderabad to Guntur (Andhra Pradesh),https://www.redbus.in/bus-tickets/hyderabad-to-guntur,9,TSRTC - 7773,Lahari Non A/C Sleeper Cum Seater,23:10,07h 10m,06:20,2.3,545.0,29,7.2
1463,1469,Hyderabad to Guntur (Andhra Pradesh),https://www.redbus.in/bus-tickets/hyderabad-to-guntur,9,IntrCity SmartBus,Scania AC Multi Axle Sleeper (2+1),23:30,07h 45m,07:15,4.7,904.0,17,7.8
1464,1470,Hyderabad to Guntur (Andhra Pradesh),https://www.redbus.in/bus-tickets/hyderabad-to-guntur,9,IntrCity SmartBus,A/C Seater / Sleeper (2+1),23:30,07h 15m,06:45,4.5,560.0,19,7.2
1465,1471,Hyderabad to Guntur (Andhra Pradesh),https://www.redbus.in/bus-tickets/hyderabad-to-guntur,9,GMRK Tours and Travels,Volvo A/C Semi Sleeper (2+2),23:30,06h 40m,06:10,4.5,399.0,18,6.7
1466,1472,Hyderabad to Guntur (Andhra Pradesh),https://www.redbus.in/bus-tickets/hyderabad-to-guntur,9,AdShyamoli Paribahan Pvt Ltd,Scania Multi-Axle AC Semi Sleeper (2+2),23:15,06h 10m,05:25,4.3,499.0,13,6.2
1467,1473,Hyderabad to Guntur (Andhra Pradesh),https://www.redbus.in/bus-tickets/hyderabad-to-guntur,9,Svkdt travels,A/C Sleeper (2+1),22:30,08h 25m,06:55,4.5,790.0,11,8.4
1468,1474,Hyderabad to Guntur (Andhra Pradesh),https://www.redbus.in/bus-tickets/hyderabad-to-guntur,9,IntrCity SmartBus,AC Sleeper (2+1),23:10,07h 40m,06:50,4.5,824.0,15,7.7
1469,1475,Hyderabad to Guntur (Andhra Pradesh),https://www.redbus.in/bus-tickets/hyderabad-to-guntur,9,NueGo,Electric A/C Seater (2+2),22:35,08h 00m,06:35,4.5,553.0,10,8.0
1470,1476,Hyderabad to Guntur (Andhra Pradesh),https://www.redbus.in/bus-tickets/hyderabad-to-guntur,9,AdIntrCity SmartBus,AC Sleeper (2+1),23:50,07h 35m,07:25,4.2,747.0,22,7.6
1471,1477,Hyderabad to Guntur (Andhra Pradesh),https://www.redbus.in/bus-tickets/hyderabad-to-guntur,9,Zingbus Plus,A/C Seater / Sleeper (2+1),23:45,07h 10m,06:55,4.4,572.0,27,7.2
1472,1478,Hyderabad to Guntur (Andhra Pradesh),https://www.redbus.in/bus-tickets/hyderabad-to-guntur,9,Yolo Bus,A/C Seater / Sleeper (2+1),22:15,07h 55m,06:10,4.2,470.0,15,7.9
1473,1479,Patna (Bihar) to Katihar,https://www.redbus.in/bus-tickets/patna-to-katihar,14,Bihar state road transport corporation (BSRTC) - 142847,AC Seater (2+2),21:25,09h 05m,06:30,3.3,468.0,31,9.1
1474,1480,Patna (Bihar) to Katihar,https://www.redbus.in/bus-tickets/patna-to-katihar,14,SOBHA TRAVELS (A.T),A/C Seater / Sleeper (2+1),20:40,08h 20m,05:00,2.5,540.0,28,8.3
1475,1481,Patna (Bihar) to Katihar,https://www.redbus.in/bus-tickets/patna-to-katihar,14,Sri Krishna Rath,A/C Seater / Sleeper (2+2),20:30,09h 05m,05:35,1.8,809.0,28,9.1
1476,1482,Karimnagar to Hyderabad,https://www.redbus.in/bus-tickets/karimnagar-to-hyderabad,9,TSRTC - 7461,"SUPER LUXURY (NON-AC, 2 + 2 PUSH BACK)",14:50,03h 00m,17:50,4.1,283.0,11,3.0
1477,1483,Karimnagar to Hyderabad,https://www.redbus.in/bus-tickets/karimnagar-to-hyderabad,9,TSRTC - 7067,"SUPER LUXURY (NON-AC, 2 + 2 PUSH BACK)",15:05,03h 00m,18:05,3.9,283.0,31,3.0
1478,1484,Karimnagar to Hyderabad,https://www.redbus.in/bus-tickets/karimnagar-to-hyderabad,9,TSRTC - 7304,"SUPER LUXURY (NON-AC, 2 + 2 PUSH BACK)",15:15,03h 00m,18:15,4.3,283.0,31,3.0
1479,1485,Karimnagar to Hyderabad,https://www.redbus.in/bus-tickets/karimnagar-to-hyderabad,9,TSRTC - 7339,"SUPER LUXURY (NON-AC, 2 + 2 PUSH BACK)",15:30,03h 05m,18:35,2.9,283.0,25,3.1
1480,1486,Karimnagar to Hyderabad,https://www.redbus.in/bus-tickets/karimnagar-to-hyderabad,9,TSRTC - 9443,"SUPER LUXURY (NON-AC, 2 + 2 PUSH BACK)",15:30,03h 15m,18:45,2.2,283.0,28,3.2
1481,1487,Karimnagar to Hyderabad,https://www.redbus.in/bus-tickets/karimnagar-to-hyderabad,9,TSRTC - 7071,"SUPER LUXURY (NON-AC, 2 + 2 PUSH BACK)",15:40,03h 00m,18:40,3.8,283.0,31,3.0
1482,1488,Karimnagar to Hyderabad,https://www.redbus.in/bus-tickets/karimnagar-to-hyderabad,9,TSRTC - 9506,RAJDHANI (A.C. Semi Sleeper),16:00,03h 15m,19:15,4.1,343.0,21,3.2
1483,1489,Karimnagar to Hyderabad,https://www.redbus.in/bus-tickets/karimnagar-to-hyderabad,9,TSRTC - 7448,RAJDHANI (A.C. Semi Sleeper),16:00,03h 00m,19:00,2.8,343.0,28,3.0
1484,1490,Karimnagar to Hyderabad,https://www.redbus.in/bus-tickets/karimnagar-to-hyderabad,9,TSRTC - 7444,"SUPER LUXURY (NON-AC, 2 + 2 PUSH BACK)",16:20,03h 00m,19:20,4.4,283.0,23,3.0
1485,1491,Karimnagar to Hyderabad,https://www.redbus.in/bus-tickets/karimnagar-to-hyderabad,9,TSRTC - 7881,"SUPER LUXURY (NON-AC, 2 + 2 PUSH BACK)",16:35,02h 55m,19:30,2.4,283.0,3,2.9
1486,1492,Karimnagar to Hyderabad,https://www.redbus.in/bus-tickets/karimnagar-to-hyderabad,9,TSRTC - 7465,RAJDHANI (A.C. Semi Sleeper),17:00,03h 05m,20:05,4.3,343.0,20,3.1
1487,1493,Karimnagar to Hyderabad,https://www.redbus.in/bus-tickets/karimnagar-to-hyderabad,9,TSRTC - 7395,"SUPER LUXURY (NON-AC, 2 + 2 PUSH BACK)",17:20,03h 00m,20:20,4.1,283.0,31,3.0
1488,1494,Karimnagar to Hyderabad,https://www.redbus.in/bus-tickets/karimnagar-to-hyderabad,9,TSRTC - 7808,LAHARI A/C SLEEPER CUM SEATER,17:30,02h 55m,20:25,3.9,343.0,24,2.9
1489,1495,Karimnagar to Hyderabad,https://www.redbus.in/bus-tickets/karimnagar-to-hyderabad,9,TSRTC - 7351,"SUPER LUXURY (NON-AC, 2 + 2 PUSH BACK)",17:45,03h 15m,21:00,3.2,283.0,30,3.2
1490,1496,Karimnagar to Hyderabad,https://www.redbus.in/bus-tickets/karimnagar-to-hyderabad,9,TSRTC - 7019,"SUPER LUXURY (NON-AC, 2 + 2 PUSH BACK)",17:50,03h 00m,20:50,2.9,283.0,31,3.0
1491,1497,Karimnagar to Hyderabad,https://www.redbus.in/bus-tickets/karimnagar-to-hyderabad,9,TSRTC - 7326,"SUPER LUXURY (NON-AC, 2 + 2 PUSH BACK)",17:55,02h 25m,20:20,3.2,283.0,31,2.4
1492,1498,Karimnagar to Hyderabad,https://www.redbus.in/bus-tickets/karimnagar-to-hyderabad,9,TSRTC - 7418,"SUPER LUXURY (NON-AC, 2 + 2 PUSH BACK)",18:00,03h 05m,21:05,1.7,283.0,31,3.1
1493,1499,Karimnagar to Hyderabad,https://www.redbus.in/bus-tickets/karimnagar-to-hyderabad,9,TSRTC - 7810,LAHARI A/C SLEEPER CUM SEATER,18:00,02h 55m,20:55,4.0,343.0,26,2.9
1494,1500,Karimnagar to Hyderabad,https://www.redbus.in/bus-tickets/karimnagar-to-hyderabad,9,TSRTC - 7029,"SUPER LUXURY (NON-AC, 2 + 2 PUSH BACK)",18:05,03h 00m,21:05,4.1,283.0,31,3.0
1495,1501,Karimnagar to Hyderabad,https://www.redbus.in/bus-tickets/karimnagar-to-hyderabad,9,TSRTC - 7290,LAHARI A/C SLEEPER CUM SEATER,19:00,02h 40m,21:40,3.7,343.0,33,2.7
1496,1502,Karimnagar to Hyderabad,https://www.redbus.in/bus-tickets/karimnagar-to-hyderabad,9,TSRTC - 7336,"SUPER LUXURY (NON-AC, 2 + 2 PUSH BACK)",19:15,03h 00m,22:15,3.1,283.0,31,3.0
1497,1503,Karimnagar to Hyderabad,https://www.redbus.in/bus-tickets/karimnagar-to-hyderabad,9,TSRTC - 7382,RAJDHANI (A.C. Semi Sleeper),20:00,02h 50m,22:50,4.5,343.0,27,2.8
1498,1504,Karimnagar to Hyderabad,https://www.redbus.in/bus-tickets/karimnagar-to-hyderabad,9,TSRTC - 7120,"SUPER LUXURY (NON-AC, 2 + 2 PUSH BACK)",20:00,03h 00m,23:00,3.1,283.0,31,3.0
1499,1505,Karimnagar to Hyderabad,https://www.redbus.in/bus-tickets/karimnagar-to-hyderabad,9,TSRTC - 7302,"SUPER LUXURY (NON-AC, 2 + 2 PUSH BACK)",20:40,03h 55m,00:35,3.8,283.0,31,3.9
1500,1506,Karimnagar to Hyderabad,https://www.redbus.in/bus-tickets/karimnagar-to-hyderabad,9,TSRTC - 7345,"SUPER LUXURY (NON-AC, 2 + 2 PUSH BACK)",21:05,03h 05m,00:10,4.5,283.0,31,3.1
1501,1507,Karimnagar to Hyderabad,https://www.redbus.in/bus-tickets/karimnagar-to-hyderabad,9,TSRTC - 7396,"SUPER LUXURY (NON-AC, 2 + 2 PUSH BACK)",21:30,03h 00m,00:30,4.2,283.0,31,3.0
1502,1508,Karimnagar to Hyderabad,https://www.redbus.in/bus-tickets/karimnagar-to-hyderabad,9,TSRTC - 7527,"SUPER LUXURY (NON-AC, 2 + 2 PUSH BACK)",22:30,03h 15m,01:45,3.9,283.0,29,3.2
1503,1509,Karimnagar to Hyderabad,https://www.redbus.in/bus-tickets/karimnagar-to-hyderabad,9,TSRTC - 7384,RAJDHANI (A.C. Semi Sleeper),23:15,03h 30m,02:45,4.5,343.0,14,3.5
1504,1510,Karimnagar to Hyderabad,https://www.redbus.in/bus-tickets/karimnagar-to-hyderabad,9,Orange Tours And Travels,A/C Sleeper (2+1),18:00,03h 10m,21:10,3.2,500.0,31,3.2
1505,1511,Karimnagar to Hyderabad,https://www.redbus.in/bus-tickets/karimnagar-to-hyderabad,9,Orange Tours And Travels,Scania AC Multi Axle Sleeper (2+1),18:15,03h 25m,21:40,3.4,500.0,9,3.4
1506,1512,Karimnagar to Hyderabad,https://www.redbus.in/bus-tickets/karimnagar-to-hyderabad,9,IRA Travels,A/C Sleeper (2+1),18:30,03h 15m,21:45,3.9,800.0,19,3.2
1507,1513,Karimnagar to Hyderabad,https://www.redbus.in/bus-tickets/karimnagar-to-hyderabad,9,Morning Star Travels,A/C Sleeper (2+1),18:00,03h 55m,21:55,2.7,1090.0,19,3.9
1508,1514,Rajahmundry to Hyderabad,https://www.redbus.in/bus-tickets/rajahmundry-to-hyderabad,7,APSRTC - 2865,Super Luxury (Non AC Seater 2+2 Push Back),18:30,10h 00m,04:30,3.4,718.0,15,10.0
1509,1515,Rajahmundry to Hyderabad,https://www.redbus.in/bus-tickets/rajahmundry-to-hyderabad,7,APSRTC - 4943,Super Luxury (Non AC Seater 2+2 Push Back),19:00,10h 00m,05:00,3.9,718.0,15,10.0
1510,1516,Rajahmundry to Hyderabad,https://www.redbus.in/bus-tickets/rajahmundry-to-hyderabad,7,APSRTC - 2785,Super Luxury (Non AC Seater 2+2 Push Back),19:30,07h 45m,03:15,4.1,728.0,15,7.8
1511,1517,Rajahmundry to Hyderabad,https://www.redbus.in/bus-tickets/rajahmundry-to-hyderabad,7,APSRTC - 2781,Super Luxury (Non AC Seater 2+2 Push Back),19:45,09h 15m,05:00,3.0,700.0,10,9.2
1512,1518,Rajahmundry to Hyderabad,https://www.redbus.in/bus-tickets/rajahmundry-to-hyderabad,7,APSRTC - 2586,Super Luxury (Non AC Seater 2+2 Push Back),20:15,09h 00m,05:15,4.0,728.0,13,9.0
1513,1519,Rajahmundry to Hyderabad,https://www.redbus.in/bus-tickets/rajahmundry-to-hyderabad,7,APSRTC - 2783,Super Luxury (Non AC Seater 2+2 Push Back),20:30,09h 45m,06:15,4.1,718.0,11,9.8
1514,1520,Rajahmundry to Hyderabad,https://www.redbus.in/bus-tickets/rajahmundry-to-hyderabad,7,APSRTC - 3375,Super Luxury (Non AC Seater 2+2 Push Back),20:45,09h 30m,06:15,4.2,699.0,21,9.5
1515,1521,Rajahmundry to Hyderabad,https://www.redbus.in/bus-tickets/rajahmundry-to-hyderabad,7,APSRTC - 2825,Super Luxury (Non AC Seater 2+2 Push Back),21:00,09h 20m,06:20,4.1,718.0,11,9.3
1516,1522,Rajahmundry to Hyderabad,https://www.redbus.in/bus-tickets/rajahmundry-to-hyderabad,7,APSRTC - 2777,INDRA(A.C. Seater),21:00,08h 15m,05:15,4.4,881.0,5,8.2
1517,1523,Rajahmundry to Hyderabad,https://www.redbus.in/bus-tickets/rajahmundry-to-hyderabad,7,APSRTC - 3355,NIGHT RIDER (SEATER CUM SLEEPER),21:30,07h 35m,05:05,2.9,997.0,6,7.6
1518,1524,Rajahmundry to Hyderabad,https://www.redbus.in/bus-tickets/rajahmundry-to-hyderabad,7,TSRTC - 2493,"SUPER LUXURY (NON-AC, 2 + 2 PUSH BACK)",17:00,09h 50m,02:50,3.9,687.0,21,9.8
1519,1525,Rajahmundry to Hyderabad,https://www.redbus.in/bus-tickets/rajahmundry-to-hyderabad,7,TSRTC - 2416,"SUPER LUXURY (NON-AC, 2 + 2 PUSH BACK)",18:00,09h 45m,03:45,3.7,687.0,20,9.8
1520,1526,Rajahmundry to Hyderabad,https://www.redbus.in/bus-tickets/rajahmundry-to-hyderabad,7,TSRTC - 2043,LAHARI A/C SLEEPER CUM SEATER,22:00,07h 15m,05:15,3.5,1200.0,9,7.2
1521,1527,Rajahmundry to Hyderabad,https://www.redbus.in/bus-tickets/rajahmundry-to-hyderabad,7,TSRTC - 9920,"SUPER LUXURY (NON-AC, 2 + 2 PUSH BACK)",22:30,08h 30m,07:00,3.7,556.0,21,8.5
1522,1528,Rajahmundry to Hyderabad,https://www.redbus.in/bus-tickets/rajahmundry-to-hyderabad,7,TSRTC - 9699,Lahari A/C sleeper,23:30,07h 15m,06:45,3.8,1740.0,6,7.2
1523,1529,Rajahmundry to Hyderabad,https://www.redbus.in/bus-tickets/rajahmundry-to-hyderabad,7,Mythri Tours And Travels,A/C Sleeper (2+1),21:00,09h 30m,06:30,4.7,1209.0,4,9.5
1524,1530,Rajahmundry to Hyderabad,https://www.redbus.in/bus-tickets/rajahmundry-to-hyderabad,7,Mozo travels,A/C Seater / Sleeper (2+1),19:50,10h 10m,06:00,4.5,749.0,5,10.2
1525,1531,Rajahmundry to Hyderabad,https://www.redbus.in/bus-tickets/rajahmundry-to-hyderabad,7,Go Tour Travels and Holidays,A/C Sleeper (2+1),20:30,10h 00m,06:30,4.4,1390.0,8,10.0
1526,1532,Rajahmundry to Hyderabad,https://www.redbus.in/bus-tickets/rajahmundry-to-hyderabad,7,AdSiri Tours and Travels,Non A/C Seater / Sleeper (2+1),20:40,09h 05m,05:45,3.4,780.0,5,9.1
1527,1533,Rajahmundry to Hyderabad,https://www.redbus.in/bus-tickets/rajahmundry-to-hyderabad,7,IntrCity SmartBus,A/C Seater / Sleeper (2+1),22:55,07h 10m,06:05,4.5,1326.0,4,7.2
1528,1534,Rajahmundry to Hyderabad,https://www.redbus.in/bus-tickets/rajahmundry-to-hyderabad,7,SAMANVI CITICONNECT,A/C Sleeper (2+1),21:30,08h 15m,05:45,4.4,1819.0,2,8.2
1529,1535,Rajahmundry to Hyderabad,https://www.redbus.in/bus-tickets/rajahmundry-to-hyderabad,7,BSR Tours And Travels,Volvo Multi-Axle A/C Sleeper (2+1),22:40,07h 50m,06:30,4.4,1680.0,5,7.8
1530,1536,Rajahmundry to Hyderabad,https://www.redbus.in/bus-tickets/rajahmundry-to-hyderabad,7,AdSiri Tours and Travels,A/C Seater / Sleeper (2+1),21:15,09h 17m,06:32,3.9,890.0,13,9.3
1531,1537,Rajahmundry to Hyderabad,https://www.redbus.in/bus-tickets/rajahmundry-to-hyderabad,7,V Kaveri Travels,A/C Sleeper (2+1),21:45,09h 00m,06:45,4.2,1300.0,6,9.0
1532,1538,Rajahmundry to Hyderabad,https://www.redbus.in/bus-tickets/rajahmundry-to-hyderabad,7,Sri KVR Travels,Non A/C Seater / Sleeper (2+1),19:00,10h 30m,05:30,4.2,590.0,4,10.5
1533,1539,Barasat (West Bengal) to Contai (Kanthi),https://www.redbus.in/bus-tickets/barasat-west-bengal-to-contai-kanthi,4,WBTC (CTC) BARASAT-DIGHA via Bally - 38|15:00,Non AC Seater (2+3),15:00,02h 45m,17:45,3.1,131.0,7,2.8
1534,1540,Barasat (West Bengal) to Nandakumar (west bengal),https://www.redbus.in/bus-tickets/barasat-west-bengal-to-nandakumar,4,WBTC (CTC) BARASAT-DIGHA via Bally - 38|15:00,Non AC Seater (2+3),15:00,01h 45m,16:45,3.3,90.0,5,1.8
1535,1541,Hyderabad to Khammam,https://www.redbus.in/bus-tickets/hyderabad-to-khammam,9,TSRTC - 1953,GARUDA PLUS (VOLVO / BENZ A.C Multi Axle),15:00,05h 30m,20:30,3.3,389.0,27,5.5
1536,1542,Hyderabad to Khammam,https://www.redbus.in/bus-tickets/hyderabad-to-khammam,9,TSRTC - 8648,RAJDHANI (A.C. Semi Sleeper),15:30,04h 00m,19:30,3.2,389.0,22,4.0
1537,1543,Hyderabad to Khammam,https://www.redbus.in/bus-tickets/hyderabad-to-khammam,9,TSRTC - 1320,Lahari A/C sleeper,15:55,05h 15m,21:10,2.7,389.0,32,5.2
1538,1544,Hyderabad to Khammam,https://www.redbus.in/bus-tickets/hyderabad-to-khammam,9,TSRTC - 64828,"SUPER LUXURY (NON-AC, 2 + 2 PUSH BACK)",16:30,04h 30m,21:00,2.0,320.0,29,4.5
1539,1545,Hyderabad to Khammam,https://www.redbus.in/bus-tickets/hyderabad-to-khammam,9,TSRTC - 8869,"SUPER LUXURY (NON-AC, 2 + 2 PUSH BACK)",17:40,04h 20m,22:00,3.7,320.0,28,4.3
1540,1546,Hyderabad to Khammam,https://www.redbus.in/bus-tickets/hyderabad-to-khammam,9,TSRTC - 64363,"SUPER LUXURY (NON-AC, 2 + 2 PUSH BACK)",17:50,04h 30m,22:20,3.7,320.0,29,4.5
1541,1547,Hyderabad to Khammam,https://www.redbus.in/bus-tickets/hyderabad-to-khammam,9,TSRTC - 8682,RAJADHANI AC (CONVERTED METRO LUXURY),18:40,03h 50m,22:30,3.5,389.0,34,3.8
1542,1548,Hyderabad to Khammam,https://www.redbus.in/bus-tickets/hyderabad-to-khammam,9,TSRTC - 8618,"SUPER LUXURY (NON-AC, 2 + 2 PUSH BACK)",18:40,04h 20m,23:00,3.6,320.0,30,4.3
1543,1549,Hyderabad to Khammam,https://www.redbus.in/bus-tickets/hyderabad-to-khammam,9,TSRTC - 7645,"SUPER LUXURY (NON-AC, 2 + 2 PUSH BACK)",19:30,06h 15m,01:45,3.2,320.0,31,6.2
1544,1550,Hyderabad to Khammam,https://www.redbus.in/bus-tickets/hyderabad-to-khammam,9,TSRTC - 64021,RAJDHANI (A.C. Semi Sleeper),19:30,04h 00m,23:30,3.0,389.0,33,4.0
1545,1551,Hyderabad to Khammam,https://www.redbus.in/bus-tickets/hyderabad-to-khammam,9,Siri Tours and Travels,A/C Seater / Sleeper (2+1),18:30,06h 00m,00:30,4.2,780.0,5,6.0
1546,1552,Hyderabad to Khammam,https://www.redbus.in/bus-tickets/hyderabad-to-khammam,9,Sri KVR Travels,Non A/C Seater / Sleeper (2+1),21:15,05h 45m,03:00,4.9,510.0,20,5.8
1547,1553,Hyderabad to Khammam,https://www.redbus.in/bus-tickets/hyderabad-to-khammam,9,Bharathi Tours & Travels,A/C Sleeper (2+1),21:20,06h 10m,03:30,4.5,650.0,23,6.2
1548,1554,Hyderabad to Khammam,https://www.redbus.in/bus-tickets/hyderabad-to-khammam,9,Bharathi Tours & Travels,Non A/C Seater / Sleeper (2+1),21:20,06h 30m,03:50,4.5,500.0,26,6.5
1549,1555,Hyderabad to Khammam,https://www.redbus.in/bus-tickets/hyderabad-to-khammam,9,Bharathi Tours & Travels,Non A/C Seater / Sleeper (2+1),21:20,06h 10m,03:30,4.7,400.0,10,6.2
1550,1556,Kolkata to Durgapur (West Bengal),https://www.redbus.in/bus-tickets/kolkata-to-durgapur,12,SBSTC-KARUNAMOYEE - ASANSOL - 15:00 (ASN DEPOT) - 248,Non AC Seater (2+3),15:00,03h 45m,18:45,3.2,155.0,45,3.8
1551,1557,Kolkata to Durgapur (West Bengal),https://www.redbus.in/bus-tickets/kolkata-to-durgapur,12,SBSTC-KOLKATA - DURGAPUR - 15:15 (DGP DEPOT) - 759,Non AC Seater (2+3),15:15,03h 30m,18:45,3.9,150.0,46,3.5
1552,1558,Kolkata to Durgapur (West Bengal),https://www.redbus.in/bus-tickets/kolkata-to-durgapur,12,SBSTC-KARUNAMOYEE - BANKURA - A/C - 15:15 (BNK DEPOT) - 1524,AC Seater (2+2),15:15,04h 15m,19:30,3.7,300.0,13,4.2
1553,1559,Kolkata to Durgapur (West Bengal),https://www.redbus.in/bus-tickets/kolkata-to-durgapur,12,SBSTC-KARUNAMOYEE - ASANSOL - 15:30 (ASN DEPOT) - 249,Non AC Seater (2+3),15:30,03h 45m,19:15,3.9,155.0,33,3.8
1554,1560,Kolkata to Durgapur (West Bengal),https://www.redbus.in/bus-tickets/kolkata-to-durgapur,12,SBSTC-KOLKATA - BANKURA - 15:30 (Bankura Depot) - 294,Non AC Seater (2+3),15:30,03h 30m,19:00,3.6,150.0,45,3.5
1555,1561,Kolkata to Durgapur (West Bengal),https://www.redbus.in/bus-tickets/kolkata-to-durgapur,12,SBSTC-KOLKATA - ASANSOL - 16:00 (ASANSOL DEPOT) - 768,Non AC Seater (2+3),16:00,03h 30m,19:30,4.1,150.0,49,3.5
1556,1562,Kolkata to Durgapur (West Bengal),https://www.redbus.in/bus-tickets/kolkata-to-durgapur,12,SBSTC-KARUNAMOYEE - ASANSOL - AC - 16:15 (BEL DEPOT) - 1566,AC Seater (2+2),16:15,04h 00m,20:15,2.4,300.0,36,4.0
1557,1563,Kolkata to Durgapur (West Bengal),https://www.redbus.in/bus-tickets/kolkata-to-durgapur,12,SBSTC-KOLKATA - DURGAPUR - 16:15 (DGP DEPOT) - 760,Non AC Seater (2+3),16:15,03h 30m,19:45,4.5,150.0,48,3.5
1558,1564,Kolkata to Durgapur (West Bengal),https://www.redbus.in/bus-tickets/kolkata-to-durgapur,12,SBSTC-KOLKATA - ASANSOL - 16:30 (ASANSOL DEPOT) - 261,Non AC Seater (2+3),16:30,03h 30m,20:00,3.6,150.0,52,3.5
1559,1565,Kolkata to Durgapur (West Bengal),https://www.redbus.in/bus-tickets/kolkata-to-durgapur,12,SBSTC-KARUNAMOYEE - BANKURA - VIA - DURGAPUR - 16:45 - 311,Non AC Seater (2+3),16:45,04h 15m,21:00,3.9,155.0,48,4.2
1560,1566,Kolkata to Durgapur (West Bengal),https://www.redbus.in/bus-tickets/kolkata-to-durgapur,12,SHYAMOLI Pvt. Ltd.(Karunamoyee),Volvo A/C Seater (2+2),14:45,03h 20m,18:00,4.3,486.0,9,3.3
1561,1567,Kolkata to Durgapur (West Bengal),https://www.redbus.in/bus-tickets/kolkata-to-durgapur,12,Greenline,Volvo A/C Seater (2+2),14:45,03h 45m,18:30,4.7,486.0,9,3.8
1562,1568,Kolkata to Durgapur (West Bengal),https://www.redbus.in/bus-tickets/kolkata-to-durgapur,12,Shyamoli Paribahan Pvt Ltd,Volvo A/C Seater (2+2),14:45,03h 15m,18:00,4.5,486.0,27,3.2
1563,1569,Kolkata to Durgapur (West Bengal),https://www.redbus.in/bus-tickets/kolkata-to-durgapur,12,Greenline (Karunamoyee),Volvo 9600 A/C Semi Sleeper (2+2),15:00,04h 00m,19:00,4.6,486.0,19,4.0
1564,1570,Kolkata to Durgapur (West Bengal),https://www.redbus.in/bus-tickets/kolkata-to-durgapur,12,Express Line,Volvo 9600 Multi Axle Semi-Sleeper (2+2),15:30,03h 00m,18:30,4.8,486.0,41,3.0
1565,1571,Kolkata to Durgapur (West Bengal),https://www.redbus.in/bus-tickets/kolkata-to-durgapur,12,Express Line (Karunamoyee),Volvo 9600 A/C Semi Sleeper (2+2),15:45,04h 00m,19:45,4.8,486.0,25,4.0
1566,1572,Kolkata to Durgapur (West Bengal),https://www.redbus.in/bus-tickets/kolkata-to-durgapur,12,SHYAMOLI Pvt. Ltd.(Karunamoyee),Volvo A/C Seater (2+2),16:00,04h 00m,20:00,4.2,486.0,28,4.0
1567,1573,Kolkata to Durgapur (West Bengal),https://www.redbus.in/bus-tickets/kolkata-to-durgapur,12,Greenline,Volvo 9600 Multi Axle Semi-Sleeper (2+2),16:00,03h 15m,19:15,4.7,486.0,13,3.2
1568,1574,Kolkata to Durgapur (West Bengal),https://www.redbus.in/bus-tickets/kolkata-to-durgapur,12,Shyamoli Paribahan Pvt Ltd,Volvo A/C Seater (2+2),16:40,04h 00m,20:40,4.4,486.0,29,4.0
1569,1575,Kolkata to Durgapur (West Bengal),https://www.redbus.in/bus-tickets/kolkata-to-durgapur,12,Greenline (Karunamoyee),Volvo A/C Seater (2+2),16:45,04h 00m,20:45,4.2,486.0,26,4.0
1570,1576,Mopa Airport to Margao,https://www.redbus.in/bus-tickets/mopa-airport-to-margoa,10,Kadamba Transport Corporation Limited (KTCL) - 159015,A/C Seater (2+3),16:00,02h 00m,18:00,4.9,400.0,47,2.0
1571,1577,Mopa Airport to Margao,https://www.redbus.in/bus-tickets/mopa-airport-to-margoa,10,Kadamba Transport Corporation Limited (KTCL) - 159015,A/C Seater (2+3),16:00,00h 25m,16:25,3.7,150.0,47,0.4
1572,1578,Mopa Airport to Margao,https://www.redbus.in/bus-tickets/mopa-airport-to-margoa,10,Kadamba Transport Corporation Limited (KTCL) - 160437,A/C Seater (2+3),17:30,00h 30m,18:00,3.7,150.0,45,0.5
1573,1579,Bikaner to Sikar,https://www.redbus.in/bus-tickets/bikaner-to-sikar,18,RSRTC - 173598,Super Luxury Volvo AC Seater Pushback 2+2,16:31,03h 14m,19:45,4.1,421.0,25,3.2
1574,1580,Bikaner to Sikar,https://www.redbus.in/bus-tickets/bikaner-to-sikar,18,RSRTC - 193272,Express Non AC Seater 2+3,17:00,05h 00m,22:00,4.2,240.0,42,5.0
1575,1581,Bikaner to Sikar,https://www.redbus.in/bus-tickets/bikaner-to-sikar,18,RSRTC - 182762,Express Non AC Seater 2+3,21:55,04h 50m,02:45,4.2,231.0,42,4.8
1576,1582,Bikaner to Sikar,https://www.redbus.in/bus-tickets/bikaner-to-sikar,18,RATHORE TRAVELS AGENCY,Volvo 9600 A/C Sleeper (2+1),14:43,03h 09m,17:52,5.0,750.0,13,3.1
1577,1583,Bikaner to Sikar,https://www.redbus.in/bus-tickets/bikaner-to-sikar,18,New Deep Travels,Volvo Multi-Axle I-Shift A/C Semi Sleeper (2+2),15:30,03h 10m,18:40,4.5,666.67,4,3.2
1578,1584,Bikaner to Sikar,https://www.redbus.in/bus-tickets/bikaner-to-sikar,18,Milan Travels,A/C Seater / Sleeper (2+1),17:00,03h 30m,20:30,4.5,440.0,12,3.5
1579,1585,Bikaner to Sikar,https://www.redbus.in/bus-tickets/bikaner-to-sikar,18,Neelam Travels,A/C Seater / Sleeper (2+1),18:30,04h 30m,23:00,3.6,400.0,42,4.5
1580,1586,Bikaner to Sikar,https://www.redbus.in/bus-tickets/bikaner-to-sikar,18,Milan Travels,Bharat Benz A/C Seater /Sleeper (2+1),19:15,03h 15m,22:30,4.6,440.0,28,3.2
1581,1587,Bikaner to Sikar,https://www.redbus.in/bus-tickets/bikaner-to-sikar,18,Maharaja Travels,A/C Seater / Sleeper (2+1),19:30,03h 50m,23:20,4.4,333.0,32,3.8
1582,1588,Bikaner to Sikar,https://www.redbus.in/bus-tickets/bikaner-to-sikar,18,Nandu V.K. Travels,NON A/C Sleeper (2+1),19:30,04h 15m,23:45,3.1,600.0,30,4.2
1583,1589,Bikaner to Sikar,https://www.redbus.in/bus-tickets/bikaner-to-sikar,18,Milan Travels,A/C Seater / Sleeper (2+1),22:30,04h 00m,02:30,3.9,440.0,1,4.0
1584,1590,Bikaner to Sikar,https://www.redbus.in/bus-tickets/bikaner-to-sikar,18,Maharaja Travels,A/C Seater / Sleeper (2+1),22:30,04h 15m,02:45,3.1,333.0,17,4.2
1585,1591,Bikaner to Sikar,https://www.redbus.in/bus-tickets/bikaner-to-sikar,18,Maharaja Travels,NON AC Seater / Sleeper 2+1,22:45,04h 15m,03:00,3.1,280.0,18,4.2
1586,1592,Bangalore to Kadiri,https://www.redbus.in/bus-tickets/bangalore-to-kadiri,7,APSRTC - 52530,Express(Non AC Seater),16:15,04h 30m,20:45,3.7,205.0,42,4.5
1587,1593,Bangalore to Kadiri,https://www.redbus.in/bus-tickets/bangalore-to-kadiri,7,APSRTC - 52532,Express(Non AC Seater),17:30,04h 30m,22:00,3.7,205.0,42,4.5
1588,1594,Bangalore to Kadiri,https://www.redbus.in/bus-tickets/bangalore-to-kadiri,7,APSRTC - 52533,Express(Non AC Seater),18:45,04h 45m,23:30,2.8,205.0,45,4.8
1589,1595,Bangalore to Kadiri,https://www.redbus.in/bus-tickets/bangalore-to-kadiri,7,APSRTC - 6160,Super Luxury (Non AC Seater 2+2 Push Back),19:15,04h 44m,23:59,2.3,301.0,30,4.7
1590,1596,Bangalore to Kadiri,https://www.redbus.in/bus-tickets/bangalore-to-kadiri,7,APSRTC - 6182,Super Luxury (Non AC Seater 2+2 Push Back),19:45,05h 00m,00:45,3.7,301.0,31,5.0
1591,1597,Bangalore to Kadiri,https://www.redbus.in/bus-tickets/bangalore-to-kadiri,7,Maheswari Travels,Non A/C Seater / Sleeper (2+1),20:00,06h 40m,02:40,3.8,499.0,22,6.7
1592,1598,Bangalore to Kadiri,https://www.redbus.in/bus-tickets/bangalore-to-kadiri,7,Indu Travels,Non A/C Seater / Sleeper (2+1),20:30,05h 45m,02:15,3.2,499.0,20,5.8
1593,1599,Bangalore to Kadiri,https://www.redbus.in/bus-tickets/bangalore-to-kadiri,7,Vasavi travels,Non A/C Seater / Sleeper (2+1),20:30,05h 30m,02:00,3.7,550.0,17,5.5
1594,1600,Bangalore to Kadiri,https://www.redbus.in/bus-tickets/bangalore-to-kadiri,7,AR & BCVR Travels,Non A/C Seater / Sleeper (2+1),21:00,06h 00m,03:00,3.4,550.0,30,6.0
1595,1601,Bangalore to Kadiri,https://www.redbus.in/bus-tickets/bangalore-to-kadiri,7,Indu Travels,Non A/C Seater / Sleeper (2+1),20:00,06h 15m,02:15,2.9,499.0,15,6.2
1596,1602,Chandigarh to Vrindavan,https://www.redbus.in/bus-tickets/chandigarh-to-vrindavan,8,Chandigarh Transport Undertaking (CTU) - 165938,HVAC Seater (2+3),20:00,09h 45m,05:45,4.0,624.77,41,9.8
1597,1603,Chandigarh to Vrindavan,https://www.redbus.in/bus-tickets/chandigarh-to-vrindavan,8,NAYAR TRAVELS (OPC) PVT LTD,A/C Sleeper (2+1),16:30,06h 30m,23:00,2.2,1549.0,22,6.5
1598,1604,Jaipur (Rajasthan) to Jodhpur,https://www.redbus.in/bus-tickets/jaipur-to-jodhpur,18,RSRTC - 188525,Super Luxury Volvo AC Seater Pushback 2+2,16:30,06h 15m,22:45,3.7,740.0,16,6.2
1599,1605,Jaipur (Rajasthan) to Jodhpur,https://www.redbus.in/bus-tickets/jaipur-to-jodhpur,18,RSRTC - 169316,Express Non AC Seater 2+3,17:20,06h 55m,00:15,3.7,363.0,42,6.9
1600,1606,Jaipur (Rajasthan) to Jodhpur,https://www.redbus.in/bus-tickets/jaipur-to-jodhpur,18,RSRTC - 163512,Express Non AC Seater 2+3,18:00,07h 30m,01:30,3.7,363.0,42,7.5
1601,1607,Jaipur (Rajasthan) to Jodhpur,https://www.redbus.in/bus-tickets/jaipur-to-jodhpur,18,RSRTC - 189582,NON AC Seater / Sleeper 2+1,20:01,07h 29m,03:30,3.7,448.0,11,7.5
1602,1608,Jaipur (Rajasthan) to Jodhpur,https://www.redbus.in/bus-tickets/jaipur-to-jodhpur,18,RSRTC - 190961,NON AC Seater / Sleeper 2+1,20:40,08h 00m,04:40,3.7,448.0,37,8.0
1603,1609,Jaipur (Rajasthan) to Jodhpur,https://www.redbus.in/bus-tickets/jaipur-to-jodhpur,18,RSRTC - 163517,Express Non AC Seater 2+3,21:05,07h 55m,05:00,3.7,356.0,42,7.9
1604,1610,Jaipur (Rajasthan) to Jodhpur,https://www.redbus.in/bus-tickets/jaipur-to-jodhpur,18,RSRTC - 178948,Super Luxury Volvo AC Seater Pushback 2+2,22:31,06h 14m,04:45,4.4,740.0,36,6.2
1605,1611,Jaipur (Rajasthan) to Jodhpur,https://www.redbus.in/bus-tickets/jaipur-to-jodhpur,18,RSRTC - 187138,NON AC Seater / Sleeper 2+1,23:20,07h 10m,06:30,3.2,448.0,35,7.2
1606,1612,Jaipur (Rajasthan) to Jodhpur,https://www.redbus.in/bus-tickets/jaipur-to-jodhpur,18,RSRTC - 170972,Super Luxury Volvo AC Seater Pushback 2+2,23:59,06h 16m,06:15,4.0,740.0,35,6.3
1607,1613,Jaipur (Rajasthan) to Jodhpur,https://www.redbus.in/bus-tickets/jaipur-to-jodhpur,18,Jain travels regd,A/C Seater / Sleeper (2+1),22:30,06h 35m,05:05,4.6,450.0,34,6.6
1608,1614,Jaipur (Rajasthan) to Jodhpur,https://www.redbus.in/bus-tickets/jaipur-to-jodhpur,18,Gajraj Travels,A/C Sleeper (2+1),22:15,07h 20m,05:35,4.6,600.0,21,7.3
1609,1615,Jaipur (Rajasthan) to Jodhpur,https://www.redbus.in/bus-tickets/jaipur-to-jodhpur,18,Jain travels regd,A/C Seater / Sleeper (2+1),23:00,07h 00m,06:00,4.3,450.0,35,7.0
1610,1616,Jaipur (Rajasthan) to Jodhpur,https://www.redbus.in/bus-tickets/jaipur-to-jodhpur,18,M R Travels,Bharat Benz A/C Sleeper (2+1),22:30,07h 00m,05:30,4.4,600.0,22,7.0
1611,1617,Jaipur (Rajasthan) to Jodhpur,https://www.redbus.in/bus-tickets/jaipur-to-jodhpur,18,Jain travels regd,NON AC Seater / Sleeper 2+1,21:45,07h 15m,05:00,3.8,350.0,33,7.2
1612,1618,Jaipur (Rajasthan) to Jodhpur,https://www.redbus.in/bus-tickets/jaipur-to-jodhpur,18,M R Travels,A/C Seater / Sleeper (2+1),23:25,06h 45m,06:10,3.8,500.0,29,6.8
1613,1619,Jaipur (Rajasthan) to Jodhpur,https://www.redbus.in/bus-tickets/jaipur-to-jodhpur,18,Jain travels regd,NON AC Seater/ Sleeper (2+1),23:15,07h 15m,06:30,3.1,350.0,39,7.2
1614,1620,Jaipur (Rajasthan) to Jodhpur,https://www.redbus.in/bus-tickets/jaipur-to-jodhpur,18,Shri Ganesh Travels,A/C Seater / Sleeper (2+1),18:30,07h 00m,01:30,4.7,450.0,20,7.0
1615,1621,Jaipur (Rajasthan) to Jodhpur,https://www.redbus.in/bus-tickets/jaipur-to-jodhpur,18,Jakhar Travels,A/C Seater / Sleeper (2+1),21:00,07h 00m,04:00,4.0,429.0,24,7.0
1616,1622,Jaipur (Rajasthan) to Jodhpur,https://www.redbus.in/bus-tickets/jaipur-to-jodhpur,18,Jain Shiv Shankar Travels,NON A/C Seater/ Sleeper (2+1),21:30,07h 15m,04:45,3.5,350.0,38,7.2
1617,1623,Moran to Tezpur,https://www.redbus.in/bus-tickets/moran-to-tezpur,3,Aniruddha Travels,NON A/C Seater/ Sleeper (2+1),20:45,07h 15m,04:00,2.7,550.0,36,7.2
1618,1624,Moran to Tezpur,https://www.redbus.in/bus-tickets/moran-to-tezpur,3,Maa Laxmi,NON A/C Seater Push Back (2+1),18:30,06h 30m,01:00,2.8,500.0,36,6.5
1619,1625,Moran to Tezpur,https://www.redbus.in/bus-tickets/moran-to-tezpur,3,SANJEEBANI TRAVELS,Non A/C Seater / Sleeper (2+1),20:15,06h 45m,03:00,New,600.0,39,6.8
1620,1626,Moran to Tezpur,https://www.redbus.in/bus-tickets/moran-to-tezpur,3,Neha Travels,Non AC Seater (2+1),18:00,09h 15m,03:15,2.3,650.0,35,9.2
1621,1627,Moran to Tezpur,https://www.redbus.in/bus-tickets/moran-to-tezpur,3,Neha Travels,NON A/C Seater (2+2),18:30,10h 30m,05:00,2.3,650.0,30,10.5
1622,1628,Kolkata to Islampur (West Bengal),https://www.redbus.in/bus-tickets/kolkata-to-islampur-west-bengal,1,NORTH BENGAL STATE TRANSPORT CORPORATION,Non AC Seater (2+3),15:00,12h 15m,03:15,3.4,390.0,48,12.2
1623,1629,Kolkata to Islampur (West Bengal),https://www.redbus.in/bus-tickets/kolkata-to-islampur-west-bengal,1,NBSTC-KOL-APD-E1-19:00,Non AC Seater (2+3),16:00,12h 20m,04:20,3.4,390.0,44,12.3
1624,1630,Kolkata to Islampur (West Bengal),https://www.redbus.in/bus-tickets/kolkata-to-islampur-west-bengal,1,NBSTC-KOL-COB-R1-17:00,Non AC Seater 2+2,17:00,11h 30m,04:30,4.4,425.0,24,11.5
1625,1631,Kolkata to Islampur (West Bengal),https://www.redbus.in/bus-tickets/kolkata-to-islampur-west-bengal,1,NBSTC-KOL-SLG-R1-18:00,NON A/C Seater Push Back (2+2),18:00,10h 00m,04:00,2.4,425.0,18,10.0
1626,1632,Kolkata to Islampur (West Bengal),https://www.redbus.in/bus-tickets/kolkata-to-islampur-west-bengal,1,Shyamoli Paribahan Pvt Ltd,Volvo Multi-Axle A/C Seater/Sleeper (2+1),19:30,12h 10m,07:40,4.6,1200.0,61,12.2
1627,1633,Kolkata to Islampur (West Bengal),https://www.redbus.in/bus-tickets/kolkata-to-islampur-west-bengal,1,Rubi Paribahan  ,Volvo 9600 Multi-Axle A/C Sleeper (2+1),19:00,12h 00m,07:00,4.1,1500.0,24,12.0
1628,1634,Kolkata to Islampur (West Bengal),https://www.redbus.in/bus-tickets/kolkata-to-islampur-west-bengal,1,Express Line,Volvo 9600 Multi-Axle A/C Sleeper (2+1),18:30,12h 10m,06:40,4.0,1199.0,19,12.2
1629,1635,Kolkata to Islampur (West Bengal),https://www.redbus.in/bus-tickets/kolkata-to-islampur-west-bengal,1,EASY RIDE,Volvo 9600 Multi-Axle A/C Sleeper (2+1),18:45,12h 00m,06:45,4.7,1500.0,22,12.0
1630,1636,Kolkata to Islampur (West Bengal),https://www.redbus.in/bus-tickets/kolkata-to-islampur-west-bengal,1,Modern Travels,Bharat Benz A/C Seater /Sleeper (2+1),18:30,11h 50m,06:20,4.3,850.0,40,11.8
1631,1637,Kolkata to Islampur (West Bengal),https://www.redbus.in/bus-tickets/kolkata-to-islampur-west-bengal,1,Shyamoli Paribahan Pvt Ltd,Volvo 9600 Multi-Axle A/C Sleeper (2+1),18:00,12h 10m,06:10,4.6,1500.0,27,12.2
1632,1638,Kolkata to Islampur (West Bengal),https://www.redbus.in/bus-tickets/kolkata-to-islampur-west-bengal,1,Aradhana Bus Service,NON A/C Seater / Sleeper (2+2),16:45,13h 15m,06:00,2.4,713.0,33,13.2
1633,1639,Delhi to Shahjahanpur (Uttar Pradesh),https://www.redbus.in/bus-tickets/delhi-to-shahjahanpur,2,UPSRTC - HDD0085,Ordinary Non AC Seater 2+3,16:06,10h 35m,02:41,3.3,580.0,52,10.6
1634,1640,Delhi to Shahjahanpur (Uttar Pradesh),https://www.redbus.in/bus-tickets/delhi-to-shahjahanpur,2,UPSRTC - SJP0284,Ordinary Non AC Seater 2+3,16:20,07h 20m,23:40,3.3,584.0,52,7.3
1635,1641,Delhi to Shahjahanpur (Uttar Pradesh),https://www.redbus.in/bus-tickets/delhi-to-shahjahanpur,2,UPSRTC - HDD0090,Ordinary Non AC Seater 2+3,17:04,12h 52m,05:56,3.3,580.0,52,12.9
1636,1642,Delhi to Shahjahanpur (Uttar Pradesh),https://www.redbus.in/bus-tickets/delhi-to-shahjahanpur,2,UPSRTC - SJP0290,Ordinary Non AC Seater 2+3,18:00,07h 20m,01:20,3.3,584.0,52,7.3
1637,1643,Delhi to Shahjahanpur (Uttar Pradesh),https://www.redbus.in/bus-tickets/delhi-to-shahjahanpur,2,UPSRTC - HDD0082,Ordinary Non AC Seater 2+3,18:02,08h 20m,02:22,3.3,564.0,52,8.3
1638,1644,Delhi to Shahjahanpur (Uttar Pradesh),https://www.redbus.in/bus-tickets/delhi-to-shahjahanpur,2,UPSRTC - HDD0092,Ordinary Non AC Seater 2+3,18:20,07h 38m,01:58,3.3,535.0,52,7.6
1639,1645,Delhi to Shahjahanpur (Uttar Pradesh),https://www.redbus.in/bus-tickets/delhi-to-shahjahanpur,2,UPSRTC - HDD0113,Rajdhani Non AC Seater 2+3,18:31,08h 14m,02:45,3.3,564.0,51,8.2
1640,1646,Delhi to Shahjahanpur (Uttar Pradesh),https://www.redbus.in/bus-tickets/delhi-to-shahjahanpur,2,UPSRTC - HDD0095,Ordinary Non AC Seater 2+3,19:02,09h 53m,04:55,3.3,580.0,52,9.9
1641,1647,Delhi to Shahjahanpur (Uttar Pradesh),https://www.redbus.in/bus-tickets/delhi-to-shahjahanpur,2,UPSRTC - HDD0145,Ordinary Non AC Seater 2+3,19:02,09h 35m,04:37,3.3,564.0,52,9.6
1642,1648,Delhi to Shahjahanpur (Uttar Pradesh),https://www.redbus.in/bus-tickets/delhi-to-shahjahanpur,2,UPSRTC - HDD0069,Ordinary Non AC Seater 2+3,19:29,08h 43m,04:12,3.3,580.0,52,8.7
1643,1649,Delhi to Shahjahanpur (Uttar Pradesh),https://www.redbus.in/bus-tickets/delhi-to-shahjahanpur,2,UPSRTC - SJP0202,Ordinary Non AC Seater 2+3,19:40,07h 21m,03:01,3.3,584.0,52,7.3
1644,1650,Delhi to Shahjahanpur (Uttar Pradesh),https://www.redbus.in/bus-tickets/delhi-to-shahjahanpur,2,UPSRTC - HDD0031,Ordinary Non AC Seater 2+3,19:45,09h 15m,05:00,3.3,580.0,52,9.2
1645,1651,Delhi to Shahjahanpur (Uttar Pradesh),https://www.redbus.in/bus-tickets/delhi-to-shahjahanpur,2,UPSRTC - SJP0206,Ordinary Non AC Seater 2+3,19:47,07h 20m,03:07,3.3,584.0,52,7.3
1646,1652,Delhi to Shahjahanpur (Uttar Pradesh),https://www.redbus.in/bus-tickets/delhi-to-shahjahanpur,2,UPSRTC - HDD0105,Rajdhani Non AC Seater 2+3,20:00,08h 10m,04:10,3.3,564.0,51,8.2
1647,1653,Delhi to Shahjahanpur (Uttar Pradesh),https://www.redbus.in/bus-tickets/delhi-to-shahjahanpur,2,UPSRTC - LKM0400,Shatabdi AC Seater 2+2,20:02,07h 16m,03:18,3.3,768.0,37,7.3
1648,1654,Delhi to Shahjahanpur (Uttar Pradesh),https://www.redbus.in/bus-tickets/delhi-to-shahjahanpur,2,UPSRTC - HDD0147,Ordinary Non AC Seater 2+3,20:03,08h 17m,04:20,3.3,580.0,52,8.3
1649,1655,Delhi to Shahjahanpur (Uttar Pradesh),https://www.redbus.in/bus-tickets/delhi-to-shahjahanpur,2,UPSRTC - SJP0213,Ordinary Non AC Seater 2+3,20:42,07h 20m,04:02,3.3,584.0,52,7.3
1650,1656,Delhi to Shahjahanpur (Uttar Pradesh),https://www.redbus.in/bus-tickets/delhi-to-shahjahanpur,2,UPSRTC - KSB0039,Janrath AC Seater 2+2,20:45,06h 25m,03:10,1.9,768.0,36,6.4
1651,1657,Delhi to Shahjahanpur (Uttar Pradesh),https://www.redbus.in/bus-tickets/delhi-to-shahjahanpur,2,UPSRTC - SJP0215,Ordinary Non AC Seater 2+3,20:57,07h 20m,04:17,3.3,584.0,52,7.3
1652,1658,Delhi to Shahjahanpur (Uttar Pradesh),https://www.redbus.in/bus-tickets/delhi-to-shahjahanpur,2,UPSRTC - SJP0210,Ordinary Non AC Seater 2+3,21:12,07h 20m,04:32,3.3,584.0,52,7.3
1653,1659,Delhi to Shahjahanpur (Uttar Pradesh),https://www.redbus.in/bus-tickets/delhi-to-shahjahanpur,2,UPSRTC - GLA0142,Janrath AC Seater 2+2,21:19,06h 46m,04:05,3.3,791.0,36,6.8
1654,1660,Delhi to Shahjahanpur (Uttar Pradesh),https://www.redbus.in/bus-tickets/delhi-to-shahjahanpur,2,UPSRTC - SJP0220,Ordinary Non AC Seater 2+3,21:22,07h 20m,04:42,3.3,584.0,52,7.3
1655,1661,Delhi to Shahjahanpur (Uttar Pradesh),https://www.redbus.in/bus-tickets/delhi-to-shahjahanpur,2,UPSRTC - SJP0227,Ordinary Non AC Seater 2+3,22:02,07h 20m,05:22,3.3,584.0,52,7.3
1656,1662,Delhi to Shahjahanpur (Uttar Pradesh),https://www.redbus.in/bus-tickets/delhi-to-shahjahanpur,2,UPSRTC - SJP0244,Ordinary Non AC Seater 2+3,22:32,07h 20m,05:52,3.3,584.0,52,7.3
1657,1663,Delhi to Shahjahanpur (Uttar Pradesh),https://www.redbus.in/bus-tickets/delhi-to-shahjahanpur,2,UPSRTC - SJP0250,Ordinary Non AC Seater 2+3,23:02,07h 20m,06:22,3.3,584.0,52,7.3
1658,1664,Delhi to Shahjahanpur (Uttar Pradesh),https://www.redbus.in/bus-tickets/delhi-to-shahjahanpur,2,R S YADAV SMART BUS PRIVATE LIMITED,VE A/C Sleeper (2+1),22:15,07h 00m,05:15,4.5,759.0,28,7.0
1659,1665,Chandigarh to Una (Himachal Pradesh),https://www.redbus.in/bus-tickets/chandigarh-to-una,8,HRTC - 1514,Ordinary 3+2 Non AC Seater,16:00,03h 15m,19:15,3.9,162.0,37,3.2
1660,1666,Chandigarh to Una (Himachal Pradesh),https://www.redbus.in/bus-tickets/chandigarh-to-una,8,HRTC - 1533,Himsuta AC Seater Volvo/Scania 2+2,17:25,02h 25m,19:50,3.9,298.0,33,2.4
1661,1667,Chandigarh to Una (Himachal Pradesh),https://www.redbus.in/bus-tickets/chandigarh-to-una,8,HRTC - 1528,Ordinary 3+2 Non AC Seater,18:40,02h 20m,21:00,4.5,162.0,29,2.3
1662,1668,Chandigarh to Una (Himachal Pradesh),https://www.redbus.in/bus-tickets/chandigarh-to-una,8,HRTC - 1285,Ordinary 3+2 Non AC Seater,18:40,03h 20m,22:00,3.9,162.0,37,3.3
1663,1669,Chandigarh to Una (Himachal Pradesh),https://www.redbus.in/bus-tickets/chandigarh-to-una,8,HRTC - 1227,Ordinary 3+2 Non AC Seater,19:30,02h 15m,21:45,3.9,162.0,37,2.2
1664,1670,Chandigarh to Una (Himachal Pradesh),https://www.redbus.in/bus-tickets/chandigarh-to-una,8,HRTC - 1505,Ordinary 3+2 Non AC Seater,20:16,03h 14m,23:30,3.9,162.0,36,3.2
1665,1671,Chandigarh to Una (Himachal Pradesh),https://www.redbus.in/bus-tickets/chandigarh-to-una,8,HRTC - 1537,Ordinary 3+2 Non AC Seater,21:00,03h 10m,00:10,3.9,158.0,24,3.2
1666,1672,Chandigarh to Una (Himachal Pradesh),https://www.redbus.in/bus-tickets/chandigarh-to-una,8,HRTC - 91,Himsuta AC Seater Volvo/Scania 2+2,22:10,03h 00m,01:10,3.9,303.0,32,3.0
1667,1673,Chandigarh to Una (Himachal Pradesh),https://www.redbus.in/bus-tickets/chandigarh-to-una,8,HRTC - 215,Ordinary 3+2 Non AC Seater,22:30,02h 50m,01:20,3.9,157.0,27,2.8
1668,1674,Chandigarh to Una (Himachal Pradesh),https://www.redbus.in/bus-tickets/chandigarh-to-una,8,Chandigarh Transport Undertaking (CTU) - 165967,HVAC Seater (2+3),16:30,03h 00m,19:30,4.4,206.67,46,3.0
1669,1675,Chandigarh to Una (Himachal Pradesh),https://www.redbus.in/bus-tickets/chandigarh-to-una,8,Laxmi holidays,Scania Multi-Axle AC Semi Sleeper (2+2),23:55,02h 35m,02:30,4.3,599.0,4,2.6
1670,1676,Chandigarh to Una (Himachal Pradesh),https://www.redbus.in/bus-tickets/chandigarh-to-una,8,Laxmi holidays,Volvo 9600 A/C Semi Sleeper (2+2),23:55,02h 45m,02:40,4.3,599.0,15,2.8
1671,1677,Kozhikode to Ernakulam,https://www.redbus.in/bus-tickets/kozhikode-to-ernakulam,6,KSRTC (Kerala) - 2544,Super Express Non AC Seater Air Bus (2+2),16:00,05h 30m,21:30,3.0,309.0,23,5.5
1672,1678,Kozhikode to Ernakulam,https://www.redbus.in/bus-tickets/kozhikode-to-ernakulam,6,KSRTC (Kerala) - 1883,Low Floor AC Seater 2+2,16:30,05h 39m,22:09,3.3,383.0,6,5.7
1673,1679,Kozhikode to Ernakulam,https://www.redbus.in/bus-tickets/kozhikode-to-ernakulam,6,KSRTC (Kerala) - 503,Super Express Non AC Seater Air Bus (2+2),17:42,04h 18m,22:00,2.9,309.0,5,4.3
1674,1680,Kozhikode to Ernakulam,https://www.redbus.in/bus-tickets/kozhikode-to-ernakulam,6,KSRTC (Kerala) - 556,Super Express Non AC Seater Air Bus (2+2),18:00,04h 50m,22:50,1.7,309.0,20,4.8
1675,1681,Kozhikode to Ernakulam,https://www.redbus.in/bus-tickets/kozhikode-to-ernakulam,6,KSRTC (Kerala) - 1872,Low Floor AC Seater 2+2,18:30,05h 14m,23:44,3.4,383.0,9,5.2
1676,1682,Kozhikode to Ernakulam,https://www.redbus.in/bus-tickets/kozhikode-to-ernakulam,6,KSRTC (Kerala) - 467,Super Express Non AC Seater Air Bus (2+2),19:55,04h 40m,00:35,1.2,309.0,29,4.7
1677,1683,Kozhikode to Ernakulam,https://www.redbus.in/bus-tickets/kozhikode-to-ernakulam,6,KSRTC (Kerala) - 564,Super Express Non AC Seater Air Bus (2+2),20:12,04h 39m,00:51,3.2,309.0,26,4.7
1678,1684,Kozhikode to Ernakulam,https://www.redbus.in/bus-tickets/kozhikode-to-ernakulam,6,KSRTC (Kerala) - 46,Swift Deluxe Non AC Air Bus (2+2),20:25,04h 36m,01:01,3.0,309.0,19,4.6
1679,1685,Kozhikode to Ernakulam,https://www.redbus.in/bus-tickets/kozhikode-to-ernakulam,6,KSRTC (Kerala) - 2393,Low Floor AC Seater 2+2,20:30,05h 14m,01:44,3.0,383.0,16,5.2
1680,1686,Kozhikode to Ernakulam,https://www.redbus.in/bus-tickets/kozhikode-to-ernakulam,6,KSRTC (Kerala) - 827,Super Fast Non AC Seater (2+3),21:00,05h 35m,02:35,3.6,269.0,46,5.6
1681,1687,Kozhikode to Ernakulam,https://www.redbus.in/bus-tickets/kozhikode-to-ernakulam,6,A1 Travels,NON A/C Semi Sleeper (2+2),21:00,04h 30m,01:30,4.2,450.0,15,4.5
1682,1688,Kozhikode to Ernakulam,https://www.redbus.in/bus-tickets/kozhikode-to-ernakulam,6,BLM Transports,A/C Sleeper (2+1),22:00,04h 45m,02:45,3.9,922.0,12,4.8
1683,1689,Kozhikode to Ernakulam,https://www.redbus.in/bus-tickets/kozhikode-to-ernakulam,6,A1 Travels,Bharat Benz A/C Seater /Sleeper (2+1),22:15,03h 30m,01:45,4.1,600.0,6,3.5
1684,1690,Kozhikode to Ernakulam,https://www.redbus.in/bus-tickets/kozhikode-to-ernakulam,6,Madhavi Travels,A/C Sleeper (2+1),22:20,04h 15m,02:35,3.9,949.0,8,4.2
1685,1691,Kozhikode to Ernakulam,https://www.redbus.in/bus-tickets/kozhikode-to-ernakulam,6,A1 Travels,Bharat Benz A/C Seater /Sleeper (2+1),22:30,02h 59m,01:29,3.3,750.0,8,3.0
1686,1692,Kozhikode to Ernakulam,https://www.redbus.in/bus-tickets/kozhikode-to-ernakulam,6,A1 Travels,Bharat Benz A/C Sleeper (2+1),23:30,03h 45m,03:15,3.2,900.0,24,3.8
1687,1693,Kozhikode to Ernakulam,https://www.redbus.in/bus-tickets/kozhikode-to-ernakulam,6,Sonia Travels,A/C Seater/Sleeper (2+1),23:30,04h 59m,04:29,4.2,700.0,23,5.0
1688,1694,Kozhikode to Ernakulam,https://www.redbus.in/bus-tickets/kozhikode-to-ernakulam,6,Sonia Travels,A/C Semi Sleeper (2+2),23:45,03h 45m,03:30,4.2,600.0,34,3.8
1689,1695,Kozhikode to Ernakulam,https://www.redbus.in/bus-tickets/kozhikode-to-ernakulam,6,Surya Connect,Volvo A/C Semi Sleeper (2+2),23:55,05h 20m,05:15,4.8,580.0,22,5.3
1690,1696,Kozhikode to Ernakulam,https://www.redbus.in/bus-tickets/kozhikode-to-ernakulam,6,Cochin Express,Volvo Multi-Axle B9R A/c Semi Sleeper (2+2),23:59,06h 16m,06:15,3.2,667.0,12,6.3
1691,1697,Kolkata to Kirnahar (West Bengal),https://www.redbus.in/bus-tickets/kolkata-to-kirnahar-west-bengal,12,SBSTC-KOLKATA - LANGALHATA - 15:15 (BWN DEPOT) - 1849,Non AC Seater (2+3),15:15,05h 30m,20:45,4.3,150.0,43,5.5
1692,1698,Kolkata to Kirnahar (West Bengal),https://www.redbus.in/bus-tickets/kolkata-to-kirnahar-west-bengal,12,SBSTC-KOLKATA - LABPUR - 16:35 (HWH DEPOT) - 3238,Non AC Seater (2+3),16:35,05h 30m,22:05,3.0,150.0,41,5.5
1693,1699,Dibrugarh to Biswanath Charali,https://www.redbus.in/bus-tickets/dibrugarh-to-biswanath-charali,3,Air Bus Travels,NON AC Seater / Sleeper 2+1,19:40,09h 20m,05:00,3.8,500.0,32,9.3
1694,1700,Delhi to Moradabad,https://www.redbus.in/bus-tickets/delhi-to-moradabad,2,UPSRTC - HDD0085,Ordinary Non AC Seater 2+3,16:06,05h 54m,22:00,3.3,294.0,52,5.9
1695,1701,Delhi to Moradabad,https://www.redbus.in/bus-tickets/delhi-to-moradabad,2,UPSRTC - HDD0090,Ordinary Non AC Seater 2+3,17:04,05h 05m,22:09,3.3,294.0,52,5.1
1696,1702,Delhi to Moradabad,https://www.redbus.in/bus-tickets/delhi-to-moradabad,2,UPSRTC - HDD0082,Ordinary Non AC Seater 2+3,18:02,03h 38m,21:40,3.3,294.0,52,3.6
1697,1703,Delhi to Moradabad,https://www.redbus.in/bus-tickets/delhi-to-moradabad,2,UPSRTC - HDD0092,Ordinary Non AC Seater 2+3,18:20,03h 40m,22:00,3.3,265.0,52,3.7
1698,1704,Delhi to Moradabad,https://www.redbus.in/bus-tickets/delhi-to-moradabad,2,UPSRTC - HDD0113,Rajdhani Non AC Seater 2+3,18:31,04h 29m,23:00,3.3,294.0,51,4.5
1699,1705,Delhi to Moradabad,https://www.redbus.in/bus-tickets/delhi-to-moradabad,2,UPSRTC - HDD0095,Ordinary Non AC Seater 2+3,19:02,03h 58m,23:00,3.3,294.0,52,4.0
1700,1706,Delhi to Moradabad,https://www.redbus.in/bus-tickets/delhi-to-moradabad,2,UPSRTC - HDD0145,Ordinary Non AC Seater 2+3,19:02,05h 18m,00:20,3.3,294.0,52,5.3
1701,1707,Delhi to Moradabad,https://www.redbus.in/bus-tickets/delhi-to-moradabad,2,UPSRTC - HDD0069,Ordinary Non AC Seater 2+3,19:29,02h 33m,22:02,3.3,294.0,52,2.5
1702,1708,Delhi to Moradabad,https://www.redbus.in/bus-tickets/delhi-to-moradabad,2,UPSRTC - HDD0031,Ordinary Non AC Seater 2+3,19:45,05h 15m,01:00,3.3,294.0,52,5.2
1703,1709,Delhi to Moradabad,https://www.redbus.in/bus-tickets/delhi-to-moradabad,2,UPSRTC - HDD0105,Rajdhani Non AC Seater 2+3,20:00,03h 50m,23:50,3.3,294.0,51,3.8
1704,1710,Delhi to Moradabad,https://www.redbus.in/bus-tickets/delhi-to-moradabad,2,R S YADAV SMART BUS PRIVATE LIMITED,A/C Seater / Sleeper (2+1),22:00,04h 25m,02:25,4.3,569.0,31,4.4
1705,1711,Delhi to Moradabad,https://www.redbus.in/bus-tickets/delhi-to-moradabad,2,R S YADAV SMART BUS PRIVATE LIMITED,VE A/C Sleeper (2+1),22:15,04h 00m,02:15,4.3,759.0,32,4.0
1706,1712,Delhi to Moradabad,https://www.redbus.in/bus-tickets/delhi-to-moradabad,2,Fasttrack Travels,VE A/C Seater / Sleeper (2+2),22:30,03h 20m,01:50,4.7,599.0,15,3.3
1707,1713,Delhi to Moradabad,https://www.redbus.in/bus-tickets/delhi-to-moradabad,2,India Tours & Travels (GetBookCab),A/C Seater / Sleeper (2+2),22:45,02h 25m,01:10,4.7,550.0,32,2.4
1708,1714,Delhi to Moradabad,https://www.redbus.in/bus-tickets/delhi-to-moradabad,2,Satlok express,A/C Seater / Sleeper (2+1),22:45,04h 01m,02:46,3.0,800.0,43,4.0
1709,1715,Delhi to Moradabad,https://www.redbus.in/bus-tickets/delhi-to-moradabad,2,India Tours & Travels (GetBookCab),A/C Seater / Sleeper (2+2),23:00,04h 00m,03:00,4.7,345.0,39,4.0
1710,1716,Delhi to Moradabad,https://www.redbus.in/bus-tickets/delhi-to-moradabad,2,India Tours & Travels (GetBookCab),A/C Seater / Sleeper (2+2),23:00,01h 55m,00:55,4.7,434.0,25,1.9
1711,1717,Delhi to Moradabad,https://www.redbus.in/bus-tickets/delhi-to-moradabad,2,ROYAL SAFARI INDIA TRAVELS,Bharat Benz A/C Seater /Sleeper (2+1),22:30,04h 00m,02:30,2.4,799.0,21,4.0
1712,1718,Delhi to Moradabad,https://www.redbus.in/bus-tickets/delhi-to-moradabad,2,VIP LUXURY TRIPS,A/C Seater / Sleeper (2+2),22:45,04h 15m,03:00,1.7,719.0,44,4.2
1713,1719,Delhi to Moradabad,https://www.redbus.in/bus-tickets/delhi-to-moradabad,2,Shri Bawa Lal Tour and Travels,A/C Seater/Sleeper (2+1),23:00,01h 29m,00:29,New,599.0,31,1.5
1714,1720,Durgapur (West Bengal) to Bankura,https://www.redbus.in/bus-tickets/durgapur-to-bankura,12,SBSTC-DURGAPUR - MANBAZAR - 14:45 (MAN BZR) - 3615,Non AC Seater (2+3),15:20,08h 40m,00:00,3.0,48.0,46,8.7
1715,1721,Durgapur (West Bengal) to Bankura,https://www.redbus.in/bus-tickets/durgapur-to-bankura,12,SBSTC-KOLKATA - PURULIA - VIA - BANKURA - 13:00 (PRL DEP - 290,Non AC Seater (2+3),16:00,01h 00m,17:00,3.0,53.0,21,1.0
1716,1722,Durgapur (West Bengal) to Bankura,https://www.redbus.in/bus-tickets/durgapur-to-bankura,12,SBSTC-DURGAPUR - MANBAZAR - 16:10 (MAN BZR) - 3616,Non AC Seater (2+3),16:10,01h 00m,17:10,3.0,53.0,52,1.0
1717,1723,Durgapur (West Bengal) to Bankura,https://www.redbus.in/bus-tickets/durgapur-to-bankura,12,SBSTC-KARUNAMOYEE - BANKURA - A/C - 15:15 (BNK DEPOT) - 1524,AC Seater (2+2),19:30,04h 30m,00:00,3.8,70.0,21,4.5
1718,1724,Durgapur (West Bengal) to Bankura,https://www.redbus.in/bus-tickets/durgapur-to-bankura,12,Dolphin tours and travels,A/C Seater / Sleeper (2+1),17:45,01h 15m,19:00,3.8,806.0,7,1.2
1719,1725,Dharamshala (Himachal Pradesh) to Chandigarh,https://www.redbus.in/bus-tickets/dharamshala-to-chandigarh,8,HRTC - 902,Ordinary 3+2 Non AC Seater,16:30,08h 55m,01:25,3.9,477.0,37,8.9
1720,1726,Dharamshala (Himachal Pradesh) to Chandigarh,https://www.redbus.in/bus-tickets/dharamshala-to-chandigarh,8,HRTC - 903,Himmani Deluxe 2+2 Non AC Seater,17:00,08h 00m,01:00,3.9,494.0,27,8.0
1721,1727,Dharamshala (Himachal Pradesh) to Chandigarh,https://www.redbus.in/bus-tickets/dharamshala-to-chandigarh,8,HRTC - 25,Himsuta AC Seater Volvo/Scania 2+2,17:35,07h 40m,01:15,3.9,807.0,34,7.7
1722,1728,Dharamshala (Himachal Pradesh) to Chandigarh,https://www.redbus.in/bus-tickets/dharamshala-to-chandigarh,8,HRTC - 925,A/C Executive (2+3),18:00,08h 00m,02:00,3.9,501.0,44,8.0
1723,1729,Dharamshala (Himachal Pradesh) to Chandigarh,https://www.redbus.in/bus-tickets/dharamshala-to-chandigarh,8,HRTC - 903,Himmani Deluxe 2+2 Non AC Seater,18:00,07h 00m,01:00,3.9,470.0,27,7.0
1724,1730,Dharamshala (Himachal Pradesh) to Chandigarh,https://www.redbus.in/bus-tickets/dharamshala-to-chandigarh,8,HRTC - 25,Himsuta AC Seater Volvo/Scania 2+2,18:30,06h 45m,01:15,3.9,771.0,34,6.8
1725,1731,Dharamshala (Himachal Pradesh) to Chandigarh,https://www.redbus.in/bus-tickets/dharamshala-to-chandigarh,8,HRTC - 904,Himmani Deluxe 2+2 Non AC Seater,18:30,07h 00m,01:30,3.9,478.0,27,7.0
1726,1732,Dharamshala (Himachal Pradesh) to Chandigarh,https://www.redbus.in/bus-tickets/dharamshala-to-chandigarh,8,HRTC - 904,Himmani Deluxe 2+2 Non AC Seater,19:00,06h 30m,01:30,3.9,453.0,27,6.5
1727,1733,Dharamshala (Himachal Pradesh) to Chandigarh,https://www.redbus.in/bus-tickets/dharamshala-to-chandigarh,8,HRTC - 43,Himsuta AC Seater Volvo/Scania 2+2,19:00,06h 15m,01:15,3.9,792.0,34,6.2
1728,1734,Dharamshala (Himachal Pradesh) to Chandigarh,https://www.redbus.in/bus-tickets/dharamshala-to-chandigarh,8,HRTC - 13,Himsuta AC Seater Volvo/Scania 2+2,19:05,07h 10m,02:15,3.9,787.0,34,7.2
1729,1735,Dharamshala (Himachal Pradesh) to Chandigarh,https://www.redbus.in/bus-tickets/dharamshala-to-chandigarh,8,FlixBus,A/C Seater (2+2),18:00,06h 55m,00:55,5.0,411.0,27,6.9
1730,1736,Dharamshala (Himachal Pradesh) to Chandigarh,https://www.redbus.in/bus-tickets/dharamshala-to-chandigarh,8,Laxmi holidays,Volvo 9600 A/C Semi Sleeper (2+2),18:25,06h 35m,01:00,4.9,749.0,12,6.6
1731,1737,Dharamshala (Himachal Pradesh) to Chandigarh,https://www.redbus.in/bus-tickets/dharamshala-to-chandigarh,8,Laxmi holidays,Volvo 9600 A/C Semi Sleeper (2+2),18:30,06h 30m,01:00,4.7,749.0,15,6.5
1732,1738,Dharamshala (Himachal Pradesh) to Chandigarh,https://www.redbus.in/bus-tickets/dharamshala-to-chandigarh,8,Bedi Travels,Volvo 9600 Multi Axle Semi-Sleeper (2+2),18:45,06h 15m,01:00,4.9,585.0,6,6.2
1733,1739,Dharamshala (Himachal Pradesh) to Chandigarh,https://www.redbus.in/bus-tickets/dharamshala-to-chandigarh,8,Bedi Travels,Volvo 9600 Multi Axle Semi-Sleeper (2+2),19:00,06h 00m,01:00,5.0,585.0,6,6.0
1734,1740,Dharamshala (Himachal Pradesh) to Chandigarh,https://www.redbus.in/bus-tickets/dharamshala-to-chandigarh,8,Laxmi holidays,VE A/C Semi Sleeper (2+2),19:00,04h 55m,23:55,4.4,599.0,24,4.9
1735,1741,Dharamshala (Himachal Pradesh) to Chandigarh,https://www.redbus.in/bus-tickets/dharamshala-to-chandigarh,8,Ram Dalal Holidays,Volvo 9600 A/C Semi Sleeper (2+2),19:30,06h 00m,01:30,5.0,620.0,9,6.0
1736,1742,Dharamshala (Himachal Pradesh) to Chandigarh,https://www.redbus.in/bus-tickets/dharamshala-to-chandigarh,8,Ram Dalal Holidays,Volvo 9600 A/C Semi Sleeper (2+2),19:30,06h 00m,01:30,4.8,620.0,8,6.0
1737,1743,Dharamshala (Himachal Pradesh) to Chandigarh,https://www.redbus.in/bus-tickets/dharamshala-to-chandigarh,8,Zingbus Plus,Volvo A/C Semi Sleeper (2+2),19:30,05h 15m,00:45,4.6,534.0,29,5.2
1738,1744,Dharamshala (Himachal Pradesh) to Chandigarh,https://www.redbus.in/bus-tickets/dharamshala-to-chandigarh,8,New Himalaya Travels,Volvo A/C Semi Sleeper (2+2),19:30,05h 45m,01:15,4.0,550.0,21,5.8
1739,1745,Jalandhar to Delhi,https://www.redbus.in/bus-tickets/jalandhar-to-delhi,17,PEPSU (Punjab) - 67098,Volvo AC Seater (2+2),18:10,09h 15m,03:25,4.1,1007.0,27,9.2
1740,1746,Jalandhar to Delhi,https://www.redbus.in/bus-tickets/jalandhar-to-delhi,17,PEPSU (Punjab) - 67128,Volvo AC Seater (2+2),19:10,08h 40m,03:50,4.2,1007.0,29,8.7
1741,1747,Jalandhar to Delhi,https://www.redbus.in/bus-tickets/jalandhar-to-delhi,17,IntrCity SmartBus,Bharat Benz A/C Seater /Sleeper (2+1),23:10,07h 20m,06:30,4.8,335.0,26,7.3
1742,1748,Jalandhar to Delhi,https://www.redbus.in/bus-tickets/jalandhar-to-delhi,17,Yolo Bus,VE A/C Seater / Sleeper (2+1),23:26,07h 02m,06:28,4.6,400.0,24,7.0
1743,1749,Jalandhar to Delhi,https://www.redbus.in/bus-tickets/jalandhar-to-delhi,17,Zingbus Plus,Scania A/C Semi Sleeper (2+2),22:50,08h 30m,07:20,4.6,312.0,28,8.5
1744,1750,Jalandhar to Delhi,https://www.redbus.in/bus-tickets/jalandhar-to-delhi,17,AdNew Navyug Travels,A/C Sleeper (2+1),21:50,07h 40m,05:30,3.9,675.0,30,7.7
1745,1751,Jalandhar to Delhi,https://www.redbus.in/bus-tickets/jalandhar-to-delhi,17,Laxmi holidays,Bharat Benz A/C Seater /Sleeper (2+1),21:05,07h 40m,04:45,4.4,420.0,18,7.7
1746,1752,Jodhpur to Beawar (Rajasthan),https://www.redbus.in/bus-tickets/jodhpur-to-beawer,18,RSRTC - 190572,Express Non AC Seater 2+3,16:15,03h 15m,19:30,4.2,167.0,41,3.2
1747,1753,Jodhpur to Beawar (Rajasthan),https://www.redbus.in/bus-tickets/jodhpur-to-beawer,18,RSRTC - 175650,Super Luxury Volvo AC Seater Pushback 2+2,16:30,02h 45m,19:15,3.6,339.0,20,2.8
1748,1754,Jodhpur to Beawar (Rajasthan),https://www.redbus.in/bus-tickets/jodhpur-to-beawer,18,RSRTC - 184965,Express Non AC Seater 2+3,16:45,03h 20m,20:05,4.2,167.0,46,3.3
1749,1755,Jodhpur to Beawar (Rajasthan),https://www.redbus.in/bus-tickets/jodhpur-to-beawer,18,RSRTC - 160785,Super Luxury Volvo AC Seater Pushback 2+2,17:30,02h 45m,20:15,3.6,339.0,37,2.8
1750,1756,Jodhpur to Beawar (Rajasthan),https://www.redbus.in/bus-tickets/jodhpur-to-beawer,18,RSRTC - 190951,Express Non AC Seater 2+3,18:00,03h 15m,21:15,4.2,167.0,42,3.2
1751,1757,Jodhpur to Beawar (Rajasthan),https://www.redbus.in/bus-tickets/jodhpur-to-beawer,18,RSRTC - 193481,Express Non AC Seater 2+3,18:30,03h 00m,21:30,4.2,167.0,42,3.0
1752,1758,Jodhpur to Beawar (Rajasthan),https://www.redbus.in/bus-tickets/jodhpur-to-beawer,18,RSRTC - 187140,NON AC Seater / Sleeper 2+1,19:30,02h 50m,22:20,4.2,235.0,37,2.8
1753,1759,Jodhpur to Beawar (Rajasthan),https://www.redbus.in/bus-tickets/jodhpur-to-beawer,18,RSRTC - 176394,Super Luxury Volvo AC Seater Pushback 2+2,20:00,02h 30m,22:30,3.8,339.0,37,2.5
1754,1760,Jodhpur to Beawar (Rajasthan),https://www.redbus.in/bus-tickets/jodhpur-to-beawer,18,RSRTC - 189473,NON AC Seater / Sleeper 2+1,21:00,03h 30m,00:30,4.2,235.0,37,3.5
1755,1761,Jodhpur to Beawar (Rajasthan),https://www.redbus.in/bus-tickets/jodhpur-to-beawer,18,RSRTC - 192299,Super Luxury Volvo AC Seater Pushback 2+2,23:00,02h 30m,01:30,4.2,339.0,37,2.5
1756,1762,Jodhpur to Beawar (Rajasthan),https://www.redbus.in/bus-tickets/jodhpur-to-beawer,18,M R Travels,NON A/C Seater/ Sleeper (2+1),15:30,04h 00m,19:30,3.8,400.0,23,4.0
1757,1763,Jodhpur to Beawar (Rajasthan),https://www.redbus.in/bus-tickets/jodhpur-to-beawer,18,Jain travels regd,NON AC Seater / Sleeper 2+1,15:30,04h 00m,19:30,3.9,270.0,42,4.0
1758,1764,Jodhpur to Beawar (Rajasthan),https://www.redbus.in/bus-tickets/jodhpur-to-beawer,18,M R Travels,NON A/C Seater/ Sleeper (2+1),17:00,04h 25m,21:25,3.8,400.0,35,4.4
1759,1765,Jodhpur to Beawar (Rajasthan),https://www.redbus.in/bus-tickets/jodhpur-to-beawer,18,M R Travels,NON AC Seater / Sleeper 2+1,17:55,04h 20m,22:15,3.8,400.0,36,4.3
1760,1766,Jodhpur to Beawar (Rajasthan),https://www.redbus.in/bus-tickets/jodhpur-to-beawer,18,M R Travels,NON A/C Seater/ Sleeper (2+1),18:30,04h 00m,22:30,3.8,450.0,36,4.0
1761,1767,Jodhpur to Beawar (Rajasthan),https://www.redbus.in/bus-tickets/jodhpur-to-beawer,18,Jain travels regd,NON AC Seater/ Sleeper (2+1),19:00,03h 21m,22:21,3.9,270.0,36,3.4
1762,1768,Jodhpur to Beawar (Rajasthan),https://www.redbus.in/bus-tickets/jodhpur-to-beawer,18,FlixBus,A/C Sleeper (2+1),19:00,04h 00m,23:00,4.0,149.0,15,4.0
1763,1769,Jodhpur to Beawar (Rajasthan),https://www.redbus.in/bus-tickets/jodhpur-to-beawer,18,CHANDRA RAJ TRAVELS,A/C Seater / Sleeper (2+1),19:00,05h 45m,00:45,3.3,370.0,36,5.8
1764,1770,Jodhpur to Beawar (Rajasthan),https://www.redbus.in/bus-tickets/jodhpur-to-beawer,18,Chanakya Travels Agency,A/C Seater / Sleeper (2+1),20:00,03h 45m,23:45,3.8,500.0,23,3.8
1765,1771,Jodhpur to Beawar (Rajasthan),https://www.redbus.in/bus-tickets/jodhpur-to-beawer,18,M R Travels,NON A/C Seater/ Sleeper (2+1),20:25,03h 30m,23:55,3.8,450.0,37,3.5
1766,1772,Chennai to Tirupati,https://www.redbus.in/bus-tickets/chennai-to-tirupathi,7,APSRTC - 47046,INDRA(A.C. Seater),16:00,03h 00m,19:00,3.9,253.0,32,3.0
1767,1773,Chennai to Tirupati,https://www.redbus.in/bus-tickets/chennai-to-tirupathi,7,APSRTC - 5555,SAPTAGIRI EXPRESS,16:15,03h 15m,19:30,4.2,149.0,46,3.2
1768,1774,Chennai to Tirupati,https://www.redbus.in/bus-tickets/chennai-to-tirupathi,7,APSRTC - 5557,SAPTAGIRI EXPRESS,16:45,03h 15m,20:00,3.0,149.0,45,3.2
1769,1775,Chennai to Tirupati,https://www.redbus.in/bus-tickets/chennai-to-tirupathi,7,APSRTC - 5439,INDRA(A.C. Seater),17:00,03h 00m,20:00,3.9,253.0,36,3.0
1770,1776,Chennai to Tirupati,https://www.redbus.in/bus-tickets/chennai-to-tirupathi,7,APSRTC - 6299,Super Luxury (Non AC Seater 2+2 Push Back),17:40,03h 50m,21:30,4.1,209.0,33,3.8
1771,1777,Chennai to Tirupati,https://www.redbus.in/bus-tickets/chennai-to-tirupathi,7,NueGo,Electric A/C Seater (2+2),16:30,03h 40m,20:10,4.5,338.0,12,3.7
1772,1778,Chennai to Tirupati,https://www.redbus.in/bus-tickets/chennai-to-tirupathi,7,Maheswari Travels,Non A/C Seater / Sleeper (2+1),19:45,05h 25m,01:10,3.8,450.0,23,5.4
1773,1779,Chennai to Tirupati,https://www.redbus.in/bus-tickets/chennai-to-tirupathi,7,CGR Travels,Non A/C Seater / Sleeper (2+1),20:00,05h 30m,01:30,3.9,500.0,5,5.5
1774,1780,Chennai to Tirupati,https://www.redbus.in/bus-tickets/chennai-to-tirupathi,7,VRCR Travels,Non A/C Seater / Sleeper (2+1),21:50,03h 30m,01:20,3.3,450.0,18,3.5
1775,1781,Chennai to Tirupati,https://www.redbus.in/bus-tickets/chennai-to-tirupathi,7,NueGo,Electric A/C Seater (2+2),22:40,04h 25m,03:05,4.5,338.0,33,4.4
1776,1782,Sikar to Jaipur (Rajasthan),https://www.redbus.in/bus-tickets/sikar-to-jaipur,18,RSRTC - 188385,Express Non AC Seater 2+3,15:45,02h 35m,18:20,4.0,129.0,42,2.6
1777,1783,Sikar to Jaipur (Rajasthan),https://www.redbus.in/bus-tickets/sikar-to-jaipur,18,RSRTC - 168789,Express Non AC Seater 2+3,15:55,02h 00m,17:55,4.0,123.0,42,2.0
1778,1784,Sikar to Jaipur (Rajasthan),https://www.redbus.in/bus-tickets/sikar-to-jaipur,18,RSRTC - 143358,Express Non AC Seater 2+3,15:55,02h 25m,18:20,4.0,129.0,42,2.4
1779,1785,Sikar to Jaipur (Rajasthan),https://www.redbus.in/bus-tickets/sikar-to-jaipur,18,RSRTC - 147125,Express Non AC Seater 2+3,16:00,02h 30m,18:30,4.0,129.0,42,2.5
1780,1786,Sikar to Jaipur (Rajasthan),https://www.redbus.in/bus-tickets/sikar-to-jaipur,18,RSRTC - 170479,Express Non AC Seater 2+3,16:20,02h 10m,18:30,4.0,129.0,42,2.2
1781,1787,Sikar to Jaipur (Rajasthan),https://www.redbus.in/bus-tickets/sikar-to-jaipur,18,RSRTC - 186185,Semi Deluxe Non AC Seater 2+2,16:45,02h 15m,19:00,4.0,142.0,35,2.2
1782,1788,Sikar to Jaipur (Rajasthan),https://www.redbus.in/bus-tickets/sikar-to-jaipur,18,RSRTC - 172229,Express Non AC Seater 2+3,16:45,02h 15m,19:00,4.0,129.0,42,2.2
1783,1789,Sikar to Jaipur (Rajasthan),https://www.redbus.in/bus-tickets/sikar-to-jaipur,18,RSRTC - 160960,Express Non AC Seater 2+3,17:20,02h 25m,19:45,4.0,129.0,42,2.4
1784,1790,Sikar to Jaipur (Rajasthan),https://www.redbus.in/bus-tickets/sikar-to-jaipur,18,RSRTC - 135861,Express Non AC Seater 2+3,17:20,02h 30m,19:50,4.0,129.0,46,2.5
1785,1791,Sikar to Jaipur (Rajasthan),https://www.redbus.in/bus-tickets/sikar-to-jaipur,18,RSRTC - 173073,Super Luxury Volvo AC Seater Pushback 2+2,17:30,01h 45m,19:15,4.2,213.0,37,1.8
1786,1792,Sikar to Jaipur (Rajasthan),https://www.redbus.in/bus-tickets/sikar-to-jaipur,18,Salasar Darshan Travels,Non AC Seater (2+3),16:50,02h 20m,19:10,4.5,260.0,56,2.3
1787,1793,Sikar to Jaipur (Rajasthan),https://www.redbus.in/bus-tickets/sikar-to-jaipur,18,Vijay Tour and Travels,Bharat Benz A/C Seater /Sleeper (2+1),18:45,02h 55m,21:40,3.5,324.0,32,2.9
1788,1794,Sikar to Jaipur (Rajasthan),https://www.redbus.in/bus-tickets/sikar-to-jaipur,18,Vijay Tour and Travels,A/C Seater / Sleeper (2+1),20:00,03h 00m,23:00,3.5,250.0,34,3.0
1789,1795,Sikar to Jaipur (Rajasthan),https://www.redbus.in/bus-tickets/sikar-to-jaipur,18,Rishabh travels,AC Sleeper (2+1),20:04,03h 27m,23:31,3.7,360.0,30,3.5
1790,1796,Sikar to Jaipur (Rajasthan),https://www.redbus.in/bus-tickets/sikar-to-jaipur,18,Neeraj travels,A/C Seater / Sleeper (2+1),20:40,02h 40m,23:20,3.4,333.0,25,2.7
1791,1797,Sikar to Jaipur (Rajasthan),https://www.redbus.in/bus-tickets/sikar-to-jaipur,18,Devraj Travels,Bharat Benz A/C Seater /Sleeper (2+1),22:31,01h 26m,23:57,3.5,299.0,37,1.4
1792,1798,Sikar to Jaipur (Rajasthan),https://www.redbus.in/bus-tickets/sikar-to-jaipur,18,Rajat Travels,A/C Seater / Sleeper (2+1),15:00,02h 30m,17:30,2.3,250.0,41,2.5
1793,1799,Sikar to Jaipur (Rajasthan),https://www.redbus.in/bus-tickets/sikar-to-jaipur,18,Amit Travels,Bharat Benz A/C Seater (2+2),15:55,02h 25m,18:20,1.7,349.0,40,2.4
1794,1800,Sikar to Jaipur (Rajasthan),https://www.redbus.in/bus-tickets/sikar-to-jaipur,18,Sagwan Travels,Bharat Benz A/C Seater /Sleeper (2+1),17:40,02h 30m,20:10,2.7,285.0,22,2.5
1795,1801,Sikar to Jaipur (Rajasthan),https://www.redbus.in/bus-tickets/sikar-to-jaipur,18,Ankit Travels,AC Seater (2+2),17:50,02h 20m,20:10,2.0,300.0,45,2.3
1796,1802,Lucknow to Kanpur (Uttar Pradesh),https://www.redbus.in/bus-tickets/lucknow-to-kanpur,2,UPSRTC - BLP0042,Ordinary Non AC Seater 2+3,16:05,02h 55m,19:00,3.3,146.0,52,2.9
1797,1803,Lucknow to Kanpur (Uttar Pradesh),https://www.redbus.in/bus-tickets/lucknow-to-kanpur,2,UPSRTC - BRH0019,Ordinary Non AC Seater 2+3,16:15,02h 05m,18:20,3.3,146.0,52,2.1
1798,1804,Lucknow to Kanpur (Uttar Pradesh),https://www.redbus.in/bus-tickets/lucknow-to-kanpur,2,UPSRTC - BLP0044,Ordinary Non AC Seater 2+3,16:16,02h 44m,19:00,3.3,142.0,52,2.7
1799,1805,Lucknow to Kanpur (Uttar Pradesh),https://www.redbus.in/bus-tickets/lucknow-to-kanpur,2,UPSRTC - FZG0022,Ordinary Non AC Seater 2+3,16:30,02h 30m,19:00,3.3,146.0,52,2.5
1800,1806,Lucknow to Kanpur (Uttar Pradesh),https://www.redbus.in/bus-tickets/lucknow-to-kanpur,2,UPSRTC - MHB0048,Ordinary Non AC Seater 2+3,17:00,02h 30m,19:30,3.3,146.0,52,2.5
1801,1807,Lucknow to Kanpur (Uttar Pradesh),https://www.redbus.in/bus-tickets/lucknow-to-kanpur,2,UPSRTC - JHD0047,Janrath AC Seater 2+3,17:02,01h 58m,19:00,3.3,188.0,47,2.0
1802,1808,Lucknow to Kanpur (Uttar Pradesh),https://www.redbus.in/bus-tickets/lucknow-to-kanpur,2,UPSRTC - AKP0196,Ordinary Non AC Seater 2+3,17:50,02h 25m,20:15,3.3,142.0,52,2.4
1803,1809,Lucknow to Kanpur (Uttar Pradesh),https://www.redbus.in/bus-tickets/lucknow-to-kanpur,2,UPSRTC - MHB0050,Ordinary Non AC Seater 2+3,18:00,02h 30m,20:30,3.3,146.0,52,2.5
1804,1810,Lucknow to Kanpur (Uttar Pradesh),https://www.redbus.in/bus-tickets/lucknow-to-kanpur,2,UPSRTC - FZG0019,Ordinary Non AC Seater 2+3,18:00,02h 30m,20:30,3.3,146.0,52,2.5
1805,1811,Lucknow to Kanpur (Uttar Pradesh),https://www.redbus.in/bus-tickets/lucknow-to-kanpur,2,UPSRTC - BLP0046,Ordinary Non AC Seater 2+3,18:02,02h 58m,21:00,3.3,146.0,52,3.0
1806,1812,Lucknow to Kanpur (Uttar Pradesh),https://www.redbus.in/bus-tickets/lucknow-to-kanpur,2,Jai Shrinath Ji Ki ® Travels,Bharat Benz A/C Sleeper (2+1),18:30,02h 35m,21:05,3.4,400.0,21,2.6
1807,1813,Lucknow to Kanpur (Uttar Pradesh),https://www.redbus.in/bus-tickets/lucknow-to-kanpur,2,Babu Travels,NON A/C Seater / Sleeper (3+1),18:45,02h 30m,21:15,4.0,799.0,17,2.5
1808,1814,Lucknow to Kanpur (Uttar Pradesh),https://www.redbus.in/bus-tickets/lucknow-to-kanpur,2,Samreen Travels,AC Sleeper (2+1),19:00,02h 30m,21:30,3.7,750.0,25,2.5
1809,1815,Lucknow to Kanpur (Uttar Pradesh),https://www.redbus.in/bus-tickets/lucknow-to-kanpur,2,Anshi Raj Shree Travels,Bharat Benz A/C Seater /Sleeper (2+1),21:30,02h 25m,23:55,4.0,601.0,14,2.4
1810,1816,Lucknow to Kanpur (Uttar Pradesh),https://www.redbus.in/bus-tickets/lucknow-to-kanpur,2,BTS Bundelkhand Transport Services LLP,Non A/C Seater / Sleeper (2+1),21:45,02h 10m,23:55,4.3,200.0,28,2.2
1811,1817,Lucknow to Kanpur (Uttar Pradesh),https://www.redbus.in/bus-tickets/lucknow-to-kanpur,2,Samay Shatabdi Travels Pvt Ltd,AC Sleeper (2+1),18:00,03h 00m,21:00,2.9,649.0,30,3.0
1812,1818,Lucknow to Kanpur (Uttar Pradesh),https://www.redbus.in/bus-tickets/lucknow-to-kanpur,2,Samay Shatabdi Travels Pvt Ltd,AC Sleeper (2+1),19:00,03h 00m,22:00,2.9,599.0,20,3.0
1813,1819,Lucknow to Kanpur (Uttar Pradesh),https://www.redbus.in/bus-tickets/lucknow-to-kanpur,2,Shivansh travels,A/C Sleeper (2+1),22:30,01h 20m,23:50,1.7,799.0,17,1.3
1814,1820,Lucknow to Kanpur (Uttar Pradesh),https://www.redbus.in/bus-tickets/lucknow-to-kanpur,2,Raj Kalpana Travels Pvt.Ltd,A/C Sleeper (2+1),15:00,03h 15m,18:15,4.8,900.0,18,3.2
1815,1821,Lucknow to Kanpur (Uttar Pradesh),https://www.redbus.in/bus-tickets/lucknow-to-kanpur,2,Hans Travels (I) Private Limited,NON A/C Sleeper (2+1),16:30,03h 30m,20:00,3.2,1200.0,21,3.5
1816,1822,Kadapa to Hyderabad,https://www.redbus.in/bus-tickets/kadapa-to-hyderabad,9,APSRTC - 9147,Super Luxury (Non AC Seater 2+2 Push Back),20:00,09h 30m,05:30,4.0,678.0,25,9.5
1817,1823,Kadapa to Hyderabad,https://www.redbus.in/bus-tickets/kadapa-to-hyderabad,9,APSRTC - 6031,Super Luxury (Non AC Seater 2+2 Push Back),20:30,09h 10m,05:40,4.4,710.0,24,9.2
1818,1824,Kadapa to Hyderabad,https://www.redbus.in/bus-tickets/kadapa-to-hyderabad,9,APSRTC - 9235,Super Luxury (Non AC Seater 2+2 Push Back),21:00,08h 25m,05:25,2.9,710.0,31,8.4
1819,1825,Kadapa to Hyderabad,https://www.redbus.in/bus-tickets/kadapa-to-hyderabad,9,APSRTC - 6067,STAR LINER(NON-AC SLEEPER 2+1),21:00,08h 40m,05:40,4.2,920.0,7,8.7
1820,1826,Kadapa to Hyderabad,https://www.redbus.in/bus-tickets/kadapa-to-hyderabad,9,APSRTC - 6035,INDRA(A.C. Seater),21:30,08h 20m,05:50,4.2,859.0,34,8.3
1821,1827,Kadapa to Hyderabad,https://www.redbus.in/bus-tickets/kadapa-to-hyderabad,9,APSRTC - 5351,Super Luxury (Non AC Seater 2+2 Push Back),21:50,07h 50m,05:40,3.8,678.0,29,7.8
1822,1828,Kadapa to Hyderabad,https://www.redbus.in/bus-tickets/kadapa-to-hyderabad,9,APSRTC - 6033,Super Luxury (Non AC Seater 2+2 Push Back),22:00,07h 50m,05:50,4.3,710.0,34,7.8
1823,1829,Kadapa to Hyderabad,https://www.redbus.in/bus-tickets/kadapa-to-hyderabad,9,APSRTC - 5651,Super Luxury (Non AC Seater 2+2 Push Back),22:30,09h 25m,07:55,4.0,710.0,25,9.4
1824,1830,Kadapa to Hyderabad,https://www.redbus.in/bus-tickets/kadapa-to-hyderabad,9,APSRTC - 47143,AMARAVATHI (VOLVO / SCANIA A.C Multi Axle),23:00,07h 05m,06:05,4.0,873.0,29,7.1
1825,1831,Kadapa to Hyderabad,https://www.redbus.in/bus-tickets/kadapa-to-hyderabad,9,APSRTC - 5663,Super Luxury (Non AC Seater 2+2 Push Back),23:15,07h 45m,07:00,3.6,678.0,33,7.8
1826,1832,Kadapa to Hyderabad,https://www.redbus.in/bus-tickets/kadapa-to-hyderabad,9,TSRTC - 9444,"SUPER LUXURY (NON-AC, 2 + 2 PUSH BACK)",15:00,09h 10m,00:10,4.0,546.0,30,9.2
1827,1833,Kadapa to Hyderabad,https://www.redbus.in/bus-tickets/kadapa-to-hyderabad,9,TSRTC - 1749,"SUPER LUXURY (NON-AC, 2 + 2 PUSH BACK)",17:20,08h 45m,02:05,2.0,546.0,26,8.8
1828,1834,Kadapa to Hyderabad,https://www.redbus.in/bus-tickets/kadapa-to-hyderabad,9,TSRTC - 8262,RAJDHANI (A.C. Semi Sleeper),18:00,09h 00m,03:00,3.9,579.0,6,9.0
1829,1835,Kadapa to Hyderabad,https://www.redbus.in/bus-tickets/kadapa-to-hyderabad,9,TSRTC - 6207,"SUPER LUXURY (NON-AC, 2 + 2 PUSH BACK)",18:40,10h 20m,05:00,1.8,546.0,31,10.3
1830,1836,Kadapa to Hyderabad,https://www.redbus.in/bus-tickets/kadapa-to-hyderabad,9,TSRTC - 2015,"SUPER LUXURY (NON-AC, 2 + 2 PUSH BACK)",19:15,08h 40m,03:55,3.0,546.0,28,8.7
1831,1837,Kadapa to Hyderabad,https://www.redbus.in/bus-tickets/kadapa-to-hyderabad,9,TSRTC - 9684,Lahari Non A/C Sleeper Cum Seater,20:00,09h 10m,05:10,4.2,546.0,22,9.2
1832,1838,Kadapa to Hyderabad,https://www.redbus.in/bus-tickets/kadapa-to-hyderabad,9,TSRTC - 7650,"SUPER LUXURY (NON-AC, 2 + 2 PUSH BACK)",21:00,08h 20m,05:20,4.3,546.0,12,8.3
1833,1839,Kadapa to Hyderabad,https://www.redbus.in/bus-tickets/kadapa-to-hyderabad,9,TSRTC - 1760,"SUPER LUXURY (NON-AC, 2 + 2 PUSH BACK)",21:25,07h 25m,04:50,3.0,546.0,23,7.4
1834,1840,Kadapa to Hyderabad,https://www.redbus.in/bus-tickets/kadapa-to-hyderabad,9,TSRTC - 9686,Lahari Non A/C Sleeper Cum Seater,22:45,09h 10m,07:55,3.8,546.0,35,9.2
1835,1841,Kadapa to Hyderabad,https://www.redbus.in/bus-tickets/kadapa-to-hyderabad,9,TSRTC - 1963,"SUPER LUXURY (NON-AC, 2 + 2 PUSH BACK)",23:20,08h 55m,08:15,4.1,546.0,9,8.9
1836,1842,Kadapa to Hyderabad,https://www.redbus.in/bus-tickets/kadapa-to-hyderabad,9,KNR TRAVELS,Non A/C Seater / Sleeper (2+1),21:42,08h 13m,05:55,4.7,500.0,23,8.2
1837,1843,Kadapa to Hyderabad,https://www.redbus.in/bus-tickets/kadapa-to-hyderabad,9,Sai Karthik Travels,Non A/C Seater / Sleeper (2+1),23:30,07h 40m,07:10,4.7,600.0,14,7.7
1838,1844,Kadapa to Hyderabad,https://www.redbus.in/bus-tickets/kadapa-to-hyderabad,9,Jagan Travels,Non A/C Seater / Sleeper (2+1),21:45,07h 53m,05:38,4.6,540.0,19,7.9
1839,1845,Kadapa to Hyderabad,https://www.redbus.in/bus-tickets/kadapa-to-hyderabad,9,AdAR & BCVR Travels,Non A/C Seater / Sleeper (2+1),21:45,07h 42m,05:27,4.3,500.0,16,7.7
1840,1846,Kadapa to Hyderabad,https://www.redbus.in/bus-tickets/kadapa-to-hyderabad,9,Sri Vinayaka Travels,NON A/C Seater/ Sleeper (2+1),21:35,08h 23m,05:58,4.5,599.0,11,8.4
1841,1847,Kadapa to Hyderabad,https://www.redbus.in/bus-tickets/kadapa-to-hyderabad,9,AR & BCVR Travels,A/C Sleeper (2+1),22:15,08h 15m,06:30,4.5,1000.0,15,8.2
1842,1848,Kadapa to Hyderabad,https://www.redbus.in/bus-tickets/kadapa-to-hyderabad,9,Jagan Travels,A/C Sleeper (2+1),23:15,07h 22m,06:37,4.6,935.0,16,7.4
1843,1849,Kadapa to Hyderabad,https://www.redbus.in/bus-tickets/kadapa-to-hyderabad,9,Jagan Travels,A/C Sleeper (2+1),22:00,08h 00m,06:00,4.4,960.0,9,8.0
1844,1850,Kadapa to Hyderabad,https://www.redbus.in/bus-tickets/kadapa-to-hyderabad,9,CMR Express,NON A/C Sleeper (2+1),22:05,07h 57m,06:02,4.4,790.0,15,8.0
1845,1851,Kadapa to Hyderabad,https://www.redbus.in/bus-tickets/kadapa-to-hyderabad,9,Jagan Travels,A/C Seater / Sleeper (2+1),22:00,07h 50m,05:50,4.4,630.0,18,7.8
1846,1852,Malda to Kolkata,https://www.redbus.in/bus-tickets/malda-to-kolkata,1,NBSTC-BLG-KOL-R1-18:30,NON A/C Seater Push Back (2+2),20:45,09h 15m,06:00,4.3,276.0,12,9.2
1847,1853,Malda to Kolkata,https://www.redbus.in/bus-tickets/malda-to-kolkata,1,NBSTC-RAI-KOL-R1-19:30,NON A/C Seater Push Back (2+2),21:40,08h 50m,06:30,4.2,276.0,21,8.8
1848,1854,Malda to Kolkata,https://www.redbus.in/bus-tickets/malda-to-kolkata,1,Express Line,Volvo 9600 A/C Seater/Sleeper (2+1),22:00,07h 00m,05:00,4.5,699.0,10,7.0
1849,1855,Malda to Kolkata,https://www.redbus.in/bus-tickets/malda-to-kolkata,1,Express Line,Volvo 9600 Multi-Axle A/C Sleeper (2+1),23:30,07h 40m,07:10,4.7,899.0,21,7.7
1850,1856,Malda to Kolkata,https://www.redbus.in/bus-tickets/malda-to-kolkata,1,Shyamoli Paribahan Pvt Ltd,Scania Multi-Axle AC Semi Sleeper (2+2),22:00,07h 00m,05:00,4.4,600.0,30,7.0
1851,1857,Malda to Kolkata,https://www.redbus.in/bus-tickets/malda-to-kolkata,1,Rubi Paribahan  ,Volvo Multi Axle B11R AC Seater\Sleeper (2+1),21:50,06h 40m,04:30,4.5,780.0,34,6.7
1852,1858,Malda to Kolkata,https://www.redbus.in/bus-tickets/malda-to-kolkata,1,Lokenath Bus Service,Volvo Multi-Axle A/C Seater/Sleeper (2+1),23:55,06h 50m,06:45,3.6,675.0,34,6.8
1853,1859,Malda to Kolkata,https://www.redbus.in/bus-tickets/malda-to-kolkata,1,New Dolphin Travels,NON A/C Seater / Sleeper (2+2),22:45,07h 45m,06:30,3.3,333.0,23,7.8
1854,1860,Malda to Kolkata,https://www.redbus.in/bus-tickets/malda-to-kolkata,1,Jio Dolphin Travels,NON A/C Seater / Sleeper (2+2),21:54,08h 06m,06:00,3.3,333.0,19,8.1
1855,1861,Malda to Kolkata,https://www.redbus.in/bus-tickets/malda-to-kolkata,1,EASY RIDE,Volvo 9600 Multi-Axle A/C Sleeper (2+1),23:55,07h 30m,07:25,4.9,1500.0,9,7.5
1856,1862,Malda to Kolkata,https://www.redbus.in/bus-tickets/malda-to-kolkata,1,Sonar Tori,A/C Seater / Sleeper (2+2),22:20,08h 10m,06:30,3.0,504.0,22,8.2
1857,1863,Malda to Kolkata,https://www.redbus.in/bus-tickets/malda-to-kolkata,1,Padmanabha Paribahan,A/C Seater / Sleeper (2+2),22:10,08h 50m,07:00,3.1,475.0,34,8.8
1858,1864,Katra (jammu and kashmir) to Chandigarh,https://www.redbus.in/bus-tickets/katra-to-chandigarh,8,Laxmi holidays,Bharat Benz A/C Sleeper (2+1),20:00,08h 50m,04:50,4.2,737.0,21,8.8
1859,1865,Katra (jammu and kashmir) to Chandigarh,https://www.redbus.in/bus-tickets/katra-to-chandigarh,8,Laxmi holidays,Bharat Benz A/C Seater /Sleeper (2+1),19:30,08h 50m,04:20,4.5,680.0,21,8.8
1860,1866,Katra (jammu and kashmir) to Chandigarh,https://www.redbus.in/bus-tickets/katra-to-chandigarh,8,Laxmi holidays,Volvo 9600 Multi-Axle A/C Sleeper (2+1),18:30,09h 10m,03:40,5.0,810.0,22,9.2
1861,1867,Katra (jammu and kashmir) to Chandigarh,https://www.redbus.in/bus-tickets/katra-to-chandigarh,8,Laxmi holidays,Bharat Benz A/C Seater /Sleeper (2+1),16:00,09h 30m,01:30,4.2,449.0,16,9.5
1862,1868,Katra (jammu and kashmir) to Chandigarh,https://www.redbus.in/bus-tickets/katra-to-chandigarh,8,Laxmi holidays,Volvo 9600 Multi-Axle A/C Sleeper (2+1),17:00,09h 00m,02:00,4.4,810.0,31,9.0
1863,1869,Kangra to Chandigarh,https://www.redbus.in/bus-tickets/kangra-to-chandigarh,13,HRTC - 911,Ordinary 3+2 Non AC Seater,16:15,07h 05m,23:20,3.9,385.0,37,7.1
1864,1870,Kangra to Chandigarh,https://www.redbus.in/bus-tickets/kangra-to-chandigarh,13,HRTC - 1104,Ordinary 3+2 Non AC Seater,17:20,07h 00m,00:20,3.9,365.0,37,7.0
1865,1871,Kangra to Chandigarh,https://www.redbus.in/bus-tickets/kangra-to-chandigarh,13,HRTC - 1109,Ordinary 3+2 Non AC Seater,17:50,06h 30m,00:20,2.2,391.0,37,6.5
1866,1872,Kangra to Chandigarh,https://www.redbus.in/bus-tickets/kangra-to-chandigarh,13,HRTC - 1158,Himsuta AC Seater Volvo/Scania 2+2,18:30,05h 35m,00:05,3.9,655.0,28,5.6
1867,1873,Kangra to Chandigarh,https://www.redbus.in/bus-tickets/kangra-to-chandigarh,13,HRTC - 903,Himmani Deluxe 2+2 Non AC Seater,18:45,06h 15m,01:00,3.9,424.0,27,6.2
1868,1874,Kangra to Chandigarh,https://www.redbus.in/bus-tickets/kangra-to-chandigarh,13,HRTC - 1134,Himmani Deluxe 2+2 Non AC Seater,19:00,05h 40m,00:40,4.0,408.0,8,5.7
1869,1875,Kangra to Chandigarh,https://www.redbus.in/bus-tickets/kangra-to-chandigarh,13,HRTC - 902,Ordinary 3+2 Non AC Seater,19:00,06h 25m,01:25,3.9,365.0,37,6.4
1870,1876,Kangra to Chandigarh,https://www.redbus.in/bus-tickets/kangra-to-chandigarh,13,HRTC - 25,Himsuta AC Seater Volvo/Scania 2+2,19:10,06h 05m,01:15,4.4,702.0,34,6.1
1871,1877,Kangra to Chandigarh,https://www.redbus.in/bus-tickets/kangra-to-chandigarh,13,HRTC - 951,Ordinary 3+2 Non AC Seater,19:25,05h 20m,00:45,4.4,365.0,31,5.3
1872,1878,Kangra to Chandigarh,https://www.redbus.in/bus-tickets/kangra-to-chandigarh,13,HRTC - 904,Himmani Deluxe 2+2 Non AC Seater,19:35,05h 55m,01:30,3.9,408.0,27,5.9
1873,1879,Kangra to Chandigarh,https://www.redbus.in/bus-tickets/kangra-to-chandigarh,13,FlixBus,A/C Seater (2+2),18:40,06h 15m,00:55,3.3,411.0,27,6.2
1874,1880,Kangra to Chandigarh,https://www.redbus.in/bus-tickets/kangra-to-chandigarh,13,Laxmi holidays,Volvo 9600 A/C Semi Sleeper (2+2),19:10,05h 50m,01:00,4.7,749.0,12,5.8
1875,1881,Kangra to Chandigarh,https://www.redbus.in/bus-tickets/kangra-to-chandigarh,13,Laxmi holidays,VE A/C Semi Sleeper (2+2),19:35,04h 20m,23:55,4.5,599.0,24,4.3
1876,1882,Kangra to Chandigarh,https://www.redbus.in/bus-tickets/kangra-to-chandigarh,13,Bedi Travels,Volvo 9600 Multi Axle Semi-Sleeper (2+2),19:45,05h 15m,01:00,5.0,585.0,6,5.2
1877,1883,Kangra to Chandigarh,https://www.redbus.in/bus-tickets/kangra-to-chandigarh,13,New Himalaya Travels,Volvo A/C Semi Sleeper (2+2),20:10,05h 05m,01:15,4.4,550.0,21,5.1
1878,1884,Kangra to Chandigarh,https://www.redbus.in/bus-tickets/kangra-to-chandigarh,13,Zingbus Plus,Volvo A/C Semi Sleeper (2+2),20:10,04h 35m,00:45,4.8,450.0,27,4.6
1879,1885,Kangra to Chandigarh,https://www.redbus.in/bus-tickets/kangra-to-chandigarh,13,Ram Dalal Holidays,Volvo 9600 A/C Semi Sleeper (2+2),20:20,05h 10m,01:30,5.0,620.0,9,5.2
1880,1886,Kangra to Chandigarh,https://www.redbus.in/bus-tickets/kangra-to-chandigarh,13,Ram Dalal Holidays,Volvo A/C Semi Sleeper (2+2),20:30,04h 40m,01:10,4.5,690.0,14,4.7
1881,1887,Kangra to Chandigarh,https://www.redbus.in/bus-tickets/kangra-to-chandigarh,13,Laxmi holidays,Scania Multi-Axle AC Semi Sleeper (2+2),20:30,05h 20m,01:50,4.8,499.0,40,5.3
1882,1888,Kangra to Chandigarh,https://www.redbus.in/bus-tickets/kangra-to-chandigarh,13,City Land Travels,Volvo A/C Semi Sleeper (2+2),20:40,04h 50m,01:30,4.9,584.0,8,4.8
1883,1889,Agra to Haridwar,https://www.redbus.in/bus-tickets/agra-to-haridwar,2,UPSRTC - ALI0153,Ordinary Non AC Seater 2+3,16:29,10h 51m,03:20,3.3,616.0,52,10.8
1884,1890,Agra to Haridwar,https://www.redbus.in/bus-tickets/agra-to-haridwar,2,UPSRTC - TAJ0047,Pink Express AC Seater 2+2,19:01,09h 13m,04:14,4.8,927.0,37,9.2
1885,1891,Agra to Haridwar,https://www.redbus.in/bus-tickets/agra-to-haridwar,2,UPSRTC - TAJ0051,Janrath AC Seater 2+3,20:31,08h 59m,05:30,2.4,766.0,48,9.0
1886,1892,Agra to Haridwar,https://www.redbus.in/bus-tickets/agra-to-haridwar,2,Baba Travels Mathura,VE A/C Sleeper (2+1),20:00,10h 00m,06:00,4.5,1000.0,18,10.0
1887,1893,Agra to Haridwar,https://www.redbus.in/bus-tickets/agra-to-haridwar,2,SHRI KRISHNA TRAVELS (JAI SHREE GANESH YATRA CO.),VE A/C Seater / Sleeper (2+1),21:20,09h 10m,06:30,4.9,647.0,20,9.2
1888,1894,Agra to Haridwar,https://www.redbus.in/bus-tickets/agra-to-haridwar,2,PTC-SKYBUS,VE A/C Seater / Sleeper (2+1),22:50,07h 00m,05:50,4.7,599.0,24,7.0
1889,1895,Agra to Haridwar,https://www.redbus.in/bus-tickets/agra-to-haridwar,2,SHRI KRISHNA TRAVELS (JAI SHREE GANESH YATRA CO.),Bharat Benz A/C Seater /Sleeper (2+1),20:00,08h 30m,04:30,3.5,899.0,18,8.5
1890,1896,Agra to Haridwar,https://www.redbus.in/bus-tickets/agra-to-haridwar,2,Shatabdi Travels,Bharat Benz A/C Sleeper (2+1),23:30,06h 50m,06:20,2.4,999.0,24,6.8
1891,1897,Agra to Haridwar,https://www.redbus.in/bus-tickets/agra-to-haridwar,2,Samay Shatabdi Travels Pvt Ltd,Bharat Benz A/C Sleeper (2+1),23:30,07h 05m,06:35,3.9,899.0,15,7.1
1892,1898,Agra to Haridwar,https://www.redbus.in/bus-tickets/agra-to-haridwar,2,SHRI KRISHNA TRAVELS (JAI SHREE GANESH YATRA CO.),A/C Seater/Sleeper (2+1),23:59,07h 31m,07:30,3.9,799.0,17,7.5
1893,1899,Agra to Haridwar,https://www.redbus.in/bus-tickets/agra-to-haridwar,2,Shrinath Travels Gwalior,NON A/C Sleeper (2+1),23:30,08h 30m,08:00,3.9,700.0,16,8.5
1894,1900,Agra to Haridwar,https://www.redbus.in/bus-tickets/agra-to-haridwar,2,DIVYANSHU TRAVELS,A/C Sleeper (2+1),23:00,08h 00m,07:00,1.0,903.0,22,8.0
1895,1901,Agra to Haridwar,https://www.redbus.in/bus-tickets/agra-to-haridwar,2,Kalpana Travel Gwalior,A/C Sleeper (2+1),23:30,09h 00m,08:30,2.3,854.0,23,9.0
1896,1902,Chandigarh to Jammu (j and k),https://www.redbus.in/bus-tickets/chandigarh-to-jammu,8,Chandigarh Transport Undertaking (CTU) - 165940,HVAC Seater (2+3),15:40,09h 25m,01:05,3.6,554.29,46,9.4
1897,1903,Chandigarh to Jammu (j and k),https://www.redbus.in/bus-tickets/chandigarh-to-jammu,8,Laxmi holidays,Bharat Benz A/C Seater /Sleeper (2+1),22:50,07h 10m,06:00,4.4,515.0,27,7.2
1898,1904,Chandigarh to Jammu (j and k),https://www.redbus.in/bus-tickets/chandigarh-to-jammu,8,Laxmi holidays,Bharat Benz A/C Sleeper (2+1),23:30,07h 30m,07:00,4.6,720.0,15,7.5
1899,1905,Chandigarh to Jammu (j and k),https://www.redbus.in/bus-tickets/chandigarh-to-jammu,8,AdZimindara Travels,AC Sleeper (2+1),21:30,07h 00m,04:30,3.7,599.0,7,7.0
1900,1906,Chandigarh to Jammu (j and k),https://www.redbus.in/bus-tickets/chandigarh-to-jammu,8,Laxmi holidays,Bharat Benz A/C Seater /Sleeper (2+1),23:05,06h 55m,06:00,4.4,494.0,15,6.9
1901,1907,Falakata (west bengal) to Berhampore (West Bengal),https://www.redbus.in/bus-tickets/falakata-to-berhampore,1,NBSTC-COB-BHP-R1-19:00,Non AC Seater 2+2,19:50,11h 40m,07:30,3.6,411.0,18,11.7
1902,1908,Patna (Bihar) to Hazaribagh,https://www.redbus.in/bus-tickets/patna-to-hazaribagh,14,Bihar state road transport corporation (BSRTC) - 153594,AC Seater (2+2),20:41,07h 19m,04:00,3.1,396.0,28,7.3
1903,1909,Patna (Bihar) to Hazaribagh,https://www.redbus.in/bus-tickets/patna-to-hazaribagh,14,Rajdhani bus service,Non A/C Seater / Sleeper (2+1),18:30,07h 00m,01:30,3.8,550.0,37,7.0
1904,1910,Patna (Bihar) to Hazaribagh,https://www.redbus.in/bus-tickets/patna-to-hazaribagh,14,Rekha Luxury,A/C Seater / Sleeper (2+1),20:00,08h 00m,04:00,3.1,509.0,39,8.0
1905,1911,Patna (Bihar) to Hazaribagh,https://www.redbus.in/bus-tickets/patna-to-hazaribagh,14,Arzoo Travels,A/C Seater / Sleeper (2+1),20:30,06h 00m,02:30,3.4,463.0,34,6.0
1906,1912,Patna (Bihar) to Hazaribagh,https://www.redbus.in/bus-tickets/patna-to-hazaribagh,14,Sadhvi Rath,A/C Seater / Sleeper (2+1),20:40,06h 00m,02:40,3.1,540.0,48,6.0
1907,1913,Tirupati to Chennai,https://www.redbus.in/bus-tickets/tirupathi-to-chennai,7,APSRTC - 47087,INDRA(A.C. Seater),16:00,03h 00m,19:00,4.6,253.0,31,3.0
1908,1914,Tirupati to Chennai,https://www.redbus.in/bus-tickets/tirupathi-to-chennai,7,APSRTC - 5574,SAPTAGIRI EXPRESS,16:15,03h 00m,19:15,3.1,162.0,46,3.0
1909,1915,Tirupati to Chennai,https://www.redbus.in/bus-tickets/tirupathi-to-chennai,7,APSRTC - 47547,Express(Non AC Seater),16:30,03h 00m,19:30,3.8,162.0,37,3.0
1910,1916,Tirupati to Chennai,https://www.redbus.in/bus-tickets/tirupathi-to-chennai,7,APSRTC - 5369,SAPTAGIRI EXPRESS,17:45,03h 00m,20:45,2.7,162.0,44,3.0
1911,1917,Tirupati to Chennai,https://www.redbus.in/bus-tickets/tirupathi-to-chennai,7,APSRTC - 5424,INDRA(A.C. Seater),18:00,03h 00m,21:00,4.1,253.0,36,3.0
1912,1918,Tirupati to Chennai,https://www.redbus.in/bus-tickets/tirupathi-to-chennai,7,NueGo,Electric A/C Seater (2+2),23:30,04h 05m,03:35,4.4,238.0,29,4.1
1913,1919,Tirupati to Chennai,https://www.redbus.in/bus-tickets/tirupathi-to-chennai,7,Maheswari Travels,Non A/C Seater / Sleeper (2+1),02:00,04h 21m,06:21,4.4,499.0,20,4.3
1914,1920,Agra to Bareilly,https://www.redbus.in/bus-tickets/agra-to-bareilly,2,UPSRTC - BLY0134,Janrath AC Seater 2+2,23:05,05h 55m,05:00,4.0,486.0,33,5.9
1915,1921,Patna (Bihar) to Bettiah,https://www.redbus.in/bus-tickets/patna-to-bettiah,14,Om Sai Ram (C.T),NON A/C Seater (2+2),14:50,07h 00m,21:50,3.2,450.0,28,7.0
1916,1922,Patna (Bihar) to Bettiah,https://www.redbus.in/bus-tickets/patna-to-bettiah,14,Jai Mata Di Tour and Travels,A/C Seater / Sleeper (2+2),20:28,05h 32m,02:00,3.4,450.0,6,5.5
1917,1923,Patna (Bihar) to Bettiah,https://www.redbus.in/bus-tickets/patna-to-bettiah,14,V.I.P Travels,A/C Seater / Sleeper (2+2),21:40,06h 00m,03:40,3.0,350.0,61,6.0
1918,1924,Patna (Bihar) to Bettiah,https://www.redbus.in/bus-tickets/patna-to-bettiah,14,Jai Hanuman Travels,A/C Seater / Sleeper (2+2),22:20,06h 40m,05:00,3.7,550.0,54,6.7
1919,1925,Patna (Bihar) to Bettiah,https://www.redbus.in/bus-tickets/patna-to-bettiah,14,Jai Mata Di Tour and Travels,A/C Seater / Sleeper (2+2),22:40,05h 20m,04:00,2.3,405.0,27,5.3
1920,1926,Chandigarh to Delhi,https://www.redbus.in/bus-tickets/chandigarh-to-delhi,8,RSRTC - 192348,Super Luxury Volvo AC Seater Pushback 2+2,21:15,04h 45m,02:00,3.2,676.0,31,4.8
1921,1927,Chandigarh to Delhi,https://www.redbus.in/bus-tickets/chandigarh-to-delhi,8,RSRTC - 166269,Express Non AC Seater 2+3,22:00,07h 55m,05:55,3.7,320.0,42,7.9
1922,1928,Chandigarh to Delhi,https://www.redbus.in/bus-tickets/chandigarh-to-delhi,8,RSRTC - 166262,Express Non AC Seater 2+3,22:30,05h 55m,04:25,3.7,320.0,42,5.9
1923,1929,Chandigarh to Delhi,https://www.redbus.in/bus-tickets/chandigarh-to-delhi,8,NueGo,Electric A/C Seater (2+2),15:25,04h 35m,20:00,3.3,380.0,18,4.6
1924,1930,Chandigarh to Delhi,https://www.redbus.in/bus-tickets/chandigarh-to-delhi,8,NueGo,Electric A/C Seater (2+2),15:30,05h 30m,21:00,3.7,380.0,27,5.5
1925,1931,Chandigarh to Delhi,https://www.redbus.in/bus-tickets/chandigarh-to-delhi,8,NueGo,Electric A/C Seater (2+2),16:00,05h 10m,21:10,3.4,380.0,20,5.2
1926,1932,Chandigarh to Delhi,https://www.redbus.in/bus-tickets/chandigarh-to-delhi,8,NueGo,Electric A/C Seater (2+2),16:30,05h 25m,21:55,3.7,380.0,28,5.4
1927,1933,Chandigarh to Delhi,https://www.redbus.in/bus-tickets/chandigarh-to-delhi,8,FlixBus,A/C Seater (2+2),17:00,06h 05m,23:05,4.0,268.0,28,6.1
1928,1934,Chandigarh to Delhi,https://www.redbus.in/bus-tickets/chandigarh-to-delhi,8,NueGo,Electric A/C Seater (2+2),17:30,05h 25m,22:55,4.2,380.0,38,5.4
1929,1935,Chandigarh to Delhi,https://www.redbus.in/bus-tickets/chandigarh-to-delhi,8,NueGo,Electric A/C Seater (2+2),18:30,05h 25m,23:55,4.2,380.0,34,5.4
1930,1936,Chandigarh to Delhi,https://www.redbus.in/bus-tickets/chandigarh-to-delhi,8,NueGo,Electric A/C Seater (2+2),20:00,05h 20m,01:20,4.1,380.0,38,5.3
1931,1937,Chandigarh to Delhi,https://www.redbus.in/bus-tickets/chandigarh-to-delhi,8,Khurana Bus Service,Volvo A/C (2+2),21:10,05h 30m,02:40,4.1,400.0,26,5.5
1932,1938,Chandigarh to Delhi,https://www.redbus.in/bus-tickets/chandigarh-to-delhi,8,Orbit Aviation Pvt. Ltd.,Mercedes Multi-Axle Semi Sleeper (2+2),21:25,05h 35m,03:00,3.7,449.0,48,5.6
1933,1939,Haldia to Kolkata,https://www.redbus.in/bus-tickets/haldia-to-kolkata,12,SBSTC-HALDIA - KOLKATA - 16:05 (HALDIA DEPOT) - 1328,Non AC Seater (2+3),16:05,03h 00m,19:05,3.7,110.0,30,3.0
1934,1940,Haldia to Kolkata,https://www.redbus.in/bus-tickets/haldia-to-kolkata,12,SBSTC-HALDIA - KOLKATA - ALL STOP - 17:30 (HLD DEPOT) - 630,Non AC Seater (2+3),17:30,03h 00m,20:30,3.7,110.0,25,3.0
1935,1941,Haldia to Kolkata,https://www.redbus.in/bus-tickets/haldia-to-kolkata,12,WBTC (CTC) Habra- Barasat- Haldia - 180|16:45,Non AC Seater (2+3),16:45,02h 45m,19:30,4.3,97.0,36,2.8
1936,1942,Baddi (Himachal Pradesh) to Delhi,https://www.redbus.in/bus-tickets/baddi-himachal-pradesh-to-delhi,13,HRTC - 6709,Ordinary 3+2 Non AC Seater,19:30,06h 15m,01:45,3.9,310.0,31,6.2
1937,1943,Baddi (Himachal Pradesh) to Delhi,https://www.redbus.in/bus-tickets/baddi-himachal-pradesh-to-delhi,13,HRTC - 843,Ordinary 3+2 Non AC Seater,20:30,07h 30m,04:00,3.7,310.0,37,7.5
1938,1944,Baddi (Himachal Pradesh) to Delhi,https://www.redbus.in/bus-tickets/baddi-himachal-pradesh-to-delhi,13,HRTC - 6639,Himsuta AC Seater Volvo/Scania 2+2,20:45,06h 45m,03:30,3.8,588.0,18,6.8
1939,1945,Kothagudem to Hyderabad,https://www.redbus.in/bus-tickets/kothagudem-to-hyderabad,9,TSRTC - 6912,Deluxe (Non AC Seater 2+2),14:55,06h 05m,21:00,3.8,396.0,35,6.1
1940,1946,Kothagudem to Hyderabad,https://www.redbus.in/bus-tickets/kothagudem-to-hyderabad,9,TSRTC - 1319,Lahari A/C sleeper,15:20,05h 25m,20:45,3.1,548.0,3,5.4
1941,1947,Kothagudem to Hyderabad,https://www.redbus.in/bus-tickets/kothagudem-to-hyderabad,9,TSRTC - 1952,Lahari A/C sleeper,16:20,05h 25m,21:45,3.3,548.0,19,5.4
1942,1948,Kothagudem to Hyderabad,https://www.redbus.in/bus-tickets/kothagudem-to-hyderabad,9,TSRTC - 6914,"SUPER LUXURY (NON-AC, 2 + 2 PUSH BACK)",16:50,06h 15m,23:05,3.8,451.0,29,6.2
1943,1949,Kothagudem to Hyderabad,https://www.redbus.in/bus-tickets/kothagudem-to-hyderabad,9,TSRTC - 6908,Deluxe (Non AC Seater 2+2),18:25,06h 05m,00:30,3.8,396.0,35,6.1
1944,1950,Kothagudem to Hyderabad,https://www.redbus.in/bus-tickets/kothagudem-to-hyderabad,9,TSRTC - 4161,RAJDHANI (A.C. Semi Sleeper),20:00,06h 00m,02:00,2.7,548.0,34,6.0
1945,1951,Kothagudem to Hyderabad,https://www.redbus.in/bus-tickets/kothagudem-to-hyderabad,9,TSRTC - 6631,"SUPER LUXURY (NON-AC, 2 + 2 PUSH BACK)",20:30,07h 00m,03:30,3.8,470.0,27,7.0
1946,1952,Kothagudem to Hyderabad,https://www.redbus.in/bus-tickets/kothagudem-to-hyderabad,9,TSRTC - 8754,"SUPER LUXURY (NON-AC, 2 + 2 PUSH BACK)",21:15,06h 25m,03:40,4.6,451.0,31,6.4
1947,1953,Kothagudem to Hyderabad,https://www.redbus.in/bus-tickets/kothagudem-to-hyderabad,9,TSRTC - 8929,"SUPER LUXURY (NON-AC, 2 + 2 PUSH BACK)",21:30,07h 15m,04:45,4.5,497.0,28,7.2
1948,1954,Kothagudem to Hyderabad,https://www.redbus.in/bus-tickets/kothagudem-to-hyderabad,9,TSRTC - 8718,"SUPER LUXURY (NON-AC, 2 + 2 PUSH BACK)",21:45,06h 45m,04:30,4.3,451.0,31,6.8
1949,1955,Kothagudem to Hyderabad,https://www.redbus.in/bus-tickets/kothagudem-to-hyderabad,9,BSR Tours And Travels,A/C Sleeper (2+1),23:30,06h 30m,06:00,4.6,800.0,24,6.5
1950,1956,Kothagudem to Hyderabad,https://www.redbus.in/bus-tickets/kothagudem-to-hyderabad,9,BSR Tours And Travels,A/C Sleeper (2+1),23:15,06h 45m,06:00,4.8,800.0,13,6.8
1951,1957,Kothagudem to Hyderabad,https://www.redbus.in/bus-tickets/kothagudem-to-hyderabad,9,SAIRAJ TRAVELS,A/C Seater / Sleeper (2+1),23:00,06h 30m,05:30,4.3,670.0,22,6.5
1952,1958,Kothagudem to Hyderabad,https://www.redbus.in/bus-tickets/kothagudem-to-hyderabad,9,SAIRAJ TRAVELS,NON A/C Seater (2+2),23:00,07h 15m,06:15,4.4,500.0,19,7.2
1953,1959,Kothagudem to Hyderabad,https://www.redbus.in/bus-tickets/kothagudem-to-hyderabad,9,Nani’s Sai Krishna Travels,Non A/C Seater / Sleeper (2+1),23:09,05h 51m,05:00,4.1,470.0,33,5.8
1954,1960,Kothagudem to Hyderabad,https://www.redbus.in/bus-tickets/kothagudem-to-hyderabad,9,Morning Star Travels,A/C Sleeper (2+1),23:15,05h 40m,04:55,4.0,700.0,27,5.7
1955,1961,Kothagudem to Hyderabad,https://www.redbus.in/bus-tickets/kothagudem-to-hyderabad,9,Orange Tours And Travels,NON A/C Seater/ Sleeper (2+1),23:05,05h 55m,05:00,3.6,600.0,18,5.9
1956,1962,Kothagudem to Hyderabad,https://www.redbus.in/bus-tickets/kothagudem-to-hyderabad,9,Bharathi Tours & Travels,Non A/C Seater / Sleeper (2+1),23:20,05h 40m,05:00,3.8,500.0,23,5.7
1957,1963,Kothagudem to Hyderabad,https://www.redbus.in/bus-tickets/kothagudem-to-hyderabad,9,Morning Star Travels,A/C Sleeper (2+1),23:20,05h 40m,05:00,4.0,700.0,25,5.7
1958,1964,Kothagudem to Hyderabad,https://www.redbus.in/bus-tickets/kothagudem-to-hyderabad,9,Bharathi Tours & Travels,A/C Sleeper (2+1),23:00,06h 00m,05:00,4.5,650.0,23,6.0
1959,1965,Bangalore to Anantapur (andhra pradesh),https://www.redbus.in/bus-tickets/bangalore-to-ananthapur,7,APSRTC - 52229,"SUPER LUXURY (NON-AC, 2 + 2 PUSH BACK)",16:30,05h 00m,21:30,3.9,340.0,26,5.0
1960,1966,Bangalore to Anantapur (andhra pradesh),https://www.redbus.in/bus-tickets/bangalore-to-ananthapur,7,APSRTC - 52219,"ULTRA DELUXE (NON-AC, 2+2 PUSH BACK)",17:00,05h 00m,22:00,4.0,307.0,33,5.0
1961,1967,Bangalore to Anantapur (andhra pradesh),https://www.redbus.in/bus-tickets/bangalore-to-ananthapur,7,APSRTC - 52846,"ULTRA DELUXE (NON-AC, 2+2 PUSH BACK)",17:30,05h 00m,22:30,3.6,307.0,36,5.0
1962,1968,Bangalore to Anantapur (andhra pradesh),https://www.redbus.in/bus-tickets/bangalore-to-ananthapur,7,APSRTC - 52227,Super Luxury (Non AC Seater 2+2 Push Back),17:45,05h 00m,22:45,3.3,340.0,32,5.0
1963,1969,Bangalore to Anantapur (andhra pradesh),https://www.redbus.in/bus-tickets/bangalore-to-ananthapur,7,APSRTC - 52220,"ULTRA DELUXE (NON-AC, 2+2 PUSH BACK)",19:00,04h 59m,23:59,4.1,307.0,35,5.0
1964,1970,Bangalore to Anantapur (andhra pradesh),https://www.redbus.in/bus-tickets/bangalore-to-ananthapur,7,APSRTC - 6598,Super Luxury (Non AC Seater 2+2 Push Back),19:30,04h 25m,23:55,2.3,340.0,25,4.4
1965,1971,Bangalore to Anantapur (andhra pradesh),https://www.redbus.in/bus-tickets/bangalore-to-ananthapur,7,APSRTC - 6329,Super Luxury (Non AC Seater 2+2 Push Back),19:45,05h 30m,01:15,3.6,340.0,30,5.5
1966,1972,Bangalore to Anantapur (andhra pradesh),https://www.redbus.in/bus-tickets/bangalore-to-ananthapur,7,APSRTC - 6586,Super Luxury (Non AC Seater 2+2 Push Back),20:00,04h 35m,00:35,2.1,340.0,31,4.6
1967,1973,Bangalore to Anantapur (andhra pradesh),https://www.redbus.in/bus-tickets/bangalore-to-ananthapur,7,APSRTC - 6609,STAR LINER(NON-AC SLEEPER 2+1),20:30,04h 30m,01:00,3.7,464.0,22,4.5
1968,1974,Bangalore to Anantapur (andhra pradesh),https://www.redbus.in/bus-tickets/bangalore-to-ananthapur,7,APSRTC - 6542,STAR LINER(NON-AC SLEEPER 2+1),21:00,04h 30m,01:30,4.7,412.0,6,4.5
1969,1975,Bangalore to Anantapur (andhra pradesh),https://www.redbus.in/bus-tickets/bangalore-to-ananthapur,7,IntrCity SmartBus,A/C Seater / Sleeper (2+1),17:45,05h 50m,23:35,4.6,608.0,6,5.8
1970,1976,Bangalore to Anantapur (andhra pradesh),https://www.redbus.in/bus-tickets/bangalore-to-ananthapur,7,IntrCity SmartBus,AC Sleeper (2+1),18:20,06h 00m,00:20,4.9,997.0,9,6.0
1971,1977,Bangalore to Anantapur (andhra pradesh),https://www.redbus.in/bus-tickets/bangalore-to-ananthapur,7,IntrCity SmartBus,A/C Sleeper (2+1),18:00,06h 05m,00:05,4.4,1182.0,7,6.1
1972,1978,Bangalore to Anantapur (andhra pradesh),https://www.redbus.in/bus-tickets/bangalore-to-ananthapur,7,Sugama Tourist,NON A/C Sleeper (2+1),22:45,04h 15m,03:00,4.7,750.0,10,4.2
1973,1979,Bangalore to Anantapur (andhra pradesh),https://www.redbus.in/bus-tickets/bangalore-to-ananthapur,7,IntrCity SmartBus,A/C Seater / Sleeper (2+1),20:20,05h 10m,01:30,4.9,999.0,8,5.2
1974,1980,Bangalore to Anantapur (andhra pradesh),https://www.redbus.in/bus-tickets/bangalore-to-ananthapur,7,YAS TOURS AND TRAVELS,Volvo A/C B11R Multi Axle Semi Sleeper (2+2),23:59,03h 31m,03:30,3.6,800.0,47,3.5
1975,1981,Bangalore to Anantapur (andhra pradesh),https://www.redbus.in/bus-tickets/bangalore-to-ananthapur,7,IntrCity SmartBus,A/C Seater / Sleeper (2+1),20:15,04h 30m,00:45,4.3,823.0,12,4.5
1976,1982,Bangalore to Anantapur (andhra pradesh),https://www.redbus.in/bus-tickets/bangalore-to-ananthapur,7,Go Tour Travels and Holidays,A/C Sleeper (2+1),23:00,03h 15m,02:15,4.8,890.0,21,3.2
1977,1983,Bangalore to Anantapur (andhra pradesh),https://www.redbus.in/bus-tickets/bangalore-to-ananthapur,7,BRS Travels,A/C Seater / Sleeper (2+1),21:00,05h 00m,02:00,3.4,600.0,11,5.0
1978,1984,Bangalore to Anantapur (andhra pradesh),https://www.redbus.in/bus-tickets/bangalore-to-ananthapur,7,IntrCity SmartBus,AC Sleeper (2+1),18:45,05h 25m,00:10,5.0,399.0,10,5.4
1979,1985,Ranchi to Hajipur (Bihar),https://www.redbus.in/bus-tickets/ranchi-to-hajipur,14,Bihar state road transport corporation (BSRTC) - 153614,AC Seater (2+2),20:55,09h 35m,06:30,3.2,541.0,22,9.6
1980,1986,Ranchi to Hajipur (Bihar),https://www.redbus.in/bus-tickets/ranchi-to-hajipur,14,JGD Travels Pvt Ltd.,Bharat Benz A/C Sleeper (2+1),20:35,08h 25m,05:00,3.9,925.0,14,8.4
1981,1987,Ranchi to Hajipur (Bihar),https://www.redbus.in/bus-tickets/ranchi-to-hajipur,14,Pappu Travels (yvts),A/C Seater/Sleeper (2+1),16:45,10h 45m,03:30,3.0,800.0,8,10.8
1982,1988,Ranchi to Hajipur (Bihar),https://www.redbus.in/bus-tickets/ranchi-to-hajipur,14,Jai Mata Di Tour and Travels,A/C Seater / Sleeper (2+2),18:30,09h 30m,04:00,2.5,900.0,4,9.5
1983,1989,Ranchi to Hajipur (Bihar),https://www.redbus.in/bus-tickets/ranchi-to-hajipur,14,Jai Mata Di Tour and Travels,A/C Seater / Sleeper (2+2),19:15,09h 45m,05:00,2.5,900.0,1,9.8
1984,1990,Kozhikode to Kottayam,https://www.redbus.in/bus-tickets/kozhikode-to-kottayam,6,KSRTC (Kerala) - 726,Super Fast Non AC Seater (2+3),17:00,07h 05m,00:05,1.6,332.0,49,7.1
1985,1991,Kozhikode to Kottayam,https://www.redbus.in/bus-tickets/kozhikode-to-kottayam,6,KSRTC (Kerala) - 1862,Low Floor AC Seater 2+2,17:30,06h 55m,00:25,2.1,475.0,13,6.9
1986,1992,Kozhikode to Kottayam,https://www.redbus.in/bus-tickets/kozhikode-to-kottayam,6,KSRTC (Kerala) - 48,Swift Deluxe Non AC Air Bus (2+2),19:00,05h 40m,00:40,2.4,381.0,23,5.7
1987,1993,Kozhikode to Kottayam,https://www.redbus.in/bus-tickets/kozhikode-to-kottayam,6,KSRTC (Kerala) - 2372,Low Floor AC Seater 2+2,19:30,05h 40m,01:10,2.4,475.0,13,5.7
1988,1994,Kozhikode to Kottayam,https://www.redbus.in/bus-tickets/kozhikode-to-kottayam,6,KSRTC (Kerala) - 1880,Low Floor AC Seater 2+2,21:30,06h 35m,04:05,2.4,475.0,18,6.6
1989,1995,Kozhikode to Kottayam,https://www.redbus.in/bus-tickets/kozhikode-to-kottayam,6,KSRTC (Kerala) - 344,Super Fast Non AC Seater (2+3),21:45,06h 40m,04:25,2.4,332.0,45,6.7
1990,1996,Kozhikode to Kottayam,https://www.redbus.in/bus-tickets/kozhikode-to-kottayam,6,KSRTC (Kerala) - 44,Swift Deluxe Non AC Air Bus (2+2),21:50,05h 55m,03:45,2.4,381.0,10,5.9
1991,1997,Kozhikode to Kottayam,https://www.redbus.in/bus-tickets/kozhikode-to-kottayam,6,KSRTC (Kerala) - 560,Super Express Non AC Seater Air Bus (2+2),22:10,06h 20m,04:30,3.2,381.0,33,6.3
1992,1998,Kozhikode to Kottayam,https://www.redbus.in/bus-tickets/kozhikode-to-kottayam,6,KSRTC (Kerala) - 2743,Super Express Non AC Seater Air Bus (2+2),22:20,06h 25m,04:45,2.4,381.0,33,6.4
1993,1999,Kozhikode to Kottayam,https://www.redbus.in/bus-tickets/kozhikode-to-kottayam,6,KSRTC (Kerala) - 1200,Super Express Non AC Seater Air Bus (2+2),22:35,06h 25m,05:00,2.4,381.0,20,6.4
1994,2000,Kozhikode to Kottayam,https://www.redbus.in/bus-tickets/kozhikode-to-kottayam,6,KSRTC (Kerala) - 1704,Super Fast Non AC Seater (2+3),22:40,07h 01m,05:41,2.4,341.0,39,7.0
1995,2001,Kozhikode to Kottayam,https://www.redbus.in/bus-tickets/kozhikode-to-kottayam,6,KSRTC (Kerala) - 582,Super Express Non AC Seater Air Bus (2+2),22:40,06h 35m,05:15,2.4,370.0,17,6.6
1996,2002,Kozhikode to Kottayam,https://www.redbus.in/bus-tickets/kozhikode-to-kottayam,6,KSRTC (Kerala) - 128,Super Deluxe Non AC Seater Air Bus (2+2),22:55,05h 15m,04:10,2.4,381.0,28,5.2
1997,2003,Kozhikode to Kottayam,https://www.redbus.in/bus-tickets/kozhikode-to-kottayam,6,KSRTC (Kerala) - 2784,Super Express Non AC Seater Air Bus (2+2),23:20,07h 10m,06:30,2.4,386.0,21,7.2
1998,2004,Kozhikode to Kottayam,https://www.redbus.in/bus-tickets/kozhikode-to-kottayam,6,KSRTC (Kerala) - 673,Super Fast Non AC Seater (2+3),23:25,06h 30m,05:55,2.8,332.0,41,6.5
1999,2005,Kozhikode to Kottayam,https://www.redbus.in/bus-tickets/kozhikode-to-kottayam,6,KSRTC (Kerala) - 1843,Low Floor AC Seater 2+2,23:30,06h 20m,05:50,2.4,475.0,15,6.3
2000,2006,Kozhikode to Kottayam,https://www.redbus.in/bus-tickets/kozhikode-to-kottayam,6,KSRTC (Kerala) - 1963,Super Fast Non AC Seater (2+3),23:45,06h 15m,06:00,2.4,332.0,44,6.2
2001,2007,Kozhikode to Kottayam,https://www.redbus.in/bus-tickets/kozhikode-to-kottayam,6,KSRTC (Kerala) - 505,Super Express Non AC Seater Air Bus (2+2),23:59,04h 46m,04:45,2.3,381.0,25,4.8
2002,2008,Kozhikode to Kottayam,https://www.redbus.in/bus-tickets/kozhikode-to-kottayam,6,A1 Travels,A/C Seater / Sleeper (2+1),20:05,06h 55m,03:00,4.1,700.0,18,6.9
2003,2009,Kozhikode to Kottayam,https://www.redbus.in/bus-tickets/kozhikode-to-kottayam,6,EMERALD TRAVELS,Bharat Benz A/C Semi Sleeper (2+2),21:55,05h 35m,03:30,3.2,762.0,26,5.6
2004,2010,Kozhikode to Kottayam,https://www.redbus.in/bus-tickets/kozhikode-to-kottayam,6,Sonia Travels,A/C Seater/Sleeper (2+1),23:30,06h 45m,06:15,4.3,750.0,23,6.8
2005,2011,Kozhikode to Kottayam,https://www.redbus.in/bus-tickets/kozhikode-to-kottayam,6,Sonia Travels,A/C Semi Sleeper (2+2),23:45,06h 40m,06:25,4.3,700.0,23,6.7
2006,2012,Midnapore to Barasat (West Bengal),https://www.redbus.in/bus-tickets/midnapore-to-barasat-west-bengal,4,WBTC (CTC) Habra-Midnapur - 194|15:40,Non AC Seater (2+3),15:40,03h 15m,18:55,4.4,120.0,18,3.2
2007,2013,Midnapore to Barasat (West Bengal),https://www.redbus.in/bus-tickets/midnapore-to-barasat-west-bengal,4,WBTC (CTC) Habra-Midnapur - 194|17:00,Non AC Seater (2+3),17:00,03h 10m,20:10,4.3,120.0,41,3.2
2008,2014,Midnapore to Barasat (West Bengal),https://www.redbus.in/bus-tickets/midnapore-to-barasat-west-bengal,4,SBSTC-MIDNAPUR - BARASAT - 16:00 (MID DEPOT) - 1193,Non AC Seater (2+3),16:00,08h 00m,00:00,4.1,125.0,15,8.0
2009,2015,Kolkata to Heria,https://www.redbus.in/bus-tickets/kolkata-to-heria,12,SBSTC-GARIA - DIGHA - 15:15 (DIGHA DEPOT) - 543,Non AC Seater (2+3),15:15,08h 45m,00:00,5.0,119.0,17,8.8
2010,2016,Kolkata to Heria,https://www.redbus.in/bus-tickets/kolkata-to-heria,12,SBSTC-GARIA - DIGHA - 22:30 (DIGHA DEPOT) - 3745,Non AC Seater (2+3),23:45,00h 15m,00:00,3.7,107.0,5,0.2
2011,2017,Kolkata to Heria,https://www.redbus.in/bus-tickets/kolkata-to-heria,12,WBTC (CTC) KARUNAMOYEE (Salt Lake) -DIGHA - 102|15:25,Non AC Seater (2+3),15:25,03h 05m,18:30,3.8,115.0,52,3.1
2012,2018,Kolkata to Heria,https://www.redbus.in/bus-tickets/kolkata-to-heria,12,Basu Travels,A/C Seater Push Back (2+3),23:30,03h 25m,02:55,2.7,300.0,35,3.4
2013,2019,Kolkata to Heria,https://www.redbus.in/bus-tickets/kolkata-to-heria,12,Basu Travels,A/C Seater Push Back (2+3),23:55,02h 50m,02:45,2.7,469.0,21,2.8
2014,2020,Phagwara to Delhi Airport,https://www.redbus.in/bus-tickets/phagwara-to-delhi-airport,17,PEPSU (Punjab) - 67098,Volvo AC Seater (2+2),18:35,09h 30m,04:05,4.0,1078.0,28,9.5
2015,2021,Phagwara to Delhi Airport,https://www.redbus.in/bus-tickets/phagwara-to-delhi-airport,17,PEPSU (Punjab) - 67128,Volvo AC Seater (2+2),19:30,09h 20m,04:50,4.8,1078.0,30,9.3
2016,2022,Phagwara to Delhi Airport,https://www.redbus.in/bus-tickets/phagwara-to-delhi-airport,17,PEPSU (Punjab) - 67164,Volvo AC Seater (2+2),20:20,09h 30m,05:50,4.3,1078.0,35,9.5
2017,2023,Phagwara to Delhi Airport,https://www.redbus.in/bus-tickets/phagwara-to-delhi-airport,17,Indo Canadian Transport Pvt. Ltd.,A/C Semi Sleeper (2+2),16:35,08h 25m,01:00,4.4,2500.0,44,8.4
2018,2024,Phagwara to Delhi Airport,https://www.redbus.in/bus-tickets/phagwara-to-delhi-airport,17,Indo Canadian Transport Pvt. Ltd.,A/C Sleeper (2+1),20:35,08h 25m,05:00,4.4,2500.0,28,8.4
2019,2025,Phagwara to Delhi Airport,https://www.redbus.in/bus-tickets/phagwara-to-delhi-airport,17,Indo Canadian Transport Pvt. Ltd.,A/C Semi Sleeper (2+2),22:35,08h 25m,07:00,4.4,2500.0,44,8.4
2020,2026,Phagwara to Delhi Airport,https://www.redbus.in/bus-tickets/phagwara-to-delhi-airport,17,Indo Canadian Transport Pvt. Ltd.,A/C Semi Sleeper (2+2),16:43,08h 25m,01:08,4.4,2500.0,44,8.4
2021,2027,Phagwara to Delhi Airport,https://www.redbus.in/bus-tickets/phagwara-to-delhi-airport,17,Indo Canadian Transport Pvt. Ltd.,A/C Semi Sleeper (2+2),22:35,10h 25m,09:00,4.4,2500.0,44,10.4
2022,2028,Chandigarh to Kangra,https://www.redbus.in/bus-tickets/chandigarh-to-kangra,13,HRTC - 1514,Ordinary 3+2 Non AC Seater,16:00,06h 45m,22:45,3.9,395.0,36,6.8
2023,2029,Chandigarh to Kangra,https://www.redbus.in/bus-tickets/chandigarh-to-kangra,13,HRTC - 1533,Himsuta AC Seater Volvo/Scania 2+2,17:25,06h 05m,23:30,3.9,655.0,29,6.1
2024,2030,Chandigarh to Kangra,https://www.redbus.in/bus-tickets/chandigarh-to-kangra,13,HRTC - 573,Ordinary 3+2 Non AC Seater,19:40,05h 35m,01:15,3.9,395.0,37,5.6
2025,2031,Chandigarh to Kangra,https://www.redbus.in/bus-tickets/chandigarh-to-kangra,13,HRTC - 1505,Ordinary 3+2 Non AC Seater,20:16,06h 09m,02:25,3.9,365.0,36,6.2
2026,2032,Chandigarh to Kangra,https://www.redbus.in/bus-tickets/chandigarh-to-kangra,13,HRTC - 1150,Ordinary 3+2 Non AC Seater,20:30,06h 55m,03:25,3.9,371.0,37,6.9
2027,2033,Chandigarh to Kangra,https://www.redbus.in/bus-tickets/chandigarh-to-kangra,13,HRTC - 91,Himsuta AC Seater Volvo/Scania 2+2,22:10,05h 55m,04:05,3.9,655.0,34,5.9
2028,2034,Chandigarh to Kangra,https://www.redbus.in/bus-tickets/chandigarh-to-kangra,13,Laxmi holidays,Volvo 9600 A/C Semi Sleeper (2+2),23:55,05h 15m,05:10,4.7,599.0,15,5.2
2029,2035,Chandigarh to Kangra,https://www.redbus.in/bus-tickets/chandigarh-to-kangra,13,Laxmi holidays,Scania Multi-Axle AC Semi Sleeper (2+2),23:55,05h 15m,05:10,4.5,599.0,4,5.2
2030,2036,Chandigarh to Kangra,https://www.redbus.in/bus-tickets/chandigarh-to-kangra,13,Asian's Shina Tour & Travels (Swoyambhu Manjushree Yatayat P. LTD),NON A/C Semi Sleeper (2+2),23:55,05h 35m,05:30,2.4,999.0,29,5.6
2031,2037,Delhi to Aligarh (uttar pradesh),https://www.redbus.in/bus-tickets/delhi-to-aligarh-uttar-pradesh,2,UPSRTC - BDV0107,Ordinary Non AC Seater 2+3,15:50,03h 20m,19:10,3.3,203.0,52,3.3
2032,2038,Delhi to Aligarh (uttar pradesh),https://www.redbus.in/bus-tickets/delhi-to-aligarh-uttar-pradesh,2,UPSRTC - ALI0004,Janrath AC Seater 2+3,16:00,04h 00m,20:00,2.4,263.0,48,4.0
2033,2039,Delhi to Aligarh (uttar pradesh),https://www.redbus.in/bus-tickets/delhi-to-aligarh-uttar-pradesh,2,UPSRTC - HDD0252,Ordinary Non AC Seater 2+3,16:01,04h 14m,20:15,3.3,255.0,52,4.2
2034,2040,Delhi to Aligarh (uttar pradesh),https://www.redbus.in/bus-tickets/delhi-to-aligarh-uttar-pradesh,2,UPSRTC - HDD0166,Ordinary Non AC Seater 2+3,16:27,01h 44m,18:11,3.3,252.0,52,1.7
2035,2041,Delhi to Aligarh (uttar pradesh),https://www.redbus.in/bus-tickets/delhi-to-aligarh-uttar-pradesh,2,UPSRTC - BDV0085,Ordinary Non AC Seater 2+3,16:28,03h 20m,19:48,3.3,203.0,52,3.3
2036,2042,Delhi to Aligarh (uttar pradesh),https://www.redbus.in/bus-tickets/delhi-to-aligarh-uttar-pradesh,2,UPSRTC - ALI0176,Janrath AC Seater 2+2,16:29,03h 01m,19:30,3.3,304.0,31,3.0
2037,2043,Delhi to Aligarh (uttar pradesh),https://www.redbus.in/bus-tickets/delhi-to-aligarh-uttar-pradesh,2,UPSRTC - BDV0099,Ordinary Non AC Seater 2+3,16:30,03h 20m,19:50,3.3,203.0,52,3.3
2038,2044,Delhi to Aligarh (uttar pradesh),https://www.redbus.in/bus-tickets/delhi-to-aligarh-uttar-pradesh,2,UPSRTC - HDD0023,Ordinary Non AC Seater 2+3,16:35,05h 15m,21:50,3.3,252.0,52,5.2
2039,2045,Delhi to Aligarh (uttar pradesh),https://www.redbus.in/bus-tickets/delhi-to-aligarh-uttar-pradesh,2,UPSRTC - HDD0254,Ordinary Non AC Seater 2+3,17:01,03h 59m,21:00,3.3,255.0,52,4.0
2040,2046,Delhi to Aligarh (uttar pradesh),https://www.redbus.in/bus-tickets/delhi-to-aligarh-uttar-pradesh,2,UPSRTC - HDD0074,Ordinary Non AC Seater 2+3,17:05,01h 45m,18:50,3.3,255.0,52,1.8
2041,2047,Delhi to Aligarh (uttar pradesh),https://www.redbus.in/bus-tickets/delhi-to-aligarh-uttar-pradesh,2,UPSRTC - BDV0175,Janrath AC Seater 2+2,17:29,03h 00m,20:29,3.3,304.0,32,3.0
2042,2048,Delhi to Aligarh (uttar pradesh),https://www.redbus.in/bus-tickets/delhi-to-aligarh-uttar-pradesh,2,UPSRTC - HDD0157,Ordinary Non AC Seater 2+3,17:30,03h 27m,20:57,3.3,252.0,52,3.5
2043,2049,Delhi to Aligarh (uttar pradesh),https://www.redbus.in/bus-tickets/delhi-to-aligarh-uttar-pradesh,2,UPSRTC - HDD0255,Ordinary Non AC Seater 2+3,17:58,02h 08m,20:06,3.3,255.0,52,2.1
2044,2050,Delhi to Aligarh (uttar pradesh),https://www.redbus.in/bus-tickets/delhi-to-aligarh-uttar-pradesh,2,UPSRTC - HDD0079,Ordinary Non AC Seater 2+3,18:05,02h 45m,20:50,3.3,255.0,52,2.8
2045,2051,Delhi to Aligarh (uttar pradesh),https://www.redbus.in/bus-tickets/delhi-to-aligarh-uttar-pradesh,2,UPSRTC - HDD0171,Ordinary Non AC Seater 2+3,18:06,03h 44m,21:50,3.3,255.0,52,3.7
2046,2052,Delhi to Aligarh (uttar pradesh),https://www.redbus.in/bus-tickets/delhi-to-aligarh-uttar-pradesh,2,UPSRTC - ALI0011,Janrath AC Seater 2+2,18:31,02h 59m,21:30,1.7,304.0,36,3.0
2047,2053,Delhi to Aligarh (uttar pradesh),https://www.redbus.in/bus-tickets/delhi-to-aligarh-uttar-pradesh,2,UPSRTC - HDD0035,Ordinary Non AC Seater 2+3,18:32,02h 18m,20:50,3.3,255.0,52,2.3
2048,2054,Delhi to Aligarh (uttar pradesh),https://www.redbus.in/bus-tickets/delhi-to-aligarh-uttar-pradesh,2,UPSRTC - HDD0038,Ordinary Non AC Seater 2+3,18:33,02h 57m,21:30,3.3,252.0,52,3.0
2049,2055,Delhi to Aligarh (uttar pradesh),https://www.redbus.in/bus-tickets/delhi-to-aligarh-uttar-pradesh,2,UPSRTC - HDD0159,Ordinary Non AC Seater 2+3,18:59,04h 01m,23:00,3.3,250.0,52,4.0
2050,2056,Delhi to Aligarh (uttar pradesh),https://www.redbus.in/bus-tickets/delhi-to-aligarh-uttar-pradesh,2,UPSRTC - HDD0025,Ordinary Non AC Seater 2+3,19:00,05h 40m,00:40,3.3,252.0,52,5.7
2051,2057,Delhi to Aligarh (uttar pradesh),https://www.redbus.in/bus-tickets/delhi-to-aligarh-uttar-pradesh,2,UPSRTC - HDD0111,Ordinary Non AC Seater 2+3,19:03,05h 57m,01:00,3.3,255.0,52,6.0
2052,2058,Delhi to Aligarh (uttar pradesh),https://www.redbus.in/bus-tickets/delhi-to-aligarh-uttar-pradesh,2,UPSRTC - HDD0174,Ordinary Non AC Seater 2+3,19:06,04h 03m,23:09,3.3,255.0,52,4.0
2053,2059,Delhi to Aligarh (uttar pradesh),https://www.redbus.in/bus-tickets/delhi-to-aligarh-uttar-pradesh,2,UPSRTC - BDV0089,Ordinary Non AC Seater 2+3,19:28,03h 20m,22:48,3.3,203.0,52,3.3
2054,2060,Delhi to Aligarh (uttar pradesh),https://www.redbus.in/bus-tickets/delhi-to-aligarh-uttar-pradesh,2,UPSRTC - BDV0103,Ordinary Non AC Seater 2+3,19:30,03h 20m,22:50,3.3,203.0,52,3.3
2055,2061,Delhi to Aligarh (uttar pradesh),https://www.redbus.in/bus-tickets/delhi-to-aligarh-uttar-pradesh,2,UPSRTC - BDV0471,Janrath AC Seater 2+2,19:31,03h 00m,22:31,3.3,304.0,36,3.0
2056,2062,Delhi to Aligarh (uttar pradesh),https://www.redbus.in/bus-tickets/delhi-to-aligarh-uttar-pradesh,2,UPSRTC - HDD0163,Ordinary Non AC Seater 2+3,19:32,03h 28m,23:00,3.3,252.0,52,3.5
2057,2063,Delhi to Aligarh (uttar pradesh),https://www.redbus.in/bus-tickets/delhi-to-aligarh-uttar-pradesh,2,UPSRTC - HDD0131,Ordinary Non AC Seater 2+3,20:07,03h 09m,23:16,3.3,255.0,52,3.1
2058,2064,Delhi to Aligarh (uttar pradesh),https://www.redbus.in/bus-tickets/delhi-to-aligarh-uttar-pradesh,2,UPSRTC - HDD0173,Ordinary Non AC Seater 2+3,20:16,04h 09m,00:25,3.3,226.0,52,4.2
2059,2065,Delhi to Aligarh (uttar pradesh),https://www.redbus.in/bus-tickets/delhi-to-aligarh-uttar-pradesh,2,UPSRTC - BDV0111,Ordinary Non AC Seater 2+3,20:29,03h 20m,23:49,3.3,203.0,52,3.3
2060,2066,Delhi to Aligarh (uttar pradesh),https://www.redbus.in/bus-tickets/delhi-to-aligarh-uttar-pradesh,2,UPSRTC - ETH0075,Ordinary Non AC Seater 2+3,20:31,03h 34m,00:05,3.3,255.0,52,3.6
2061,2067,Delhi to Aligarh (uttar pradesh),https://www.redbus.in/bus-tickets/delhi-to-aligarh-uttar-pradesh,2,Chaturvedi Bus Service,NON A/C Seater/ Sleeper (2+1),22:00,03h 30m,01:30,2.6,670.0,51,3.5
2062,2068,Delhi to Aligarh (uttar pradesh),https://www.redbus.in/bus-tickets/delhi-to-aligarh-uttar-pradesh,2,Chaturvedi Bus Service,NON AC Seater / Sleeper 2+1,21:00,03h 30m,00:30,2.6,670.0,45,3.5
2063,2069,Delhi to Aligarh (uttar pradesh),https://www.redbus.in/bus-tickets/delhi-to-aligarh-uttar-pradesh,2,Chaturvedi Bus Service,NON A/C Seater/ Sleeper (2+1),19:30,06h 00m,01:30,2.6,520.0,51,6.0
2064,2070,Delhi to Aligarh (uttar pradesh),https://www.redbus.in/bus-tickets/delhi-to-aligarh-uttar-pradesh,2,Chaturvedi Bus Service,A/C Seater / Sleeper (2+1),20:40,05h 50m,02:30,2.6,570.0,48,5.8
2065,2071,Manali to Shimla,https://www.redbus.in/bus-tickets/manali-to-shimla,13,HRTC - 710,Himmani Deluxe 2+2 Non AC Seater,18:20,10h 10m,04:30,3.6,641.0,26,10.2
2066,2072,Manali to Shimla,https://www.redbus.in/bus-tickets/manali-to-shimla,13,HRTC - 726,Ordinary 3+2 Non AC Seater,19:20,09h 10m,04:30,3.3,583.0,27,9.2
2067,2073,Manali to Shimla,https://www.redbus.in/bus-tickets/manali-to-shimla,13,HRTC - 155,Himsuta AC Seater Volvo/Scania 2+2,21:00,09h 10m,06:10,3.7,963.0,35,9.2
2068,2074,Manali to Shimla,https://www.redbus.in/bus-tickets/manali-to-shimla,13,HRTC - 718,Ordinary 3+2 Non AC Seater,21:30,07h 00m,04:30,2.9,583.0,39,7.0
2069,2075,Kolkata to Asansol (West Bengal),https://www.redbus.in/bus-tickets/kolkata-to-asansol,4,SBSTC-KARUNAMOYEE - ASANSOL - 15:30 (ASN DEPOT) - 249,Non AC Seater (2+3),15:30,05h 00m,20:30,3.3,185.0,36,5.0
2070,2076,Kolkata to Asansol (West Bengal),https://www.redbus.in/bus-tickets/kolkata-to-asansol,4,SBSTC-KOLKATA - ASANSOL - 16:00 (ASANSOL DEPOT) - 768,Non AC Seater (2+3),16:00,04h 30m,20:30,4.4,180.0,49,4.5
2071,2077,Kolkata to Asansol (West Bengal),https://www.redbus.in/bus-tickets/kolkata-to-asansol,4,SBSTC-KARUNAMOYEE - ASANSOL - AC - 16:15 (BEL DEPOT) - 1566,AC Seater (2+2),16:15,05h 00m,21:15,1.7,360.0,36,5.0
2072,2078,Kolkata to Asansol (West Bengal),https://www.redbus.in/bus-tickets/kolkata-to-asansol,4,SBSTC-KOLKATA - ASANSOL - 16:30 (ASANSOL DEPOT) - 261,Non AC Seater (2+3),16:30,04h 30m,21:00,2.5,180.0,52,4.5
2073,2079,Kolkata to Asansol (West Bengal),https://www.redbus.in/bus-tickets/kolkata-to-asansol,4,SBSTC-KOLKATA - ASANSOL - L/S - 17:00 (ASANSOL DEPOT) - 769,Non AC Seater (2+3),17:00,04h 30m,21:30,2.6,180.0,49,4.5
2074,2080,Kolkata to Asansol (West Bengal),https://www.redbus.in/bus-tickets/kolkata-to-asansol,4,SBSTC-KOLKATA - JAMURIA - VIA - DURGAPUR - 17:30 - 300,Non AC Seater (2+3),17:30,04h 30m,22:00,4.2,180.0,51,4.5
2075,2081,Kolkata to Asansol (West Bengal),https://www.redbus.in/bus-tickets/kolkata-to-asansol,4,Shyamoli Paribahan Pvt Ltd,Volvo A/C Seater (2+2),14:55,04h 15m,19:00,3.9,524.0,25,4.2
2076,2082,Kolkata to Asansol (West Bengal),https://www.redbus.in/bus-tickets/kolkata-to-asansol,4,Greenline (Karunamoyee),Volvo 9600 A/C Semi Sleeper (2+2),15:00,05h 00m,20:00,4.3,524.0,18,5.0
2077,2083,Kolkata to Asansol (West Bengal),https://www.redbus.in/bus-tickets/kolkata-to-asansol,4,SHYAMOLI Pvt. Ltd.(Karunamoyee),Volvo A/C Seater (2+2),15:00,04h 00m,19:00,4.2,524.0,11,4.0
2078,2084,Kolkata to Asansol (West Bengal),https://www.redbus.in/bus-tickets/kolkata-to-asansol,4,Greenline,Volvo A/C Seater (2+2),15:15,04h 15m,19:30,4.1,524.0,9,4.2
2079,2085,Kolkata to Asansol (West Bengal),https://www.redbus.in/bus-tickets/kolkata-to-asansol,4,Express Line,Volvo 9600 Multi Axle Semi-Sleeper (2+2),15:30,04h 10m,19:40,4.3,524.0,42,4.2
2080,2086,Kolkata to Asansol (West Bengal),https://www.redbus.in/bus-tickets/kolkata-to-asansol,4,Express Line (Karunamoyee),Volvo 9600 A/C Semi Sleeper (2+2),15:45,05h 00m,20:45,4.7,524.0,25,5.0
2081,2087,Kolkata to Asansol (West Bengal),https://www.redbus.in/bus-tickets/kolkata-to-asansol,4,SHYAMOLI Pvt. Ltd.(Karunamoyee),Volvo A/C Seater (2+2),16:00,05h 00m,21:00,4.1,524.0,31,5.0
2082,2088,Kolkata to Asansol (West Bengal),https://www.redbus.in/bus-tickets/kolkata-to-asansol,4,Greenline,Volvo 9600 Multi Axle Semi-Sleeper (2+2),16:00,04h 00m,20:00,4.3,524.0,11,4.0
2083,2089,Kolkata to Asansol (West Bengal),https://www.redbus.in/bus-tickets/kolkata-to-asansol,4,Shyamoli Paribahan Pvt Ltd,Volvo A/C Seater (2+2),16:40,05h 00m,21:40,4.7,524.0,29,5.0
2084,2090,Kolkata to Asansol (West Bengal),https://www.redbus.in/bus-tickets/kolkata-to-asansol,4,Greenline (Karunamoyee),Volvo A/C Seater (2+2),16:45,05h 00m,21:45,4.4,524.0,28,5.0
2085,2091,Jawala Ji to Chandigarh,https://www.redbus.in/bus-tickets/jawala-ji-to-chandigarh,8,HRTC - 912,Ordinary 3+2 Non AC Seater,16:40,06h 30m,23:10,3.9,318.0,37,6.5
2086,2092,Jawala Ji to Chandigarh,https://www.redbus.in/bus-tickets/jawala-ji-to-chandigarh,8,HRTC - 911,Ordinary 3+2 Non AC Seater,17:40,05h 40m,23:20,3.9,308.0,37,5.7
2087,2093,Jawala Ji to Chandigarh,https://www.redbus.in/bus-tickets/jawala-ji-to-chandigarh,8,HRTC - 965,Himmani Deluxe 2+2 Non AC Seater,18:05,06h 15m,00:20,3.9,331.0,27,6.2
2088,2094,Jawala Ji to Chandigarh,https://www.redbus.in/bus-tickets/jawala-ji-to-chandigarh,8,HRTC - 1109,Ordinary 3+2 Non AC Seater,19:05,05h 15m,00:20,3.9,314.0,37,5.2
2089,2095,Jawala Ji to Chandigarh,https://www.redbus.in/bus-tickets/jawala-ji-to-chandigarh,8,HRTC - 903,Himmani Deluxe 2+2 Non AC Seater,19:50,05h 10m,01:00,3.9,340.0,27,5.2
2090,2096,Jawala Ji to Chandigarh,https://www.redbus.in/bus-tickets/jawala-ji-to-chandigarh,8,HRTC - 25,Himsuta AC Seater Volvo/Scania 2+2,20:10,05h 05m,01:15,3.9,575.0,33,5.1
2091,2097,Jawala Ji to Chandigarh,https://www.redbus.in/bus-tickets/jawala-ji-to-chandigarh,8,HRTC - 43,Himsuta AC Seater Volvo/Scania 2+2,21:20,03h 55m,01:15,3.9,561.0,20,3.9
2092,2098,Jawala Ji to Chandigarh,https://www.redbus.in/bus-tickets/jawala-ji-to-chandigarh,8,HRTC - 13,Himsuta AC Seater Volvo/Scania 2+2,21:35,04h 40m,02:15,3.9,556.0,34,4.7
2093,2099,Jawala Ji to Chandigarh,https://www.redbus.in/bus-tickets/jawala-ji-to-chandigarh,8,HRTC - 905,Ordinary 3+2 Non AC Seater,22:00,04h 30m,02:30,3.9,309.0,37,4.5
2094,2100,Jawala Ji to Chandigarh,https://www.redbus.in/bus-tickets/jawala-ji-to-chandigarh,8,HRTC - 927,Ordinary 3+2 Non AC Seater,23:00,05h 15m,04:15,3.9,303.0,37,5.2
2095,2101,Jawala Ji to Chandigarh,https://www.redbus.in/bus-tickets/jawala-ji-to-chandigarh,8,HRTC - 1116,A/C Executive (2+3),23:35,04h 30m,04:05,3.9,348.0,34,4.5
2096,2102,Jawala Ji to Chandigarh,https://www.redbus.in/bus-tickets/jawala-ji-to-chandigarh,8,New Himalaya Travels,Volvo A/C Semi Sleeper (2+2),21:05,04h 10m,01:15,4.4,550.0,21,4.2
2097,2103,Jawala Ji to Chandigarh,https://www.redbus.in/bus-tickets/jawala-ji-to-chandigarh,8,Ram Dalal Holidays,Volvo 9600 A/C Semi Sleeper (2+2),21:30,04h 00m,01:30,5.0,620.0,6,4.0
2098,2104,Jawala Ji to Chandigarh,https://www.redbus.in/bus-tickets/jawala-ji-to-chandigarh,8,Northern Travels,Volvo A/C Semi Sleeper (2+2),20:45,04h 15m,01:00,2.7,600.0,4,4.2
2099,2105,Siliguri to Barasat (West Bengal),https://www.redbus.in/bus-tickets/siliguri-to-barasat-west-bengal,1,NBSTC-SLG-KOL-R1-18:30,NON A/C Seater Push Back (2+2),18:30,11h 00m,05:30,4.2,466.0,33,11.0
2100,2106,Siliguri to Barasat (West Bengal),https://www.redbus.in/bus-tickets/siliguri-to-barasat-west-bengal,1,Aradhana Bus Service,NON A/C Seater / Sleeper (2+2),14:50,15h 05m,05:55,2.4,665.0,29,15.1
2101,2107,Chandigarh to Shimla,https://www.redbus.in/bus-tickets/chandigarh-to-shimla,13,HRTC - 1553,Ordinary 3+2 Non AC Seater,16:40,04h 09m,20:49,3.9,237.0,47,4.2
2102,2108,Chandigarh to Shimla,https://www.redbus.in/bus-tickets/chandigarh-to-shimla,13,HRTC - 515,Ordinary 3+2 Non AC Seater,17:30,05h 20m,22:50,3.9,242.0,37,5.3
2103,2109,Chandigarh to Shimla,https://www.redbus.in/bus-tickets/chandigarh-to-shimla,13,HRTC - 1509,Ordinary 3+2 Non AC Seater,18:00,04h 30m,22:30,3.9,242.0,29,4.5
2104,2110,Chandigarh to Shimla,https://www.redbus.in/bus-tickets/chandigarh-to-shimla,13,HRTC - 63,Himsuta AC Seater Volvo/Scania 2+2,18:10,04h 20m,22:30,4.4,384.0,33,4.3
2105,2111,Chandigarh to Shimla,https://www.redbus.in/bus-tickets/chandigarh-to-shimla,13,HRTC - 6707,Ordinary 3+2 Non AC Seater,18:30,04h 30m,23:00,3.9,240.0,37,4.5
2106,2112,Chandigarh to Shimla,https://www.redbus.in/bus-tickets/chandigarh-to-shimla,13,HRTC - 1512,Ordinary 3+2 Non AC Seater,19:00,04h 30m,23:30,3.9,240.0,37,4.5
2107,2113,Chandigarh to Shimla,https://www.redbus.in/bus-tickets/chandigarh-to-shimla,13,HRTC - 137,Ordinary 3+2 Non AC Seater,19:30,04h 40m,00:10,3.9,242.0,37,4.7
2108,2114,Chandigarh to Shimla,https://www.redbus.in/bus-tickets/chandigarh-to-shimla,13,HRTC - 1510,Ordinary 3+2 Non AC Seater,20:00,04h 30m,00:30,3.9,240.0,37,4.5
2109,2115,Chandigarh to Shimla,https://www.redbus.in/bus-tickets/chandigarh-to-shimla,13,HRTC - 1729,Ordinary 3+2 Non AC Seater,20:20,05h 10m,01:30,3.9,242.0,36,5.2
2110,2116,Chandigarh to Shimla,https://www.redbus.in/bus-tickets/chandigarh-to-shimla,13,Chandigarh Transport Undertaking (CTU) - 165747,HVAC Seater (2+3),17:12,04h 35m,21:47,4.3,307.62,47,4.6
2111,2117,Kanpur (Uttar Pradesh) to Lucknow,https://www.redbus.in/bus-tickets/kanpur-to-lucknow,2,UPSRTC - HDD0061,Rajdhani Non AC Seater 2+3,16:30,03h 33m,20:03,3.3,150.0,52,3.5
2112,2118,Kanpur (Uttar Pradesh) to Lucknow,https://www.redbus.in/bus-tickets/kanpur-to-lucknow,2,UPSRTC - BTR0025,Ordinary Non AC Seater 2+3,16:30,01h 47m,18:17,3.3,146.0,52,1.8
2113,2119,Kanpur (Uttar Pradesh) to Lucknow,https://www.redbus.in/bus-tickets/kanpur-to-lucknow,2,UPSRTC - BLP0039,Ordinary Non AC Seater 2+3,16:30,03h 00m,19:30,3.3,150.0,52,3.0
2114,2120,Kanpur (Uttar Pradesh) to Lucknow,https://www.redbus.in/bus-tickets/kanpur-to-lucknow,2,UPSRTC - HDD0107,Rajdhani Non AC Seater 2+3,16:32,00h 53m,17:25,3.3,146.0,51,0.9
2115,2121,Kanpur (Uttar Pradesh) to Lucknow,https://www.redbus.in/bus-tickets/kanpur-to-lucknow,2,UPSRTC - JHD0025,Ordinary Non AC Seater 2+3,17:15,02h 15m,19:30,3.3,146.0,52,2.2
2116,2122,Kanpur (Uttar Pradesh) to Lucknow,https://www.redbus.in/bus-tickets/kanpur-to-lucknow,2,UPSRTC - BLP0096,Ordinary Non AC Seater 2+3,17:30,02h 50m,20:20,3.3,150.0,52,2.8
2117,2123,Kanpur (Uttar Pradesh) to Lucknow,https://www.redbus.in/bus-tickets/kanpur-to-lucknow,2,UPSRTC - ORI0074,Ordinary Non AC Seater 2+3,18:00,02h 00m,20:00,3.3,146.0,52,2.0
2118,2124,Kanpur (Uttar Pradesh) to Lucknow,https://www.redbus.in/bus-tickets/kanpur-to-lucknow,2,UPSRTC - BUI0013,Ordinary Non AC Seater 2+3,18:30,03h 00m,21:30,3.3,142.0,52,3.0
2119,2125,Kanpur (Uttar Pradesh) to Lucknow,https://www.redbus.in/bus-tickets/kanpur-to-lucknow,2,UPSRTC - BLP0100,Ordinary Non AC Seater 2+3,19:00,01h 55m,20:55,3.3,142.0,52,1.9
2120,2126,Kanpur (Uttar Pradesh) to Lucknow,https://www.redbus.in/bus-tickets/kanpur-to-lucknow,2,UPSRTC - BRH0018,Ordinary Non AC Seater 2+3,19:00,02h 10m,21:10,3.3,150.0,52,2.2
2121,2127,Kanpur (Uttar Pradesh) to Lucknow,https://www.redbus.in/bus-tickets/kanpur-to-lucknow,2,UPSRTC - BRH0022,Ordinary Non AC Seater 2+3,19:30,02h 10m,21:40,3.3,150.0,52,2.2
2122,2128,Kanpur (Uttar Pradesh) to Lucknow,https://www.redbus.in/bus-tickets/kanpur-to-lucknow,2,UPSRTC - BUI0004,Ordinary Non AC Seater 2+3,19:30,01h 30m,21:00,3.3,142.0,52,1.5
2123,2129,Kanpur (Uttar Pradesh) to Lucknow,https://www.redbus.in/bus-tickets/kanpur-to-lucknow,2,UPSRTC - BLP0092,Ordinary Non AC Seater 2+3,20:00,01h 45m,21:45,3.3,142.0,52,1.8
2124,2130,Kanpur (Uttar Pradesh) to Lucknow,https://www.redbus.in/bus-tickets/kanpur-to-lucknow,2,UPSRTC - VKS0007,Janrath AC Seater 2+3,20:00,02h 30m,22:30,1.9,188.0,48,2.5
2125,2131,Kanpur (Uttar Pradesh) to Lucknow,https://www.redbus.in/bus-tickets/kanpur-to-lucknow,2,UPSRTC - MHB0007,Janrath AC Seater 2+2,20:30,01h 42m,22:12,1.4,216.0,36,1.7
2126,2132,Kanpur (Uttar Pradesh) to Lucknow,https://www.redbus.in/bus-tickets/kanpur-to-lucknow,2,UPSRTC - BLP0089,Ordinary Non AC Seater 2+3,20:30,03h 15m,23:45,3.3,167.0,52,3.2
2127,2133,Kanpur (Uttar Pradesh) to Lucknow,https://www.redbus.in/bus-tickets/kanpur-to-lucknow,2,UPSRTC - BRH0039,Ordinary Non AC Seater 2+3,21:00,02h 00m,23:00,3.3,150.0,52,2.0
2128,2134,Kanpur (Uttar Pradesh) to Lucknow,https://www.redbus.in/bus-tickets/kanpur-to-lucknow,2,UPSRTC - AYD0060,Ordinary Non AC Seater 2+3,21:00,02h 00m,23:00,3.3,142.0,52,2.0
2129,2135,Kanpur (Uttar Pradesh) to Lucknow,https://www.redbus.in/bus-tickets/kanpur-to-lucknow,2,UPSRTC - AKP0218,Ordinary Non AC Seater 2+3,21:02,02h 33m,23:35,3.3,180.0,52,2.5
2130,2136,Kanpur (Uttar Pradesh) to Lucknow,https://www.redbus.in/bus-tickets/kanpur-to-lucknow,2,UPSRTC - FZG0009,Ordinary Non AC Seater 2+3,21:30,03h 00m,00:30,3.3,142.0,52,3.0
2131,2137,Kanpur (Uttar Pradesh) to Lucknow,https://www.redbus.in/bus-tickets/kanpur-to-lucknow,2,UPSRTC - BLP0041,Ordinary Non AC Seater 2+3,21:30,02h 20m,23:50,3.3,146.0,52,2.3
2132,2138,Kanpur (Uttar Pradesh) to Lucknow,https://www.redbus.in/bus-tickets/kanpur-to-lucknow,2,UPSRTC - BRH0028,Ordinary Non AC Seater 2+3,21:30,02h 10m,23:40,3.3,150.0,52,2.2
2133,2139,Kanpur (Uttar Pradesh) to Lucknow,https://www.redbus.in/bus-tickets/kanpur-to-lucknow,2,UPSRTC - HMR0021,Ordinary Non AC Seater 2+3,22:00,02h 30m,00:30,3.3,180.0,52,2.5
2134,2140,Kanpur (Uttar Pradesh) to Lucknow,https://www.redbus.in/bus-tickets/kanpur-to-lucknow,2,UPSRTC - HMR0029,Ordinary Non AC Seater 2+3,22:00,03h 09m,01:09,3.3,180.0,52,3.1
2135,2141,Kanpur (Uttar Pradesh) to Lucknow,https://www.redbus.in/bus-tickets/kanpur-to-lucknow,2,UPSRTC - BRH0042,Ordinary Non AC Seater 2+3,22:00,02h 10m,00:10,3.3,150.0,52,2.2
2136,2142,Kanpur (Uttar Pradesh) to Lucknow,https://www.redbus.in/bus-tickets/kanpur-to-lucknow,2,UPSRTC - AYD0038,Ordinary Non AC Seater 2+3,22:00,02h 00m,00:00,3.3,142.0,52,2.0
2137,2143,Kanpur (Uttar Pradesh) to Lucknow,https://www.redbus.in/bus-tickets/kanpur-to-lucknow,2,UPSRTC - BLP0045,Ordinary Non AC Seater 2+3,22:15,03h 50m,02:05,3.3,167.0,52,3.8
2138,2144,Kanpur (Uttar Pradesh) to Lucknow,https://www.redbus.in/bus-tickets/kanpur-to-lucknow,2,UPSRTC - BLP0043,Ordinary Non AC Seater 2+3,23:00,02h 30m,01:30,3.3,142.0,52,2.5
2139,2145,Kanpur (Uttar Pradesh) to Lucknow,https://www.redbus.in/bus-tickets/kanpur-to-lucknow,2,UPSRTC - BLP0047,Ordinary Non AC Seater 2+3,23:59,03h 41m,03:40,3.3,167.0,52,3.7
2140,2146,Kanpur (Uttar Pradesh) to Lucknow,https://www.redbus.in/bus-tickets/kanpur-to-lucknow,2,Samay Shatabdi Travels Pvt Ltd,AC Sleeper (2+1),17:30,03h 30m,21:00,3.8,500.0,25,3.5
2141,2147,Kanpur (Uttar Pradesh) to Lucknow,https://www.redbus.in/bus-tickets/kanpur-to-lucknow,2,Mahalaxmi Travels,Bharat Benz A/C Seater /Sleeper (2+1),19:30,03h 15m,22:45,3.7,249.0,35,3.2
2142,2148,Kanpur (Uttar Pradesh) to Lucknow,https://www.redbus.in/bus-tickets/kanpur-to-lucknow,2,Shatabdi Travels Gorakhpur,AC Sleeper (2+1),21:01,02h 30m,23:31,4.2,700.0,24,2.5
2143,2149,Kanpur (Uttar Pradesh) to Lucknow,https://www.redbus.in/bus-tickets/kanpur-to-lucknow,2,Samay Shatabdi Travels Pvt Ltd,AC Sleeper (2+1),21:01,02h 00m,23:01,3.8,550.0,2,2.0
2144,2150,Kanpur (Uttar Pradesh) to Lucknow,https://www.redbus.in/bus-tickets/kanpur-to-lucknow,2,Panwar Travels,A/C Seater / Sleeper (2+1),18:00,03h 30m,21:30,2.8,2313.0,32,3.5
2145,2151,Kanpur (Uttar Pradesh) to Lucknow,https://www.redbus.in/bus-tickets/kanpur-to-lucknow,2,MISHRA BANDHU BUS SERVICE,A/C Seater / Sleeper (2+1),18:30,03h 00m,21:30,2.7,799.0,22,3.0
2146,2152,Lucknow to Gorakhpur (uttar pradesh),https://www.redbus.in/bus-tickets/lucknow-to-gorakhpur,2,UPSRTC - AWD0023,Janrath AC Seater 2+3,16:16,05h 45m,22:01,3.3,534.0,48,5.8
2147,2153,Lucknow to Gorakhpur (uttar pradesh),https://www.redbus.in/bus-tickets/lucknow-to-gorakhpur,2,UPSRTC - GKD0139,Shatabdi AC Seater 2+2,17:02,05h 58m,23:00,3.3,670.0,37,6.0
2148,2154,Lucknow to Gorakhpur (uttar pradesh),https://www.redbus.in/bus-tickets/lucknow-to-gorakhpur,2,UPSRTC - ALM0141,Shatabdi AC Seater 2+2,17:32,06h 48m,00:20,3.3,670.0,37,6.8
2149,2155,Lucknow to Gorakhpur (uttar pradesh),https://www.redbus.in/bus-tickets/lucknow-to-gorakhpur,2,UPSRTC - DOR0016,Janrath AC Seater 2+2,18:00,06h 30m,00:30,3.3,670.0,36,6.5
2150,2156,Lucknow to Gorakhpur (uttar pradesh),https://www.redbus.in/bus-tickets/lucknow-to-gorakhpur,2,UPSRTC - RPN0010,Janrath AC Seater 2+2,18:30,06h 00m,00:30,3.1,670.0,36,6.0
2151,2157,Lucknow to Gorakhpur (uttar pradesh),https://www.redbus.in/bus-tickets/lucknow-to-gorakhpur,2,UPSRTC - HMR0035,Ordinary Non AC Seater 2+3,18:41,07h 34m,02:15,3.3,448.0,52,7.6
2152,2158,Lucknow to Gorakhpur (uttar pradesh),https://www.redbus.in/bus-tickets/lucknow-to-gorakhpur,2,UPSRTC - RPN0012,Janrath AC Seater 2+2,19:00,06h 00m,01:00,3.3,670.0,36,6.0
2153,2159,Lucknow to Gorakhpur (uttar pradesh),https://www.redbus.in/bus-tickets/lucknow-to-gorakhpur,2,UPSRTC - RPN0077,Janrath AC Seater 2+2,19:01,06h 00m,01:01,3.3,670.0,36,6.0
2154,2160,Lucknow to Gorakhpur (uttar pradesh),https://www.redbus.in/bus-tickets/lucknow-to-gorakhpur,2,UPSRTC - RPN0014,Janrath AC Seater 2+2,19:30,06h 00m,01:30,3.3,670.0,36,6.0
2155,2161,Lucknow to Gorakhpur (uttar pradesh),https://www.redbus.in/bus-tickets/lucknow-to-gorakhpur,2,UPSRTC - RPN0016,Janrath AC Seater 2+2,20:00,06h 00m,02:00,3.3,670.0,36,6.0
2156,2162,Lucknow to Gorakhpur (uttar pradesh),https://www.redbus.in/bus-tickets/lucknow-to-gorakhpur,2,UPSRTC - RPN0079,Janrath AC Seater 2+2,20:01,06h 00m,02:01,3.3,670.0,36,6.0
2157,2163,Lucknow to Gorakhpur (uttar pradesh),https://www.redbus.in/bus-tickets/lucknow-to-gorakhpur,2,UPSRTC - RPN0018,Janrath AC Seater 2+2,20:30,06h 00m,02:30,3.3,670.0,36,6.0
2158,2164,Lucknow to Gorakhpur (uttar pradesh),https://www.redbus.in/bus-tickets/lucknow-to-gorakhpur,2,UPSRTC - RPN0081,Janrath AC Seater 2+2,20:31,06h 00m,02:31,3.3,670.0,36,6.0
2159,2165,Lucknow to Gorakhpur (uttar pradesh),https://www.redbus.in/bus-tickets/lucknow-to-gorakhpur,2,UPSRTC - DOR0004,Rajdhani Non AC Seater 2+3,20:40,06h 17m,02:57,3.3,460.0,51,6.3
2160,2166,Lucknow to Gorakhpur (uttar pradesh),https://www.redbus.in/bus-tickets/lucknow-to-gorakhpur,2,UPSRTC - PAD0004,Rajdhani Non AC Seater 2+3,21:00,06h 30m,03:30,3.3,451.0,51,6.5
2161,2167,Lucknow to Gorakhpur (uttar pradesh),https://www.redbus.in/bus-tickets/lucknow-to-gorakhpur,2,UPSRTC - RPN0020,Janrath AC Seater 2+2,21:00,06h 00m,03:00,3.3,670.0,36,6.0
2162,2168,Lucknow to Gorakhpur (uttar pradesh),https://www.redbus.in/bus-tickets/lucknow-to-gorakhpur,2,UPSRTC - RPN0083,Janrath AC Seater 2+2,21:01,06h 00m,03:01,3.3,670.0,36,6.0
2163,2169,Lucknow to Gorakhpur (uttar pradesh),https://www.redbus.in/bus-tickets/lucknow-to-gorakhpur,2,UPSRTC - RPN0022,Janrath AC Seater 2+2,21:30,06h 00m,03:30,4.3,670.0,36,6.0
2164,2170,Lucknow to Gorakhpur (uttar pradesh),https://www.redbus.in/bus-tickets/lucknow-to-gorakhpur,2,UPSRTC - RPN0085,Janrath AC Seater 2+2,21:31,06h 00m,03:31,3.3,670.0,36,6.0
2165,2171,Lucknow to Gorakhpur (uttar pradesh),https://www.redbus.in/bus-tickets/lucknow-to-gorakhpur,2,UPSRTC - GKD0143,Janrath AC Seater 2+2,22:00,06h 00m,04:00,3.3,670.0,36,6.0
2166,2172,Lucknow to Gorakhpur (uttar pradesh),https://www.redbus.in/bus-tickets/lucknow-to-gorakhpur,2,UPSRTC - PAD0006,Rajdhani Non AC Seater 2+3,22:00,06h 30m,04:30,1.2,451.0,51,6.5
2167,2173,Lucknow to Gorakhpur (uttar pradesh),https://www.redbus.in/bus-tickets/lucknow-to-gorakhpur,2,UPSRTC - STD0374,Ordinary Non AC Seater 2+3,22:35,07h 29m,06:04,3.3,425.0,52,7.5
2168,2174,Lucknow to Gorakhpur (uttar pradesh),https://www.redbus.in/bus-tickets/lucknow-to-gorakhpur,2,UPSRTC - RPN0025,Pink Express AC Seater 2+2,23:00,06h 00m,05:00,1.8,670.0,41,6.0
2169,2175,Lucknow to Gorakhpur (uttar pradesh),https://www.redbus.in/bus-tickets/lucknow-to-gorakhpur,2,UPSRTC - VKS0007,Janrath AC Seater 2+3,23:00,06h 30m,05:30,1.0,578.0,48,6.5
2170,2176,Lucknow to Gorakhpur (uttar pradesh),https://www.redbus.in/bus-tickets/lucknow-to-gorakhpur,2,UPSRTC - MTH0021,Ordinary Non AC Seater 2+3,23:30,07h 30m,07:00,3.3,447.0,52,7.5
2171,2177,Lucknow to Gorakhpur (uttar pradesh),https://www.redbus.in/bus-tickets/lucknow-to-gorakhpur,2,Shatabdi Travels Gorakhpur,AC Sleeper (2+1),23:46,06h 02m,05:48,4.4,500.0,18,6.0
2172,2178,Lucknow to Gorakhpur (uttar pradesh),https://www.redbus.in/bus-tickets/lucknow-to-gorakhpur,2,Samay Shatabdi Travels Pvt Ltd,AC Sleeper (2+1),21:00,04h 15m,01:15,2.5,799.0,23,4.2
2173,2179,Lucknow to Gorakhpur (uttar pradesh),https://www.redbus.in/bus-tickets/lucknow-to-gorakhpur,2,Shanvi travels,A/C Seater (2+2),15:10,05h 30m,20:40,3.5,550.0,32,5.5
2174,2180,Lucknow to Gorakhpur (uttar pradesh),https://www.redbus.in/bus-tickets/lucknow-to-gorakhpur,2,Samay Shatabdi Travels Pvt Ltd,NON A/C Sleeper (2+1),23:45,05h 15m,05:00,2.4,549.0,21,5.2
2175,2181,Lucknow to Gorakhpur (uttar pradesh),https://www.redbus.in/bus-tickets/lucknow-to-gorakhpur,2,MISHRA BANDHU BUS SERVICE,A/C Seater / Sleeper (2+1),21:30,06h 00m,03:30,2.4,1000.0,19,6.0
2176,2182,Lucknow to Gorakhpur (uttar pradesh),https://www.redbus.in/bus-tickets/lucknow-to-gorakhpur,2,Gorakhdham Express Bus Service,A/C Seater / Sleeper (2+2),22:15,05h 45m,04:00,2.9,499.0,9,5.8
2177,2183,Lucknow to Gorakhpur (uttar pradesh),https://www.redbus.in/bus-tickets/lucknow-to-gorakhpur,2,Maan Travels,NON AC Seater / Sleeper 2+1,23:55,04h 05m,04:00,1.6,1050.0,41,4.1
2178,2184,Lucknow to Gorakhpur (uttar pradesh),https://www.redbus.in/bus-tickets/lucknow-to-gorakhpur,2,Bhumi Travels,A/C Seater / Sleeper (2+2),23:25,05h 15m,04:40,1.2,1699.0,38,5.2
2179,2185,Lucknow to Gorakhpur (uttar pradesh),https://www.redbus.in/bus-tickets/lucknow-to-gorakhpur,2,Shree Balajee Travels And Cargo,A/C Seater / Sleeper (2+1),23:30,05h 30m,05:00,1.2,1799.0,47,5.5
2180,2186,Madanapalli to Bangalore,https://www.redbus.in/bus-tickets/madanapalli-to-bangalore,7,APSRTC - 5675,Express(Non AC Seater),16:00,02h 20m,18:20,3.7,143.0,24,2.3
2181,2187,Madanapalli to Bangalore,https://www.redbus.in/bus-tickets/madanapalli-to-bangalore,7,APSRTC - 5759,Express(Non AC Seater),17:45,02h 25m,20:10,3.3,143.0,32,2.4
2182,2188,Mumbai to Goa,https://www.redbus.in/bus-tickets/mumbai-to-goa,10,Zingbus Plus,Bharat Benz A/C Sleeper (2+1),17:00,17h 00m,10:00,4.6,830.0,7,17.0
2183,2189,Mumbai to Goa,https://www.redbus.in/bus-tickets/mumbai-to-goa,10,Zingbus Plus,VE A/C Sleeper (2+1),20:00,16h 25m,12:25,4.6,595.0,23,16.4
2184,2190,Mumbai to Goa,https://www.redbus.in/bus-tickets/mumbai-to-goa,10,IntrCity SmartBus,AC Sleeper (2+1),17:00,16h 10m,09:10,4.3,839.0,9,16.2
2185,2191,Mumbai to Goa,https://www.redbus.in/bus-tickets/mumbai-to-goa,10,AdDolphin Travel House (40),A/C Sleeper (2+1),20:45,17h 15m,14:00,3.8,910.0,23,17.2
2186,2192,Mumbai to Goa,https://www.redbus.in/bus-tickets/mumbai-to-goa,10,IntrCity SmartBus,AC Sleeper (2+1),19:30,14h 30m,10:00,4.3,711.0,16,14.5
2187,2193,Shivamogga to Goa,https://www.redbus.in/bus-tickets/shimoga-to-goa,10,Sea Bird Tourist,NON A/C Sleeper (2+1),23:45,08h 15m,08:00,4.5,900.0,17,8.2
2188,2194,Delhi to Amritsar,https://www.redbus.in/bus-tickets/delhi-to-amritsar,17,PEPSU (Punjab) - 67121,Volvo AC Seater (2+2),21:50,10h 30m,08:20,4.0,1216.0,36,10.5
2189,2195,Delhi to Amritsar,https://www.redbus.in/bus-tickets/delhi-to-amritsar,17,Laxmi holidays,Bharat Benz A/C Seater /Sleeper (2+1),22:40,08h 25m,07:05,4.5,620.0,14,8.4
2190,2196,Delhi to Amritsar,https://www.redbus.in/bus-tickets/delhi-to-amritsar,17,IntrCity SmartBus,Bharat Benz A/C Seater /Sleeper (2+1),21:45,10h 15m,08:00,4.6,623.0,11,10.2
2191,2197,Delhi to Amritsar,https://www.redbus.in/bus-tickets/delhi-to-amritsar,17,AdMuskan Tour And Travels private Limited,Volvo Multi-Axle I-Shift B11R Semi Sleeper (2+2),22:55,07h 35m,06:30,4.2,693.0,11,7.6
2192,2198,Delhi to Amritsar,https://www.redbus.in/bus-tickets/delhi-to-amritsar,17,IntrCity SmartBus,Bharat Benz A/C Seater /Sleeper (2+1),23:58,08h 22m,08:20,4.5,665.0,14,8.4
2193,2199,Lucknow to Jaunpur,https://www.redbus.in/bus-tickets/lucknow-to-jaunpur,2,UPSRTC - STD0022,Janrath AC Seater 2+2,17:00,06h 37m,23:37,3.3,554.0,36,6.6
2194,2200,Lucknow to Jaunpur,https://www.redbus.in/bus-tickets/lucknow-to-jaunpur,2,UPSRTC - CNT0037,Ordinary Non AC Seater 2+3,18:30,05h 30m,00:00,3.3,379.0,51,5.5
2195,2201,Lucknow to Jaunpur,https://www.redbus.in/bus-tickets/lucknow-to-jaunpur,2,UPSRTC - CNT0039,Ordinary Non AC Seater 2+3,19:30,05h 30m,01:00,3.3,379.0,51,5.5
2196,2202,Lucknow to Jaunpur,https://www.redbus.in/bus-tickets/lucknow-to-jaunpur,2,UPSRTC - CNT0043,Ordinary Non AC Seater 2+3,20:00,05h 30m,01:30,3.3,379.0,51,5.5
2197,2203,Lucknow to Jaunpur,https://www.redbus.in/bus-tickets/lucknow-to-jaunpur,2,UPSRTC - JNP0013,Ordinary Non AC Seater 2+3,20:20,05h 40m,02:00,3.3,379.0,52,5.7
2198,2204,Lucknow to Jaunpur,https://www.redbus.in/bus-tickets/lucknow-to-jaunpur,2,UPSRTC - CNT0041,Ordinary Non AC Seater 2+3,20:30,05h 30m,02:00,3.3,379.0,51,5.5
2199,2205,Lucknow to Jaunpur,https://www.redbus.in/bus-tickets/lucknow-to-jaunpur,2,UPSRTC - JNP0012,Ordinary Non AC Seater 2+3,20:30,06h 00m,02:30,3.3,379.0,52,6.0
2200,2206,Lucknow to Jaunpur,https://www.redbus.in/bus-tickets/lucknow-to-jaunpur,2,UPSRTC - ALM0176,Shatabdi AC Seater 2+2,20:46,05h 04m,01:50,3.3,562.0,37,5.1
2201,2207,Lucknow to Jaunpur,https://www.redbus.in/bus-tickets/lucknow-to-jaunpur,2,UPSRTC - ALM0177,Shatabdi AC Seater 2+2,20:47,05h 03m,01:50,3.3,562.0,37,5.0
2202,2208,Lucknow to Jaunpur,https://www.redbus.in/bus-tickets/lucknow-to-jaunpur,2,UPSRTC - CNT0047,Ordinary Non AC Seater 2+3,21:00,05h 30m,02:30,3.3,379.0,51,5.5
2203,2209,Lucknow to Jaunpur,https://www.redbus.in/bus-tickets/lucknow-to-jaunpur,2,UPSRTC - ALM0043,Volvo AC Seater 2+2,22:00,05h 30m,03:30,5.0,800.0,39,5.5
2204,2210,Lucknow to Jaunpur,https://www.redbus.in/bus-tickets/lucknow-to-jaunpur,2,UPSRTC - MTH0002,Ordinary Non AC Seater 2+3,22:00,05h 00m,03:00,3.3,379.0,52,5.0
2205,2211,Lucknow to Jaunpur,https://www.redbus.in/bus-tickets/lucknow-to-jaunpur,2,UPSRTC - CNT0057,Ordinary Non AC Seater 2+3,22:30,05h 30m,04:00,3.3,379.0,52,5.5
2206,2212,Lucknow to Jaunpur,https://www.redbus.in/bus-tickets/lucknow-to-jaunpur,2,UPSRTC - GLA0137,Janrath AC Seater 2+2,23:05,05h 10m,04:15,3.3,562.0,36,5.2
2207,2213,Lucknow to Jaunpur,https://www.redbus.in/bus-tickets/lucknow-to-jaunpur,2,Raj Kalpana Travels Pvt.Ltd,A/C Sleeper (2+1),23:00,05h 00m,04:00,1.5,1000.0,10,5.0
2208,2214,Vijayawada to Tirupati,https://www.redbus.in/bus-tickets/vijayawada-to-tirupathi,7,APSRTC - 3706,Super Luxury (Non AC Seater 2+2 Push Back),15:50,10h 30m,02:20,3.8,661.0,21,10.5
2209,2215,Vijayawada to Tirupati,https://www.redbus.in/bus-tickets/vijayawada-to-tirupathi,7,APSRTC - 4019,Super Luxury (Non AC Seater 2+2 Push Back),16:25,10h 50m,03:15,3.8,661.0,33,10.8
2210,2216,Vijayawada to Tirupati,https://www.redbus.in/bus-tickets/vijayawada-to-tirupathi,7,APSRTC - 3669,Super Luxury (Non AC Seater 2+2 Push Back),16:45,10h 30m,03:15,2.2,661.0,29,10.5
2211,2217,Vijayawada to Tirupati,https://www.redbus.in/bus-tickets/vijayawada-to-tirupathi,7,APSRTC - 35087,Super Luxury (Non AC Seater 2+2 Push Back),17:30,10h 30m,04:00,3.8,661.0,4,10.5
2212,2218,Vijayawada to Tirupati,https://www.redbus.in/bus-tickets/vijayawada-to-tirupathi,7,APSRTC - 3872,AMARAVATHI (VOLVO / SCANIA A.C Multi Axle),18:00,08h 00m,02:00,4.2,1016.0,9,8.0
2213,2219,Vijayawada to Tirupati,https://www.redbus.in/bus-tickets/vijayawada-to-tirupathi,7,Svkdt travels,A/C Sleeper (2+1),23:00,07h 45m,06:45,4.3,1190.0,6,7.8
2214,2220,Vijayawada to Tirupati,https://www.redbus.in/bus-tickets/vijayawada-to-tirupathi,7,Sai Sri Krishna Travels,A/C Sleeper (2+1),23:00,07h 30m,06:30,4.6,1390.0,9,7.5
2215,2221,Vijayawada to Tirupati,https://www.redbus.in/bus-tickets/vijayawada-to-tirupathi,7,IntrCity SmartBus,A/C Seater / Sleeper (2+1),20:00,07h 40m,03:40,4.6,899.0,11,7.7
2216,2222,Vijayawada to Tirupati,https://www.redbus.in/bus-tickets/vijayawada-to-tirupathi,7,Sri Krishna Travels,A/C Seater / Sleeper (2+1),22:15,08h 30m,06:45,3.8,800.0,14,8.5
2217,2223,Vijayawada to Tirupati,https://www.redbus.in/bus-tickets/vijayawada-to-tirupathi,7,IntrCity SmartBus,Scania AC Multi Axle Sleeper (2+1),20:45,07h 30m,04:15,4.6,849.0,13,7.5
2218,2224,Patna (Bihar) to Purnea,https://www.redbus.in/bus-tickets/patna-to-purnea,14,Bihar state road transport corporation (BSRTC) - 142847,AC Seater (2+2),21:25,08h 15m,05:40,3.5,468.0,31,8.2
2219,2225,Patna (Bihar) to Purnea,https://www.redbus.in/bus-tickets/patna-to-purnea,14,Aitiana Airwings,Benz A/C Sleeper (2+1),21:00,09h 00m,06:00,4.3,650.0,16,9.0
2220,2226,Patna (Bihar) to Purnea,https://www.redbus.in/bus-tickets/patna-to-purnea,14,MAA SHANTI TRAVELS,A/C Seater / Sleeper (2+1),21:25,08h 55m,06:20,4.4,600.0,20,8.9
2221,2227,Patna (Bihar) to Purnea,https://www.redbus.in/bus-tickets/patna-to-purnea,14,AITIANA CRUISELINERS,A/C Seater / Sleeper (2+1),21:15,09h 00m,06:15,4.2,500.0,7,9.0
2222,2228,Patna (Bihar) to Purnea,https://www.redbus.in/bus-tickets/patna-to-purnea,14,Divya Rath,A/C Sleeper (2+1),20:45,09h 00m,05:45,4.1,601.0,13,9.0
2223,2229,Ranchi to Patna (Bihar),https://www.redbus.in/bus-tickets/ranchi-to-patna,14,Bihar state road transport corporation (BSRTC) - 153614,AC Seater (2+2),20:55,08h 35m,05:30,3.1,500.0,22,8.6
2224,2230,Ranchi to Patna (Bihar),https://www.redbus.in/bus-tickets/ranchi-to-patna,14,Rekha Luxury,A/C Seater / Sleeper (2+1),20:30,09h 30m,06:00,4.1,601.0,4,9.5
2225,2231,Ranchi to Patna (Bihar),https://www.redbus.in/bus-tickets/ranchi-to-patna,14,MAA SHANTI TRAVELS,A/C Seater/Sleeper (2+1),21:00,09h 35m,06:35,3.8,601.0,6,9.6
2226,2232,Ranchi to Patna (Bihar),https://www.redbus.in/bus-tickets/ranchi-to-patna,14,MAA SHANTI TRAVELS,A/C Seater / Sleeper (2+1),22:20,07h 35m,05:55,4.8,648.0,16,7.6
2227,2233,Ranchi to Patna (Bihar),https://www.redbus.in/bus-tickets/ranchi-to-patna,14,Mahuli Travels,A/C Seater / Sleeper (2+1),21:15,09h 00m,06:15,3.6,495.0,38,9.0
2228,2234,Muzaffarpur (Bihar) to Hazaribagh,https://www.redbus.in/bus-tickets/muzaffarpur-to-hazaribagh,14,Bihar state road transport corporation (BSRTC) - 153594,AC Seater (2+2),18:00,10h 00m,04:00,3.8,484.0,28,10.0
2229,2235,Muzaffarpur (Bihar) to Hazaribagh,https://www.redbus.in/bus-tickets/muzaffarpur-to-hazaribagh,14,Pawapuri Motors,A/C Seater / Sleeper (2+1),17:30,09h 30m,03:00,2.2,750.0,14,9.5
2230,2236,Muzaffarpur (Bihar) to Hazaribagh,https://www.redbus.in/bus-tickets/muzaffarpur-to-hazaribagh,14,Tejas Maa Bhawani,AC Sleeper (2+1),18:45,08h 40m,03:25,2.1,900.0,4,8.7
2231,2237,Muzaffarpur (Bihar) to Hazaribagh,https://www.redbus.in/bus-tickets/muzaffarpur-to-hazaribagh,14,Tejas Maa Bhawani,A/C Sleeper (2+1),18:55,09h 05m,04:00,2.1,800.0,4,9.1
2232,2238,Asansol (West Bengal) to Kolkata,https://www.redbus.in/bus-tickets/asansol-to-kolkata,4,SBSTC-ASANSOL - KARUNAMOYEE - 15:10 (BEL DEPOT) - 216,Non AC Seater (2+3),15:10,05h 00m,20:10,3.4,185.0,35,5.0
2233,2239,Asansol (West Bengal) to Kolkata,https://www.redbus.in/bus-tickets/asansol-to-kolkata,4,SBSTC-ASANSOL - KOLKATA - 15:35 (HOWRAH DEPOT) - 211,Non AC Seater (2+3),15:35,04h 30m,20:05,1.8,180.0,52,4.5
2234,2240,Asansol (West Bengal) to Kolkata,https://www.redbus.in/bus-tickets/asansol-to-kolkata,4,SBSTC-ASANSOL - KARUNAMOYEE - 16:10 (BEL DEPOT) - 217,Non AC Seater (2+3),16:10,05h 00m,21:10,3.6,185.0,43,5.0
2235,2241,Asansol (West Bengal) to Kolkata,https://www.redbus.in/bus-tickets/asansol-to-kolkata,4,SBSTC-ASANSOL - KOLKATA - 16:30 (HOWRAH DEPOT) - 752,Non AC Seater (2+3),16:30,04h 30m,21:00,2.2,180.0,50,4.5
2236,2242,Asansol (West Bengal) to Kolkata,https://www.redbus.in/bus-tickets/asansol-to-kolkata,4,SBSTC-ASANSOL - KARUNAMOYEE - 16:40 (ASANSOL DEPOT) - 847,Non AC Seater (2+3),16:40,05h 20m,22:00,2.8,185.0,49,5.3
2237,2243,Asansol (West Bengal) to Kolkata,https://www.redbus.in/bus-tickets/asansol-to-kolkata,4,WBTC (CTC) KARUNAMOYEE - DURGAPUR - ASANSOL (AC Volvo) Banglashree Express - 135|16:10,Volvo AC Seater (2+2),16:10,04h 15m,20:25,3.3,430.0,29,4.2
2238,2244,Asansol (West Bengal) to Kolkata,https://www.redbus.in/bus-tickets/asansol-to-kolkata,4,Greenline,Volvo A/C B11R Multi Axle Semi Sleeper (2+2),14:57,04h 53m,19:50,4.1,524.0,17,4.9
2239,2245,Asansol (West Bengal) to Kolkata,https://www.redbus.in/bus-tickets/asansol-to-kolkata,4,SHYAMOLI Pvt. Ltd.(Karunamoyee),Volvo A/C Seater (2+2),15:00,05h 00m,20:00,3.7,524.0,11,5.0
2240,2246,Asansol (West Bengal) to Kolkata,https://www.redbus.in/bus-tickets/asansol-to-kolkata,4,Express Line (Karunamoyee),Scania Multi-Axle AC Semi Sleeper (2+2),15:20,05h 05m,20:25,4.3,524.0,14,5.1
2241,2247,Asansol (West Bengal) to Kolkata,https://www.redbus.in/bus-tickets/asansol-to-kolkata,4,Shyamoli Paribahan Pvt Ltd,Volvo A/C Seater (2+2),15:30,05h 00m,20:30,3.7,524.0,21,5.0
2242,2248,Asansol (West Bengal) to Kolkata,https://www.redbus.in/bus-tickets/asansol-to-kolkata,4,SHYAMOLI Pvt. Ltd.(Karunamoyee),Volvo A/C Seater (2+2),15:45,05h 00m,20:45,4.0,524.0,35,5.0
2243,2249,Asansol (West Bengal) to Kolkata,https://www.redbus.in/bus-tickets/asansol-to-kolkata,4,Greenline,Volvo A/C Seater (2+2),16:00,05h 00m,21:00,3.3,524.0,25,5.0
2244,2250,Asansol (West Bengal) to Kolkata,https://www.redbus.in/bus-tickets/asansol-to-kolkata,4,Greenline (Karunamoyee),Volvo A/C B11R Multi Axle Semi Sleeper (2+2),16:20,05h 00m,21:20,3.8,524.0,49,5.0
2245,2251,Asansol (West Bengal) to Kolkata,https://www.redbus.in/bus-tickets/asansol-to-kolkata,4,SHYAMOLI Pvt. Ltd.(Karunamoyee),Volvo A/C Seater (2+2),16:35,05h 00m,21:35,3.5,524.0,17,5.0
2246,2252,Asansol (West Bengal) to Kolkata,https://www.redbus.in/bus-tickets/asansol-to-kolkata,4,Shyamoli Paribahan Pvt Ltd,Volvo A/C Seater (2+2),17:00,05h 00m,22:00,3.6,524.0,13,5.0
2247,2253,Berhampore (West Bengal) to Jalpaiguri,https://www.redbus.in/bus-tickets/berhampore-to-jalpaiguri,1,NBSTC-BHP-COB-R1-18:30,Non AC Seater 2+2,18:30,09h 00m,03:30,4.7,361.0,27,9.0
2248,2254,Kolkata to Cooch Behar (West Bengal),https://www.redbus.in/bus-tickets/kolkata-to-cooch-behar-west-bengal,1,NORTH BENGAL STATE TRANSPORT CORPORATION,Non AC Seater (2+3),15:00,15h 00m,06:00,3.5,565.0,39,15.0
2249,2255,Kolkata to Cooch Behar (West Bengal),https://www.redbus.in/bus-tickets/kolkata-to-cooch-behar-west-bengal,1,NBSTC-KOL-COB-R1-17:00,Non AC Seater 2+2,17:00,15h 00m,08:00,3.6,608.0,24,15.0
2250,2256,Tezpur to Moran,https://www.redbus.in/bus-tickets/tezpur-to-moran,3,Maa Laxmi,NON A/C Seater Push Back (2+1),22:15,06h 45m,05:00,1.8,500.0,16,6.8
2251,2257,Tezpur to Moran,https://www.redbus.in/bus-tickets/tezpur-to-moran,3,SANJEEBANI TRAVELS,Non A/C Seater / Sleeper (2+1),21:30,05h 30m,03:00,New,600.0,26,5.5
2252,2258,Tezpur to Moran,https://www.redbus.in/bus-tickets/tezpur-to-moran,3,Neha Travels,NON A/C Seater (2+2),22:40,07h 20m,06:00,1.9,650.0,35,7.3
2253,2259,Chandigarh to Dharamshala (Himachal Pradesh),https://www.redbus.in/bus-tickets/chandigarh-to-dharamshala,8,HRTC - 573,Ordinary 3+2 Non AC Seater,19:40,06h 20m,02:00,3.9,434.0,37,6.3
2254,2260,Chandigarh to Dharamshala (Himachal Pradesh),https://www.redbus.in/bus-tickets/chandigarh-to-dharamshala,8,HRTC - 91,Himsuta AC Seater Volvo/Scania 2+2,22:10,06h 30m,04:40,2.7,724.0,29,6.5
2255,2261,Chandigarh to Dharamshala (Himachal Pradesh),https://www.redbus.in/bus-tickets/chandigarh-to-dharamshala,8,Laxmi holidays,Volvo 9600 A/C Semi Sleeper (2+2),23:55,06h 05m,06:00,4.7,599.0,15,6.1
2256,2262,Chandigarh to Dharamshala (Himachal Pradesh),https://www.redbus.in/bus-tickets/chandigarh-to-dharamshala,8,Laxmi holidays,Volvo 9600 A/C Semi Sleeper (2+2),23:55,06h 04m,05:59,4.5,599.0,15,6.1
2257,2263,Chandigarh to Dharamshala (Himachal Pradesh),https://www.redbus.in/bus-tickets/chandigarh-to-dharamshala,8,Asian's Shina Tour & Travels (Swoyambhu Manjushree Yatayat P. LTD),NON A/C Semi Sleeper (2+2),23:55,06h 36m,06:31,2.4,999.0,29,6.6
2258,2264,Chandigarh to Dharamshala (Himachal Pradesh),https://www.redbus.in/bus-tickets/chandigarh-to-dharamshala,8,Asian's Shina Tour & Travels (Swoyambhu Manjushree Yatayat P. LTD),NON A/C Semi Sleeper (2+2),23:55,06h 50m,06:45,2.4,999.0,29,6.8
2259,2265,Solapur to Goa,https://www.redbus.in/bus-tickets/solapur-to-goa,10,Kadamba Transport Corporation Limited (KTCL) - 61005,Non AC Seater 2+2,20:00,14h 00m,10:00,3.1,850.0,29,14.0
2260,2266,Solapur to Goa,https://www.redbus.in/bus-tickets/solapur-to-goa,10,S R Travels,A/C Seater/Sleeper (2+1),18:45,12h 15m,07:00,2.8,600.0,30,12.2
2261,2267,Solapur to Goa,https://www.redbus.in/bus-tickets/solapur-to-goa,10,Sharma Travels,AC Sleeper (2+1),23:01,10h 00m,09:01,3.9,1333.0,2,10.0
2262,2268,Solapur to Goa,https://www.redbus.in/bus-tickets/solapur-to-goa,10,Humsafar Travels,A/C Sleeper (2+1),23:30,09h 30m,09:00,3.4,1175.0,4,9.5
2263,2269,Solapur to Goa,https://www.redbus.in/bus-tickets/solapur-to-goa,10,SR Tours & Travels,A/C Sleeper (2+1),18:00,11h 30m,05:30,,900.0,22,11.5
2264,2270,Dalhousie to Delhi,https://www.redbus.in/bus-tickets/dalhousie-to-delhi,13,HRTC - 100,Himsuta AC Seater Volvo/Scania 2+2,19:50,13h 10m,09:00,4.0,1437.0,35,13.2
2265,2271,Dalhousie to Delhi,https://www.redbus.in/bus-tickets/dalhousie-to-delhi,13,Travel Point,A/C Seater / Sleeper (2+2),16:00,13h 20m,05:20,2.8,1387.0,50,13.3
2266,2272,Kolkata to Mecheda (West Bengal),https://www.redbus.in/bus-tickets/kolkata-to-mecheda-west-bengal,12,SBSTC-GARIA - DIGHA - 15:15 (DIGHA DEPOT) - 543,Non AC Seater (2+3),15:15,08h 45m,00:00,4.0,80.0,27,8.8
2267,2273,Kolkata to Mecheda (West Bengal),https://www.redbus.in/bus-tickets/kolkata-to-mecheda-west-bengal,12,SBSTC-KOLKATA - HALDIA - 16:30 (Haldia Depot) - 809,Non AC Seater (2+3),16:30,07h 30m,00:00,4.0,68.0,33,7.5
2268,2274,Kolkata to Mecheda (West Bengal),https://www.redbus.in/bus-tickets/kolkata-to-mecheda-west-bengal,12,SBSTC-KOLKATA - NANDIGRAM - 16:45 (HWH DEPOT) - 602,Non AC Seater (2+3),16:45,07h 15m,00:00,3.1,68.0,41,7.2
2269,2275,Kolkata to Mecheda (West Bengal),https://www.redbus.in/bus-tickets/kolkata-to-mecheda-west-bengal,12,SBSTC-KOLKATA - HALDIA - 17:00 (Haldia Depot) - 3017,Non AC Seater (2+3),17:00,07h 00m,00:00,4.6,68.0,38,7.0
2270,2276,Kolkata to Mecheda (West Bengal),https://www.redbus.in/bus-tickets/kolkata-to-mecheda-west-bengal,12,SBSTC-KOLKATA - HALDIA - 17.30 (HALDIA DEPOT) - 565,Non AC Seater (2+3),17:30,06h 30m,00:00,4.1,68.0,10,6.5
2271,2277,Gopalganj (Bihar) to Delhi,https://www.redbus.in/bus-tickets/gopalganj-to-delhi,14,Bihar state road transport corporation (BSRTC) - 152154,Volvo AC Seater 2+2,16:30,16h 00m,08:30,2.7,1200.0,4,16.0
2272,2278,Gopalganj (Bihar) to Delhi,https://www.redbus.in/bus-tickets/gopalganj-to-delhi,14,Bihar state road transport corporation (BSRTC) - 137431,Volvo AC Seater 2+2,19:10,16h 49m,11:59,3.5,1200.0,12,16.8
2273,2279,Gopalganj (Bihar) to Delhi,https://www.redbus.in/bus-tickets/gopalganj-to-delhi,14,Travel Point World LLP,A/C Seater / Sleeper (2+2),20:20,14h 30m,10:50,1.9,2312.0,38,14.5
2274,2280,Gopalganj (Bihar) to Delhi,https://www.redbus.in/bus-tickets/gopalganj-to-delhi,14,Baba Khatushyam Travels Pvt Ltd,A/C Seater / Sleeper (3+1),19:00,16h 49m,11:49,1.6,1999.0,11,16.8
2275,2281,Gopalganj (Bihar) to Delhi,https://www.redbus.in/bus-tickets/gopalganj-to-delhi,14,Rajdhani Express,A/C Seater / Sleeper (2+2),15:00,16h 00m,07:00,1.0,1899.0,30,16.0
2276,2282,Gopalganj (Bihar) to Delhi,https://www.redbus.in/bus-tickets/gopalganj-to-delhi,14,New Travel India,A/C Seater / Sleeper (2+1),18:00,14h 00m,08:00,1.2,2249.0,14,14.0
2277,2283,Gopalganj (Bihar) to Delhi,https://www.redbus.in/bus-tickets/gopalganj-to-delhi,14,New Travel India,A/C Seater / Sleeper (2+1),18:15,13h 55m,08:10,1.2,2249.0,30,13.9
2278,2284,Chandigarh to Jawala Ji,https://www.redbus.in/bus-tickets/chandigarh-to-jawala-ji,8,HRTC - 1514,Ordinary 3+2 Non AC Seater,16:00,05h 45m,21:45,3.9,318.0,37,5.8
2279,2285,Chandigarh to Jawala Ji,https://www.redbus.in/bus-tickets/chandigarh-to-jawala-ji,8,HRTC - 1285,Ordinary 3+2 Non AC Seater,18:40,05h 20m,00:00,3.9,303.0,37,5.3
2280,2286,Chandigarh to Jawala Ji,https://www.redbus.in/bus-tickets/chandigarh-to-jawala-ji,8,HRTC - 573,Ordinary 3+2 Non AC Seater,19:40,04h 35m,00:15,3.9,318.0,37,4.6
2281,2287,Chandigarh to Jawala Ji,https://www.redbus.in/bus-tickets/chandigarh-to-jawala-ji,8,Asian's Shina Tour & Travels (Swoyambhu Manjushree Yatayat P. LTD),NON A/C Semi Sleeper (2+2),23:55,05h 05m,05:00,2.4,999.0,29,5.1
2282,2288,Midnapore to Kolkata,https://www.redbus.in/bus-tickets/midnapore-to-kolkata,12,SBSTC-MIDNAPUR - GARIA - 15:30 (MID DEPOT) - 1511,Non AC Seater (2+3),15:30,08h 30m,00:00,3.9,110.0,38,8.5
2283,2289,Midnapore to Kolkata,https://www.redbus.in/bus-tickets/midnapore-to-kolkata,12,SBSTC-MIDNAPUR - BARASAT - 16:00 (MID DEPOT) - 1193,Non AC Seater (2+3),16:00,08h 00m,00:00,4.4,111.0,12,8.0
2284,2290,Midnapore to Kolkata,https://www.redbus.in/bus-tickets/midnapore-to-kolkata,12,SBSTC-MIDNAPUR - KARUNAMOYEE - 16:40 - 997,Non AC Seater (2+3),16:40,07h 20m,00:00,4.0,118.0,37,7.3
2285,2291,Midnapore to Kolkata,https://www.redbus.in/bus-tickets/midnapore-to-kolkata,12,WBTC (CTC) Habra-Midnapur - 194|15:40,Non AC Seater (2+3),15:40,02h 45m,18:25,4.0,105.0,19,2.8
2286,2292,Midnapore to Kolkata,https://www.redbus.in/bus-tickets/midnapore-to-kolkata,12,WBTC (CTC) Habra-Midnapur - 194|17:00,Non AC Seater (2+3),17:00,02h 45m,19:45,4.0,105.0,41,2.8
2287,2293,Hyderabad to Warangal,https://www.redbus.in/bus-tickets/hyderabad-to-warangal,9,TSRTC - 7433,"SUPER LUXURY (NON-AC, 2 + 2 PUSH BACK)",16:15,03h 00m,19:15,1.0,245.0,18,3.0
2288,2294,Hyderabad to Warangal,https://www.redbus.in/bus-tickets/hyderabad-to-warangal,9,TSRTC - 8449,"SUPER LUXURY (NON-AC, 2 + 2 PUSH BACK)",17:30,03h 30m,21:00,3.2,245.0,30,3.5
2289,2295,Hyderabad to Warangal,https://www.redbus.in/bus-tickets/hyderabad-to-warangal,9,TSRTC - 8266,"SUPER LUXURY (NON-AC, 2 + 2 PUSH BACK)",19:00,03h 00m,22:00,4.0,245.0,26,3.0
2290,2296,Hyderabad to Warangal,https://www.redbus.in/bus-tickets/hyderabad-to-warangal,9,TSRTC - 8384,"SUPER LUXURY (NON-AC, 2 + 2 PUSH BACK)",20:50,04h 40m,01:30,3.5,245.0,16,4.7
2291,2297,Hyderabad to Warangal,https://www.redbus.in/bus-tickets/hyderabad-to-warangal,9,TSRTC - 8352,"SUPER LUXURY (NON-AC, 2 + 2 PUSH BACK)",21:00,04h 00m,01:00,4.0,245.0,11,4.0
2292,2298,Rayachoti to Bangalore,https://www.redbus.in/bus-tickets/rayachoti-to-bangalore,7,APSRTC - 50144,"SUPER LUXURY (NON-AC, 2 + 2 PUSH BACK)",17:45,05h 15m,23:00,3.5,353.0,37,5.2
2293,2299,Rayachoti to Bangalore,https://www.redbus.in/bus-tickets/rayachoti-to-bangalore,7,APSRTC - 6018,Super Luxury (Non AC Seater 2+2 Push Back),18:30,05h 45m,00:15,3.9,353.0,30,5.8
2294,2300,Rayachoti to Bangalore,https://www.redbus.in/bus-tickets/rayachoti-to-bangalore,7,APSRTC - 6010,Super Luxury (Non AC Seater 2+2 Push Back),21:15,05h 15m,02:30,4.2,353.0,32,5.2
2295,2301,Rayachoti to Bangalore,https://www.redbus.in/bus-tickets/rayachoti-to-bangalore,7,APSRTC - 6240,"ULTRA DELUXE (NON-AC, 2+2 PUSH BACK)",22:15,05h 45m,04:00,3.6,330.0,31,5.8
2296,2302,Rayachoti to Bangalore,https://www.redbus.in/bus-tickets/rayachoti-to-bangalore,7,APSRTC - 6073,INDRA(A.C. Seater),22:45,04h 15m,03:00,3.2,422.0,30,4.2
2297,2303,Rayachoti to Bangalore,https://www.redbus.in/bus-tickets/rayachoti-to-bangalore,7,PRL BUS,Non A/C Seater / Sleeper (2+1),23:30,06h 30m,06:00,3.8,500.0,14,6.5
2298,2304,Rayachoti to Bangalore,https://www.redbus.in/bus-tickets/rayachoti-to-bangalore,7,SUVARNAMUKHI TRAVELS,A/C Sleeper (2+1),23:30,05h 05m,04:35,4.1,700.0,11,5.1
2299,2305,Rayachoti to Bangalore,https://www.redbus.in/bus-tickets/rayachoti-to-bangalore,7,PRL BUS,Non A/C Seater / Sleeper (2+1),23:35,05h 25m,05:00,4.2,500.0,14,5.4
2300,2306,Rayachoti to Bangalore,https://www.redbus.in/bus-tickets/rayachoti-to-bangalore,7,Maheswari Travels,Non A/C Seater / Sleeper (2+1),23:40,06h 00m,05:40,3.7,450.0,12,6.0
2301,2307,Rayachoti to Bangalore,https://www.redbus.in/bus-tickets/rayachoti-to-bangalore,7,Sri Vinayaka Travels,NON A/C Seater/ Sleeper (2+1),23:45,05h 15m,05:00,4.3,499.0,32,5.2
2302,2308,Williamnagar (Meghalaya) to Shillong,https://www.redbus.in/bus-tickets/williamnagar-meghalaya-to-shillong,5,Meghalaya Transport Corporation(MTC) - 163370,Tata Non A/C Seater Executive Luxury (2+2),17:00,11h 00m,04:00,2.9,581.0,4,11.0
2303,2309,Kozhikode to Thrissur,https://www.redbus.in/bus-tickets/kozhikode-to-thrissur,6,KSRTC (Kerala) - 2544,Super Express Non AC Seater Air Bus (2+2),16:00,03h 40m,19:40,3.1,216.0,35,3.7
2304,2310,Kozhikode to Thrissur,https://www.redbus.in/bus-tickets/kozhikode-to-thrissur,6,KSRTC (Kerala) - 689,Super Fast Non AC Seater (2+3),16:15,03h 35m,19:50,3.1,181.0,50,3.6
2305,2311,Kozhikode to Thrissur,https://www.redbus.in/bus-tickets/kozhikode-to-thrissur,6,KSRTC (Kerala) - 1883,Low Floor AC Seater 2+2,16:30,03h 20m,19:50,2.7,253.0,17,3.3
2306,2312,Kozhikode to Thrissur,https://www.redbus.in/bus-tickets/kozhikode-to-thrissur,6,KSRTC (Kerala) - 726,Super Fast Non AC Seater (2+3),17:00,03h 20m,20:20,3.1,181.0,49,3.3
2307,2313,Kozhikode to Thrissur,https://www.redbus.in/bus-tickets/kozhikode-to-thrissur,6,KSRTC (Kerala) - 2716,Super Fast Non AC Seater (2+3),17:15,03h 30m,20:45,3.1,181.0,47,3.5
2308,2314,Kozhikode to Thrissur,https://www.redbus.in/bus-tickets/kozhikode-to-thrissur,6,KSRTC (Kerala) - 323,Super Fast Non AC Seater (2+3),17:25,03h 20m,20:45,3.1,181.0,37,3.3
2309,2315,Kozhikode to Thrissur,https://www.redbus.in/bus-tickets/kozhikode-to-thrissur,6,KSRTC (Kerala) - 1862,Low Floor AC Seater 2+2,17:30,03h 30m,21:00,3.1,253.0,20,3.5
2310,2316,Kozhikode to Thrissur,https://www.redbus.in/bus-tickets/kozhikode-to-thrissur,6,KSRTC (Kerala) - 503,Super Express Non AC Seater Air Bus (2+2),17:42,02h 58m,20:40,3.1,216.0,9,3.0
2311,2317,Kozhikode to Thrissur,https://www.redbus.in/bus-tickets/kozhikode-to-thrissur,6,KSRTC (Kerala) - 556,Super Express Non AC Seater Air Bus (2+2),18:00,02h 50m,20:50,3.1,216.0,27,2.8
2312,2318,Kozhikode to Thrissur,https://www.redbus.in/bus-tickets/kozhikode-to-thrissur,6,KSRTC (Kerala) - 1872,Low Floor AC Seater 2+2,18:30,03h 05m,21:35,2.2,253.0,13,3.1
2313,2319,Kozhikode to Thrissur,https://www.redbus.in/bus-tickets/kozhikode-to-thrissur,6,EMERALD TRAVELS,Bharat Benz A/C Semi Sleeper (2+2),21:55,02h 35m,00:30,3.0,700.0,28,2.6
2314,2320,Kozhikode to Thrissur,https://www.redbus.in/bus-tickets/kozhikode-to-thrissur,6,BLM Transports,A/C Sleeper (2+1),22:00,03h 00m,01:00,3.9,903.0,18,3.0
2315,2321,Kozhikode to Thrissur,https://www.redbus.in/bus-tickets/kozhikode-to-thrissur,6,Madhavi Travels,A/C Sleeper (2+1),22:20,02h 50m,01:10,4.0,949.0,8,2.8
2316,2322,Kozhikode to Thrissur,https://www.redbus.in/bus-tickets/kozhikode-to-thrissur,6,A1 Travels,Bharat Benz A/C Sleeper (2+1),23:30,02h 00m,01:30,3.3,900.0,32,2.0
2317,2323,Kozhikode to Thrissur,https://www.redbus.in/bus-tickets/kozhikode-to-thrissur,6,Surya Connect,Volvo A/C Semi Sleeper (2+2),23:55,03h 40m,03:35,4.3,580.0,26,3.7
2318,2324,Kozhikode to Thrissur,https://www.redbus.in/bus-tickets/kozhikode-to-thrissur,6,Cochin Express,A/C Seater Push Back (2+2),23:55,03h 40m,03:35,4.1,700.0,41,3.7
2319,2325,Kozhikode to Thrissur,https://www.redbus.in/bus-tickets/kozhikode-to-thrissur,6,Arya Travels,A/C Sleeper (2+1),23:59,03h 16m,03:15,3.1,795.0,21,3.3
2320,2326,Kozhikode to Thrissur,https://www.redbus.in/bus-tickets/kozhikode-to-thrissur,6,Cochin Express,Volvo Multi-Axle B9R A/c Semi Sleeper (2+2),23:59,03h 31m,03:30,4.1,667.0,14,3.5
2321,2327,Kozhikode to Thrissur,https://www.redbus.in/bus-tickets/kozhikode-to-thrissur,6,Kalpaka Travels 1,A/C Semi Sleeper (2+2),23:59,03h 41m,03:40,4.0,600.0,36,3.7
2322,2328,Kozhikode to Thrissur,https://www.redbus.in/bus-tickets/kozhikode-to-thrissur,6,Kalpaka Travels 1,A/C Sleeper (2+1),23:59,03h 46m,03:45,4.0,800.0,28,3.8
2323,2329,Chandigarh to Bathinda,https://www.redbus.in/bus-tickets/chandigarh-to-bathinda,17,Orbit Aviation Pvt. Ltd.,A/C Seater (2+2),15:25,03h 45m,19:10,3.7,500.0,28,3.8
2324,2330,Chandigarh to Bathinda,https://www.redbus.in/bus-tickets/chandigarh-to-bathinda,17,NEW FATEH BUS SERVICE,Volvo A/C Semi Sleeper (2+2),16:25,03h 50m,20:15,4.5,510.0,29,3.8
2325,2331,Chandigarh to Bathinda,https://www.redbus.in/bus-tickets/chandigarh-to-bathinda,17,Orbit Aviation Pvt. Ltd.,A/C Seater (2+2),16:55,03h 45m,20:40,3.2,600.0,31,3.8
2326,2332,Chandigarh to Bathinda,https://www.redbus.in/bus-tickets/chandigarh-to-bathinda,17,RATHORE TRAVELS AGENCY,AC Sleeper (2+1),18:30,04h 45m,23:15,4.8,700.0,18,4.8
2327,2333,Chandigarh to Bathinda,https://www.redbus.in/bus-tickets/chandigarh-to-bathinda,17,Zimindara Travels,AC Sleeper (2+1),20:00,05h 30m,01:30,4.1,810.0,26,5.5
2328,2334,Tezpur to Dibrugarh,https://www.redbus.in/bus-tickets/tezpur-to-dibrugarh,3,Puja Transport,NON AC Seater / Sleeper 2+1,20:00,08h 30m,04:30,3.6,550.0,5,8.5
2329,2335,Tezpur to Dibrugarh,https://www.redbus.in/bus-tickets/tezpur-to-dibrugarh,3,Puja Transport,Non AC Seater (2+2),20:00,09h 00m,05:00,2.4,550.0,12,9.0
2330,2336,Tezpur to Dibrugarh,https://www.redbus.in/bus-tickets/tezpur-to-dibrugarh,3,SANJEEBANI TRAVELS,Non A/C Seater / Sleeper (2+1),21:30,06h 30m,04:00,New,600.0,25,6.5
2331,2337,Tezpur to Dibrugarh,https://www.redbus.in/bus-tickets/tezpur-to-dibrugarh,3,Neha Travels,NON A/C Seater (2+2),22:40,08h 20m,07:00,2.1,650.0,9,8.3
2332,2338,Tezpur to Dibrugarh,https://www.redbus.in/bus-tickets/tezpur-to-dibrugarh,3,Maa Laxmi,NON A/C Seater Push Back (2+1),22:15,07h 15m,05:30,2.5,550.0,13,7.2
2333,2339,Jaipur (Rajasthan) to Bharatpur,https://www.redbus.in/bus-tickets/jaipur-to-bharatpur,18,RSRTC - 184457,Express Non AC Seater 2+3,15:55,04h 00m,19:55,3.0,205.0,42,4.0
2334,2340,Jaipur (Rajasthan) to Bharatpur,https://www.redbus.in/bus-tickets/jaipur-to-bharatpur,18,RSRTC - 176734,Express Non AC Seater 2+3,16:10,04h 00m,20:10,3.0,205.0,42,4.0
2335,2341,Jaipur (Rajasthan) to Bharatpur,https://www.redbus.in/bus-tickets/jaipur-to-bharatpur,18,RSRTC - 154776,Express Non AC Seater 2+3,16:20,04h 00m,20:20,3.0,205.0,42,4.0
2336,2342,Jaipur (Rajasthan) to Bharatpur,https://www.redbus.in/bus-tickets/jaipur-to-bharatpur,18,RSRTC - 184543,Express Non AC Seater 2+3,16:30,04h 05m,20:35,3.0,205.0,42,4.1
2337,2343,Jaipur (Rajasthan) to Bharatpur,https://www.redbus.in/bus-tickets/jaipur-to-bharatpur,18,RSRTC - 192152,Semi Deluxe Non AC Seater 2+2,16:50,04h 08m,20:58,3.0,223.0,35,4.1
2338,2344,Jaipur (Rajasthan) to Bharatpur,https://www.redbus.in/bus-tickets/jaipur-to-bharatpur,18,RSRTC - 193620,Express Non AC Seater 2+3,17:00,04h 00m,21:00,3.0,205.0,42,4.0
2339,2345,Jaipur (Rajasthan) to Bharatpur,https://www.redbus.in/bus-tickets/jaipur-to-bharatpur,18,RSRTC - 192993,A/C Seater / Sleeper (2+1),18:00,03h 30m,21:30,3.8,400.0,36,3.5
2340,2346,Jaipur (Rajasthan) to Bharatpur,https://www.redbus.in/bus-tickets/jaipur-to-bharatpur,18,RSRTC - 175161,Express Non AC Seater 2+3,18:15,04h 15m,22:30,3.0,205.0,42,4.2
2341,2347,Jaipur (Rajasthan) to Bharatpur,https://www.redbus.in/bus-tickets/jaipur-to-bharatpur,18,RSRTC - 179677,Express Non AC Seater 2+3,18:15,03h 55m,22:10,3.0,205.0,42,3.9
2342,2348,Jaipur (Rajasthan) to Bharatpur,https://www.redbus.in/bus-tickets/jaipur-to-bharatpur,18,RSRTC - 154672,Express Non AC Seater 2+3,18:30,03h 50m,22:20,3.0,205.0,42,3.8
2343,2349,Jaipur (Rajasthan) to Bharatpur,https://www.redbus.in/bus-tickets/jaipur-to-bharatpur,18,Haji Ali Travels,A/C Seater / Sleeper (2+1),19:30,05h 30m,01:00,1.3,450.0,31,5.5
2344,2350,Jaipur (Rajasthan) to Bharatpur,https://www.redbus.in/bus-tickets/jaipur-to-bharatpur,18,NEW RADHIKA TRAVEL,Non A/C Seater / Sleeper (2+1),20:00,03h 15m,23:15,1.5,600.0,26,3.2
2345,2351,Jaipur (Rajasthan) to Bharatpur,https://www.redbus.in/bus-tickets/jaipur-to-bharatpur,18,Chaturvedi Bus Service,NON A/C Seater/ Sleeper (2+1),20:30,04h 00m,00:30,2.6,570.0,52,4.0
2346,2352,Jaipur (Rajasthan) to Bharatpur,https://www.redbus.in/bus-tickets/jaipur-to-bharatpur,18,NueGo,Electric A/C Seater (2+2),14:55,03h 20m,18:15,4.4,228.0,8,3.3
2347,2353,Jaipur (Rajasthan) to Bharatpur,https://www.redbus.in/bus-tickets/jaipur-to-bharatpur,18,Anshi Raj Shree Travels,Bharat Benz A/C Sleeper (2+1),15:00,04h 00m,19:00,3.7,555.0,2,4.0
2348,2354,Jaipur (Rajasthan) to Bharatpur,https://www.redbus.in/bus-tickets/jaipur-to-bharatpur,18,Deepak Transport Company,AC Seater (2+2),15:00,02h 40m,17:40,3.1,740.0,14,2.7
2349,2355,Jaipur (Rajasthan) to Bharatpur,https://www.redbus.in/bus-tickets/jaipur-to-bharatpur,18,Sethi Yatra Company,A/C Seater/Sleeper (2+1),15:05,03h 25m,18:30,3.8,463.0,17,3.4
2350,2356,Jaipur (Rajasthan) to Bharatpur,https://www.redbus.in/bus-tickets/jaipur-to-bharatpur,18,Shri mahavir tour and travels,AC Sleeper (2+1),15:15,04h 00m,19:15,4.2,2500.0,32,4.0
2351,2357,Jaipur (Rajasthan) to Bharatpur,https://www.redbus.in/bus-tickets/jaipur-to-bharatpur,18,Shree Raj Akanshi travels,A/C Seater / Sleeper (2+1),15:20,03h 40m,19:00,3.8,647.0,38,3.7
2352,2358,Jaipur (Rajasthan) to Bharatpur,https://www.redbus.in/bus-tickets/jaipur-to-bharatpur,18,Maharaja Travels,A/C Seater / Sleeper (2+1),15:30,04h 25m,19:55,3.1,1429.0,42,4.4
2353,2359,Delhi to Patiala,https://www.redbus.in/bus-tickets/delhi-to-patiala,17,PEPSU (Punjab) - 66667,Volvo AC Seater (2+2),17:31,04h 59m,22:30,4.3,692.0,38,5.0
2354,2360,Delhi to Patiala,https://www.redbus.in/bus-tickets/delhi-to-patiala,17,PEPSU (Punjab) - 67103,AC Seater Hvac 2+2,22:31,05h 29m,04:00,3.4,440.0,36,5.5
2355,2361,Chandigarh to Haridwar,https://www.redbus.in/bus-tickets/chandigarh-to-haridwar,8,HRTC - 761,Ordinary 3+2 Non AC Seater,21:00,07h 00m,04:00,3.9,388.0,37,7.0
2356,2362,Chandigarh to Haridwar,https://www.redbus.in/bus-tickets/chandigarh-to-haridwar,8,HRTC - 685,Ordinary 3+2 Non AC Seater,23:40,07h 20m,07:00,3.9,388.0,37,7.3
2357,2363,Chandigarh to Haridwar,https://www.redbus.in/bus-tickets/chandigarh-to-haridwar,8,HRTC - 955,Ordinary 3+2 Non AC Seater,23:55,04h 35m,04:30,3.9,309.0,33,4.6
2358,2364,Chandigarh to Haridwar,https://www.redbus.in/bus-tickets/chandigarh-to-haridwar,8,Om Sidh Express,Volvo A/C Semi Sleeper (2+2),19:30,04h 35m,00:05,3.7,475.0,25,4.6
2359,2365,Chandigarh to Haridwar,https://www.redbus.in/bus-tickets/chandigarh-to-haridwar,8,Zimindara Travels,AC Sleeper (2+1),23:00,05h 30m,04:30,4.4,599.0,22,5.5
2360,2366,Chandigarh to Haridwar,https://www.redbus.in/bus-tickets/chandigarh-to-haridwar,8,Vijay Tour and Travels,Bharat Benz A/C Seater /Sleeper (2+1),23:30,05h 00m,04:30,3.5,647.0,20,5.0
2361,2367,Chandigarh to Haridwar,https://www.redbus.in/bus-tickets/chandigarh-to-haridwar,8,Laxmi holidays,VE A/C Semi Sleeper (2+2),23:55,06h 35m,06:30,4.7,599.0,24,6.6
2362,2368,Chandigarh to Katra (jammu and kashmir),https://www.redbus.in/bus-tickets/chandigarh-to-katra,8,Laxmi holidays,Bharat Benz A/C Seater /Sleeper (2+1),23:05,08h 25m,07:30,4.4,494.0,16,8.4
2363,2369,Chandigarh to Katra (jammu and kashmir),https://www.redbus.in/bus-tickets/chandigarh-to-katra,8,Laxmi holidays,Bharat Benz A/C Seater /Sleeper (2+1),22:50,08h 40m,07:30,4.4,515.0,27,8.7
2364,2370,Chandigarh to Katra (jammu and kashmir),https://www.redbus.in/bus-tickets/chandigarh-to-katra,8,Laxmi holidays,Volvo 9600 Multi-Axle A/C Sleeper (2+1),23:50,08h 10m,08:00,4.8,1280.0,7,8.2
2365,2371,Chandigarh to Katra (jammu and kashmir),https://www.redbus.in/bus-tickets/chandigarh-to-katra,8,Laxmi holidays,Bharat Benz A/C Sleeper (2+1),23:30,08h 45m,08:15,4.3,720.0,15,8.8
2366,2372,Chandigarh to Katra (jammu and kashmir),https://www.redbus.in/bus-tickets/chandigarh-to-katra,8,PRAKASH TOURISM,Volvo Multi-Axle B9R A/c Semi Sleeper (2+2),22:05,07h 55m,06:00,New,1400.0,49,7.9
2367,2373,Patna (Bihar) to Balmiki Nagar (bihar),https://www.redbus.in/bus-tickets/patna-to-balmiki-nagar-bihar,14,Jai Mata Di Tour and Travels,A/C Seater / Sleeper (2+2),20:28,09h 32m,06:00,3.3,450.0,6,9.5
2368,2374,Patna (Bihar) to Balmiki Nagar (bihar),https://www.redbus.in/bus-tickets/patna-to-balmiki-nagar-bihar,14,Jai Mata Di Tour and Travels,A/C Seater / Sleeper (2+2),22:40,08h 20m,07:00,3.0,405.0,27,8.3
2369,2375,Delhi to Solan,https://www.redbus.in/bus-tickets/delhi-to-solan,13,HRTC - 525,Ordinary 3+2 Non AC Seater,16:50,08h 40m,01:30,4.1,409.0,6,8.7
2370,2376,Delhi to Solan,https://www.redbus.in/bus-tickets/delhi-to-solan,13,HRTC - 532,Ordinary 3+2 Non AC Seater,17:59,08h 16m,02:15,4.1,409.0,26,8.3
2371,2377,Delhi to Solan,https://www.redbus.in/bus-tickets/delhi-to-solan,13,HRTC - 538,Ordinary 3+2 Non AC Seater,18:31,09h 44m,04:15,4.1,404.0,37,9.7
2372,2378,Delhi to Solan,https://www.redbus.in/bus-tickets/delhi-to-solan,13,HRTC - 93,Himsuta AC Seater Volvo/Scania 2+2,19:35,08h 10m,03:45,4.8,721.0,22,8.2
2373,2379,Delhi to Solan,https://www.redbus.in/bus-tickets/delhi-to-solan,13,HRTC - 301,Ordinary 3+2 Non AC Seater,19:43,07h 17m,03:00,4.1,404.0,27,7.3
2374,2380,Delhi to Solan,https://www.redbus.in/bus-tickets/delhi-to-solan,13,HRTC - 556,Ordinary 3+2 Non AC Seater,20:10,07h 20m,03:30,4.1,404.0,18,7.3
2375,2381,Delhi to Solan,https://www.redbus.in/bus-tickets/delhi-to-solan,13,HRTC - 591,A/C Executive (2+3),21:00,09h 00m,06:00,4.4,519.0,42,9.0
2376,2382,Delhi to Solan,https://www.redbus.in/bus-tickets/delhi-to-solan,13,HRTC - 8,Himsuta AC Seater Volvo/Scania 2+2,21:02,07h 38m,04:40,4.8,721.0,4,7.6
2377,2383,Delhi to Solan,https://www.redbus.in/bus-tickets/delhi-to-solan,13,HRTC - 570,Ordinary 3+2 Non AC Seater,21:25,08h 00m,05:25,4.1,404.0,37,8.0
2378,2384,Delhi to Solan,https://www.redbus.in/bus-tickets/delhi-to-solan,13,HRTC - 518,Ordinary 3+2 Non AC Seater,21:58,07h 02m,05:00,4.2,404.0,27,7.0
2379,2385,Delhi to Solan,https://www.redbus.in/bus-tickets/delhi-to-solan,13,HRTC - 9,Himsuta AC Seater Volvo/Scania 2+2,22:00,08h 00m,06:00,4.0,721.0,5,8.0
2380,2386,Delhi to Solan,https://www.redbus.in/bus-tickets/delhi-to-solan,13,HRTC - 579,Ordinary 3+2 Non AC Seater,22:30,07h 50m,06:20,4.1,404.0,27,7.8
2381,2387,Delhi to Solan,https://www.redbus.in/bus-tickets/delhi-to-solan,13,HRTC - 36,Himsuta AC Seater Volvo/Scania 2+2,22:30,06h 40m,05:10,4.1,696.0,13,6.7
2382,2388,Delhi to Solan,https://www.redbus.in/bus-tickets/delhi-to-solan,13,HRTC - 22,Himsuta AC Seater Volvo/Scania 2+2,23:00,07h 50m,06:50,3.4,721.0,11,7.8
2383,2389,Delhi to Solan,https://www.redbus.in/bus-tickets/delhi-to-solan,13,HRTC - 564,Ordinary 3+2 Non AC Seater,23:40,08h 00m,07:40,4.1,404.0,35,8.0
2384,2390,Delhi to Solan,https://www.redbus.in/bus-tickets/delhi-to-solan,13,Laxmi holidays,Volvo A/C Semi Sleeper (2+2),23:25,07h 15m,06:40,4.7,499.0,1,7.2
2385,2391,Delhi to Solan,https://www.redbus.in/bus-tickets/delhi-to-solan,13,Bedi Travels,Volvo A/C Semi Sleeper (2+2 ),23:00,07h 45m,06:45,4.9,512.0,8,7.8
2386,2392,Delhi to Solan,https://www.redbus.in/bus-tickets/delhi-to-solan,13,Laxmi holidays,Scania Multi-Axle AC Semi Sleeper (2+2),23:30,07h 00m,06:30,4.7,599.0,21,7.0
2387,2393,Delhi to Solan,https://www.redbus.in/bus-tickets/delhi-to-solan,13,Ram Dalal Holidays,Mercedes Multi-Axle Semi Sleeper (2+2),23:25,07h 00m,06:25,4.5,700.0,12,7.0
2388,2394,Delhi to Solan,https://www.redbus.in/bus-tickets/delhi-to-solan,13,Laxmi holidays,Volvo A/C Semi Sleeper (2+2),22:50,07h 10m,06:00,4.1,499.0,32,7.2
2389,2395,Delhi to Solan,https://www.redbus.in/bus-tickets/delhi-to-solan,13,City Land Travels,Volvo A/C Semi Sleeper (2+2),22:30,06h 10m,04:40,3.3,529.0,22,6.2
2390,2396,Delhi to Solan,https://www.redbus.in/bus-tickets/delhi-to-solan,13,City Land Travels,Volvo Multi-Axle I-Shift B11R Semi Sleeper (2+2),23:55,06h 10m,06:05,3.8,500.0,38,6.2
2391,2397,Delhi to Solan,https://www.redbus.in/bus-tickets/delhi-to-solan,13,FlixBus,A/C Seater (2+2),23:55,07h 10m,07:05,4.8,738.0,12,7.2
2392,2398,Delhi to Hamirpur (Himachal Pradesh),https://www.redbus.in/bus-tickets/delhi-to-hamirpur-himachal-pradesh,13,HRTC - 416,Ordinary 3+2 Non AC Seater,17:10,11h 05m,04:15,4.6,604.0,35,11.1
2393,2399,Delhi to Hamirpur (Himachal Pradesh),https://www.redbus.in/bus-tickets/delhi-to-hamirpur-himachal-pradesh,13,HRTC - 587,Ordinary 3+2 Non AC Seater,18:25,09h 05m,03:30,3.6,555.0,31,9.1
2394,2400,Delhi to Hamirpur (Himachal Pradesh),https://www.redbus.in/bus-tickets/delhi-to-hamirpur-himachal-pradesh,13,HRTC - 540,Ordinary 3+2 Non AC Seater,19:00,13h 00m,08:00,4.1,696.0,29,13.0
2395,2401,Delhi to Hamirpur (Himachal Pradesh),https://www.redbus.in/bus-tickets/delhi-to-hamirpur-himachal-pradesh,13,HRTC - 552,Himmani Deluxe 2+2 Non AC Seater,19:45,09h 15m,05:00,4.1,608.0,1,9.2
2396,2402,Delhi to Hamirpur (Himachal Pradesh),https://www.redbus.in/bus-tickets/delhi-to-hamirpur-himachal-pradesh,13,HRTC - 559,Ordinary 3+2 Non AC Seater,20:29,11h 36m,08:05,4.1,613.0,35,11.6
2397,2403,Delhi to Hamirpur (Himachal Pradesh),https://www.redbus.in/bus-tickets/delhi-to-hamirpur-himachal-pradesh,13,HRTC - 98,Himsuta AC Seater Volvo/Scania 2+2,20:42,09h 48m,06:30,4.1,1118.0,15,9.8
2398,2404,Delhi to Hamirpur (Himachal Pradesh),https://www.redbus.in/bus-tickets/delhi-to-hamirpur-himachal-pradesh,13,HRTC - 566,Ordinary 3+2 Non AC Seater,21:10,10h 20m,07:30,4.0,574.0,22,10.3
2399,2405,Delhi to Hamirpur (Himachal Pradesh),https://www.redbus.in/bus-tickets/delhi-to-hamirpur-himachal-pradesh,13,HRTC - 16,Himsuta AC Seater Volvo/Scania 2+2,21:20,08h 30m,05:50,4.2,1008.0,4,8.5
2400,2406,Delhi to Hamirpur (Himachal Pradesh),https://www.redbus.in/bus-tickets/delhi-to-hamirpur-himachal-pradesh,13,HRTC - 571,Ordinary 3+2 Non AC Seater,21:40,10h 10m,07:50,4.4,604.0,29,10.2
2401,2407,Delhi to Hamirpur (Himachal Pradesh),https://www.redbus.in/bus-tickets/delhi-to-hamirpur-himachal-pradesh,13,HRTC - 82,Himsuta AC Seater Volvo/Scania 2+2,21:55,09h 45m,07:40,4.0,1093.0,15,9.8
2402,2408,Delhi to Hamirpur (Himachal Pradesh),https://www.redbus.in/bus-tickets/delhi-to-hamirpur-himachal-pradesh,13,Ram Dalal Holidays,Volvo A/C Semi Sleeper (2+2),21:20,08h 35m,05:55,4.7,800.0,7,8.6
2403,2409,Delhi to Hamirpur (Himachal Pradesh),https://www.redbus.in/bus-tickets/delhi-to-hamirpur-himachal-pradesh,13,Laxmi holidays,Volvo A/C Semi Sleeper (2+2),21:00,09h 10m,06:10,4.5,699.0,9,9.2
2404,2410,Delhi to Hamirpur (Himachal Pradesh),https://www.redbus.in/bus-tickets/delhi-to-hamirpur-himachal-pradesh,13,Zingbus Plus,Volvo Multi-Axle A/C Semisleeper (2+2),22:05,10h 15m,08:20,4.3,996.0,25,10.2
2405,2411,Delhi to Hamirpur (Himachal Pradesh),https://www.redbus.in/bus-tickets/delhi-to-hamirpur-himachal-pradesh,13,Northern Travels,Volvo A/C Semi Sleeper (2+2),21:00,08h 45m,05:45,3.7,760.0,26,8.8
2406,2412,Nandyal to Hyderabad,https://www.redbus.in/bus-tickets/nandyala-to-hyderabad,7,APSRTC - 6424,Super Luxury (Non AC Seater 2+2 Push Back),21:00,05h 30m,02:30,3.0,470.0,33,5.5
2407,2413,Nandyal to Hyderabad,https://www.redbus.in/bus-tickets/nandyala-to-hyderabad,7,APSRTC - 9981,Super Luxury (Non AC Seater 2+2 Push Back),21:15,06h 15m,03:30,4.1,469.0,33,6.2
2408,2414,Nandyal to Hyderabad,https://www.redbus.in/bus-tickets/nandyala-to-hyderabad,7,APSRTC - 6440,Super Luxury (Non AC Seater 2+2 Push Back),21:30,05h 40m,03:10,3.9,470.0,34,5.7
2409,2415,Nandyal to Hyderabad,https://www.redbus.in/bus-tickets/nandyala-to-hyderabad,7,APSRTC - 6411,Super Luxury (Non AC Seater 2+2 Push Back),21:45,05h 30m,03:15,4.2,502.0,7,5.5
2410,2416,Nandyal to Hyderabad,https://www.redbus.in/bus-tickets/nandyala-to-hyderabad,7,APSRTC - 51256,Super Luxury (Non AC Seater 2+2 Push Back),22:00,05h 55m,03:55,3.7,502.0,17,5.9
2411,2417,Nandyal to Hyderabad,https://www.redbus.in/bus-tickets/nandyala-to-hyderabad,7,APSRTC - 51545,Super Luxury (Non AC Seater 2+2 Push Back),22:05,05h 10m,03:15,4.1,501.0,10,5.2
2412,2418,Nandyal to Hyderabad,https://www.redbus.in/bus-tickets/nandyala-to-hyderabad,7,APSRTC - 6435,Super Luxury (Non AC Seater 2+2 Push Back),22:15,05h 25m,03:40,3.9,469.0,29,5.4
2413,2419,Nandyal to Hyderabad,https://www.redbus.in/bus-tickets/nandyala-to-hyderabad,7,APSRTC - 6413,INDRA(A.C. Seater),22:30,04h 35m,03:05,3.6,606.0,31,4.6
2414,2420,Nandyal to Hyderabad,https://www.redbus.in/bus-tickets/nandyala-to-hyderabad,7,APSRTC - 6437,Super Luxury (Non AC Seater 2+2 Push Back),22:45,05h 15m,04:00,3.9,470.0,31,5.2
2415,2421,Nandyal to Hyderabad,https://www.redbus.in/bus-tickets/nandyala-to-hyderabad,7,APSRTC - 6465,Super Luxury (Non AC Seater 2+2 Push Back),23:15,05h 20m,04:35,3.4,470.0,34,5.3
2416,2422,Nandyal to Hyderabad,https://www.redbus.in/bus-tickets/nandyala-to-hyderabad,7,TSRTC - 1315,"SUPER LUXURY (NON-AC, 2 + 2 PUSH BACK)",16:00,05h 10m,21:10,3.0,474.0,28,5.2
2417,2423,Nandyal to Hyderabad,https://www.redbus.in/bus-tickets/nandyala-to-hyderabad,7,TSRTC - 9444,"SUPER LUXURY (NON-AC, 2 + 2 PUSH BACK)",17:20,06h 50m,00:10,3.5,380.0,30,6.8
2418,2424,Nandyal to Hyderabad,https://www.redbus.in/bus-tickets/nandyala-to-hyderabad,7,TSRTC - 1778,"SUPER LUXURY (NON-AC, 2 + 2 PUSH BACK)",17:45,06h 25m,00:10,3.9,380.0,21,6.4
2419,2425,Nandyal to Hyderabad,https://www.redbus.in/bus-tickets/nandyala-to-hyderabad,7,TSRTC - 1749,"SUPER LUXURY (NON-AC, 2 + 2 PUSH BACK)",19:30,05h 15m,00:45,2.3,380.0,28,5.2
2420,2426,Nandyal to Hyderabad,https://www.redbus.in/bus-tickets/nandyala-to-hyderabad,7,TSRTC - 1053,"SUPER LUXURY (NON-AC, 2 + 2 PUSH BACK)",21:50,05h 50m,03:40,3.9,474.0,28,5.8
2421,2427,Nandyal to Hyderabad,https://www.redbus.in/bus-tickets/nandyala-to-hyderabad,7,TSRTC - 9684,Lahari Non A/C Sleeper Cum Seater,22:35,05h 30m,04:05,3.8,380.0,22,5.5
2422,2428,Nandyal to Hyderabad,https://www.redbus.in/bus-tickets/nandyala-to-hyderabad,7,INDHU BUS,Non A/C Seater / Sleeper (2+1),23:30,06h 05m,05:35,4.3,499.0,24,6.1
2423,2429,Nandyal to Hyderabad,https://www.redbus.in/bus-tickets/nandyala-to-hyderabad,7,VEERA BRAHMENDRA TRAVELS,Non A/C Seater / Sleeper (2+1),23:35,06h 25m,06:00,4.2,450.0,21,6.4
2424,2430,Nandyal to Hyderabad,https://www.redbus.in/bus-tickets/nandyala-to-hyderabad,7,BRS Travels,NON AC Seater / Sleeper 2+1,23:00,06h 30m,05:30,4.0,550.0,4,6.5
2425,2431,Nandyal to Hyderabad,https://www.redbus.in/bus-tickets/nandyala-to-hyderabad,7,BRS Travels,A/C Sleeper (2+1),23:00,06h 30m,05:30,3.9,800.0,1,6.5
2426,2432,Nandyal to Hyderabad,https://www.redbus.in/bus-tickets/nandyala-to-hyderabad,7,SLNS Travels,Non A/C Seater / Sleeper (2+1),23:00,07h 00m,06:00,4.0,500.0,20,7.0
2427,2433,Nandyal to Hyderabad,https://www.redbus.in/bus-tickets/nandyala-to-hyderabad,7,PRL BUS,Non A/C Seater / Sleeper (2+1),23:20,07h 10m,06:30,4.1,500.0,9,7.2
2428,2434,Nandyal to Hyderabad,https://www.redbus.in/bus-tickets/nandyala-to-hyderabad,7,Indu Travels,Non A/C Seater / Sleeper (2+1),23:45,06h 00m,05:45,4.3,550.0,20,6.0
2429,2435,Nandyal to Hyderabad,https://www.redbus.in/bus-tickets/nandyala-to-hyderabad,7,Indu Travels,A/C Sleeper (2+1),23:30,05h 55m,05:25,4.1,1050.0,15,5.9
2430,2436,Nandyal to Hyderabad,https://www.redbus.in/bus-tickets/nandyala-to-hyderabad,7,Indu Travels,Non A/C Seater / Sleeper (2+1),23:30,06h 30m,06:00,4.1,500.0,30,6.5
2431,2437,Nandyal to Hyderabad,https://www.redbus.in/bus-tickets/nandyala-to-hyderabad,7,Maheswari Travels,Non A/C Seater / Sleeper (2+1),23:30,05h 55m,05:25,4.1,450.0,18,5.9
2432,2438,Hyderabad to Bhadrachalam,https://www.redbus.in/bus-tickets/hyderabad-to-bhadrachalam,9,BSR Tours And Travels,A/C Sleeper (2+1),22:00,07h 30m,05:30,4.6,800.0,13,7.5
2433,2439,Hyderabad to Bhadrachalam,https://www.redbus.in/bus-tickets/hyderabad-to-bhadrachalam,9,BSR Tours And Travels,A/C Sleeper (2+1),22:00,07h 30m,05:30,4.5,800.0,14,7.5
2434,2440,Hyderabad to Bhadrachalam,https://www.redbus.in/bus-tickets/hyderabad-to-bhadrachalam,9,Bharathi Tours & Travels,Non A/C Seater / Sleeper (2+1),21:20,08h 30m,05:50,4.2,500.0,19,8.5
2435,2441,Hyderabad to Bhadrachalam,https://www.redbus.in/bus-tickets/hyderabad-to-bhadrachalam,9,AdVSR Tours and Travels,A/C Sleeper (2+1),23:00,06h 30m,05:30,4.5,649.0,13,6.5
2436,2442,Hyderabad to Bhadrachalam,https://www.redbus.in/bus-tickets/hyderabad-to-bhadrachalam,9,SAIRAJ TRAVELS,A/C Seater / Sleeper (2+1),22:15,07h 30m,05:45,4.4,670.0,23,7.5
2437,2443,Raiganj to Siliguri,https://www.redbus.in/bus-tickets/raiganj-to-siliguri,1,Mohanta Travels,A/C Seater / Sleeper (2+2),23:30,05h 30m,05:00,3.7,361.0,18,5.5
2438,2444,Raiganj to Siliguri,https://www.redbus.in/bus-tickets/raiganj-to-siliguri,1,Shree Krishna Travels,NON A/C Seater / Sleeper (2+2),23:40,05h 20m,05:00,3.5,250.0,17,5.3
2439,2445,Raiganj to Siliguri,https://www.redbus.in/bus-tickets/raiganj-to-siliguri,1,New Dolphin Travels,NON A/C Seater / Sleeper (2+2),23:55,05h 05m,05:00,3.5,247.0,60,5.1
2440,2446,Raiganj to Siliguri,https://www.redbus.in/bus-tickets/raiganj-to-siliguri,1,Gopal Travels,A/C Seater / Sleeper (2+2),23:30,04h 30m,04:00,2.7,300.0,65,4.5
2441,2447,Raiganj to Siliguri,https://www.redbus.in/bus-tickets/raiganj-to-siliguri,1,Padmanabha Travels,A/C Seater / Sleeper (2+2),23:50,05h 15m,05:05,2.6,290.0,19,5.2
2442,2448,Bangalore to Madanapalli,https://www.redbus.in/bus-tickets/bangalore-to-madanapalli,7,APSRTC - 47135,Express(Non AC Seater),20:15,03h 00m,23:15,3.0,143.0,22,3.0
2443,2449,Bangalore to Madanapalli,https://www.redbus.in/bus-tickets/bangalore-to-madanapalli,7,Sri Vinayaka Travels,NON A/C Seater (2+3),21:30,04h 00m,01:30,3.1,350.0,25,4.0
2444,2450,Bangalore to Madanapalli,https://www.redbus.in/bus-tickets/bangalore-to-madanapalli,7,Maheswari Travels,Non A/C Seater / Sleeper (2+1),20:05,05h 55m,02:00,2.1,450.0,14,5.9
2445,2451,Bangalore to Madanapalli,https://www.redbus.in/bus-tickets/bangalore-to-madanapalli,7,Maheswari Travels,Non A/C Seater / Sleeper (2+1),20:15,05h 45m,02:00,2.1,450.0,16,5.8
2446,2452,Bangalore to Madanapalli,https://www.redbus.in/bus-tickets/bangalore-to-madanapalli,7,BHAIRAVA TOURS AND TRAVELS,Non A/C Seater / Sleeper (2+1),19:15,04h 44m,23:59,4.9,899.0,1,4.7
2447,2453,Kolkata to Chandipur (West Bengal),https://www.redbus.in/bus-tickets/kolkata-to-chandipur-west-bengal,12,SBSTC-GARIA - DIGHA - 15:15 (DIGHA DEPOT) - 543,Non AC Seater (2+3),15:15,08h 45m,00:00,4.5,108.0,11,8.8
2448,2454,Kolkata to Chandipur (West Bengal),https://www.redbus.in/bus-tickets/kolkata-to-chandipur-west-bengal,12,SBSTC-KOLKATA - NANDIGRAM - 16:45 (HWH DEPOT) - 602,Non AC Seater (2+3),16:45,07h 15m,00:00,4.1,96.0,37,7.2
2449,2455,Kolkata to Chandipur (West Bengal),https://www.redbus.in/bus-tickets/kolkata-to-chandipur-west-bengal,12,SBSTC-GARIA - DIGHA - 22:30 (DIGHA DEPOT) - 3745,Non AC Seater (2+3),23:45,00h 15m,00:00,3.9,96.0,5,0.2
2450,2456,Chandigarh to Agra,https://www.redbus.in/bus-tickets/chandigarh-to-agra,8,Chandigarh Transport Undertaking (CTU) - 165906,HVAC Seater (2+3),20:30,11h 00m,07:30,4.0,731.43,46,11.0
2451,2457,Chandigarh to Agra,https://www.redbus.in/bus-tickets/chandigarh-to-agra,8,Gajraj bus service,Bharat Benz A/C Seater /Sleeper (2+1),15:30,08h 15m,23:45,3.9,999.0,15,8.2
2452,2458,Chandigarh to Agra,https://www.redbus.in/bus-tickets/chandigarh-to-agra,8,NAYAR TRAVELS (OPC) PVT LTD,A/C Sleeper (2+1),16:30,08h 00m,00:30,2.2,1549.0,29,8.0
2453,2459,Jaipur (Rajasthan) to Pilani,https://www.redbus.in/bus-tickets/jaipur-to-pilani,18,RSRTC - 173068,Super Luxury Volvo AC Seater Pushback 2+2,16:40,04h 30m,21:10,4.0,440.0,17,4.5
2454,2460,Jaipur (Rajasthan) to Pilani,https://www.redbus.in/bus-tickets/jaipur-to-pilani,18,RSRTC - 154392,Express Non AC Seater 2+3,21:30,05h 30m,03:00,4.2,263.0,42,5.5
2455,2461,Jaipur (Rajasthan) to Pilani,https://www.redbus.in/bus-tickets/jaipur-to-pilani,18,Neeraj travels,A/C Seater / Sleeper (2+1),15:00,05h 02m,20:02,3.4,333.0,8,5.0
2456,2462,Jaipur (Rajasthan) to Pilani,https://www.redbus.in/bus-tickets/jaipur-to-pilani,18,Garhwal Travels,A/C Seater / Sleeper (2+1),16:30,05h 50m,22:20,3.3,462.0,38,5.8
2457,2463,Jaipur (Rajasthan) to Pilani,https://www.redbus.in/bus-tickets/jaipur-to-pilani,18,Vijay Tour and Travels,Bharat Benz A/C Seater /Sleeper (2+1),18:10,05h 00m,23:10,3.5,323.0,23,5.0
2458,2464,Jaipur (Rajasthan) to Pilani,https://www.redbus.in/bus-tickets/jaipur-to-pilani,18,Devraj Travels,A/C Seater / Sleeper (2+1),18:15,04h 50m,23:05,4.5,350.0,17,4.8
2459,2465,Jaipur (Rajasthan) to Pilani,https://www.redbus.in/bus-tickets/jaipur-to-pilani,18,Vijay Tour and Travels,A/C Seater / Sleeper (2+1),18:30,05h 20m,23:50,3.5,370.0,20,5.3
2460,2466,Jaipur (Rajasthan) to Pilani,https://www.redbus.in/bus-tickets/jaipur-to-pilani,18,R.K Jakhar Travels,A/C Seater / Sleeper (2+1),21:25,05h 05m,02:30,4.1,300.0,42,5.1
2461,2467,Jaipur (Rajasthan) to Pilani,https://www.redbus.in/bus-tickets/jaipur-to-pilani,18,Devraj Travels,Bharat Benz A/C Seater /Sleeper (2+1),23:59,06h 09m,06:08,4.2,350.0,18,6.2
2462,2468,Jaipur (Rajasthan) to Pilani,https://www.redbus.in/bus-tickets/jaipur-to-pilani,18,MS Gajraj Bus Service,A/C Seater (2+3),15:05,05h 05m,20:10,,349.0,56,5.1
2463,2469,Jaipur (Rajasthan) to Pilani,https://www.redbus.in/bus-tickets/jaipur-to-pilani,18,Amit Travels,Non AC Seater (2+3),15:40,05h 40m,21:20,2.4,299.0,55,5.7
2464,2470,Jaipur (Rajasthan) to Pilani,https://www.redbus.in/bus-tickets/jaipur-to-pilani,18,Raj travels Jhunjhunu,A/C Seater / Sleeper (2+1),18:10,04h 20m,22:30,2.7,370.0,36,4.3
2465,2471,Pune to Goa,https://www.redbus.in/bus-tickets/pune-to-goa,10,Kadamba Transport Corporation Limited (KTCL) - 89821,A/C Sleeper (2+1),19:15,10h 35m,05:50,3.8,1000.0,13,10.6
2466,2472,Pune to Goa,https://www.redbus.in/bus-tickets/pune-to-goa,10,Atmaram Gobus,VE A/C Sleeper (2+1),22:30,10h 15m,08:45,4.6,699.0,9,10.2
2467,2473,Pune to Goa,https://www.redbus.in/bus-tickets/pune-to-goa,10,Atmaram Gobus,VE A/C Sleeper (2+1),21:00,10h 30m,07:30,4.5,750.0,3,10.5
2468,2474,Pune to Goa,https://www.redbus.in/bus-tickets/pune-to-goa,10,Ashray Travels,Bharat Benz A/C Sleeper (2+1),21:00,11h 30m,08:30,4.5,725.0,11,11.5
2469,2475,Pune to Goa,https://www.redbus.in/bus-tickets/pune-to-goa,10,Ashray Amrutyog,A/C Sleeper (2+1),22:00,11h 30m,09:30,4.4,725.0,18,11.5
2470,2476,Delhi to Chamba (Himachal Pradesh),https://www.redbus.in/bus-tickets/delhi-to-chamba-himachal-pradesh,13,HRTC - 531,Ordinary 3+2 Non AC Seater,17:50,16h 10m,10:00,4.4,796.0,32,16.2
2471,2477,Delhi to Chamba (Himachal Pradesh),https://www.redbus.in/bus-tickets/delhi-to-chamba-himachal-pradesh,13,HRTC - 590,A/C Executive (2+3),19:00,15h 15m,10:15,3.4,1007.0,34,15.2
2472,2478,Delhi to Chamba (Himachal Pradesh),https://www.redbus.in/bus-tickets/delhi-to-chamba-himachal-pradesh,13,HRTC - 84,Himsuta AC Seater Volvo/Scania 2+2,20:15,15h 15m,11:30,4.0,1589.0,15,15.2
2473,2479,Delhi to Chamba (Himachal Pradesh),https://www.redbus.in/bus-tickets/delhi-to-chamba-himachal-pradesh,13,HRTC - 578,Ordinary 3+2 Non AC Seater,22:10,20h 25m,18:35,1.9,862.0,37,20.4
2474,2480,Delhi to Haldwani,https://www.redbus.in/bus-tickets/delhi-to-haldwani,2,International Tourist Centre,VE A/C Seater / Sleeper (2+1),22:25,06h 40m,05:05,4.6,549.0,24,6.7
2475,2481,Delhi to Haldwani,https://www.redbus.in/bus-tickets/delhi-to-haldwani,2,Laxmi holidays,VE A/C Sleeper (2+1),23:30,05h 45m,05:15,4.6,649.0,21,5.8
2476,2482,Delhi to Haldwani,https://www.redbus.in/bus-tickets/delhi-to-haldwani,2,Laxmi holidays,Bharat Benz A/C Sleeper (2+1),23:00,06h 00m,05:00,4.4,699.0,22,6.0
2477,2483,Delhi to Haldwani,https://www.redbus.in/bus-tickets/delhi-to-haldwani,2,Fasttrack Travels,VE A/C Seater / Sleeper (2+2),22:30,06h 45m,05:15,4.3,599.0,6,6.8
2478,2484,Delhi to Haldwani,https://www.redbus.in/bus-tickets/delhi-to-haldwani,2,Laxmi holidays,VE A/C Seater / Sleeper (2+1),22:30,06h 00m,04:30,4.3,529.0,18,6.0
2479,2485,Palampur to Chandigarh,https://www.redbus.in/bus-tickets/palampur-to-chandigarh,13,HRTC - 1158,Himsuta AC Seater Volvo/Scania 2+2,17:15,06h 50m,00:05,4.3,796.0,34,6.8
2480,2486,Palampur to Chandigarh,https://www.redbus.in/bus-tickets/palampur-to-chandigarh,13,HRTC - 1134,Himmani Deluxe 2+2 Non AC Seater,17:30,07h 10m,00:40,3.9,502.0,27,7.2
2481,2487,Palampur to Chandigarh,https://www.redbus.in/bus-tickets/palampur-to-chandigarh,13,HRTC - 951,Ordinary 3+2 Non AC Seater,18:12,06h 33m,00:45,3.9,451.0,31,6.5
2482,2488,Palampur to Chandigarh,https://www.redbus.in/bus-tickets/palampur-to-chandigarh,13,HRTC - 622,Ordinary 3+2 Non AC Seater,18:20,08h 10m,02:30,3.9,484.0,37,8.2
2483,2489,Palampur to Chandigarh,https://www.redbus.in/bus-tickets/palampur-to-chandigarh,13,HRTC - 79,Himsuta AC Seater Volvo/Scania 2+2,18:40,07h 20m,02:00,3.9,839.0,23,7.3
2484,2490,Palampur to Chandigarh,https://www.redbus.in/bus-tickets/palampur-to-chandigarh,13,HRTC - 1152,Ordinary 3+2 Non AC Seater,20:00,07h 00m,03:00,4.4,457.0,37,7.0
2485,2491,Palampur to Chandigarh,https://www.redbus.in/bus-tickets/palampur-to-chandigarh,13,HRTC - 1103,A/C Executive (2+3),20:40,06h 20m,03:00,2.7,481.0,42,6.3
2486,2492,Palampur to Chandigarh,https://www.redbus.in/bus-tickets/palampur-to-chandigarh,13,HRTC - 1116,A/C Executive (2+3),21:35,06h 30m,04:05,3.2,510.0,34,6.5
2487,2493,Palampur to Chandigarh,https://www.redbus.in/bus-tickets/palampur-to-chandigarh,13,Laxmi holidays,Volvo A/C Semi Sleeper (2+2),18:15,07h 00m,01:15,4.5,599.0,19,7.0
2488,2494,Palampur to Chandigarh,https://www.redbus.in/bus-tickets/palampur-to-chandigarh,13,Everest Holidays,Volvo A/C Semi Sleeper (2+2),18:20,06h 50m,01:10,3.5,521.0,35,6.8
2489,2495,Palampur to Chandigarh,https://www.redbus.in/bus-tickets/palampur-to-chandigarh,13,Northern Travels,Volvo A/C Semi Sleeper (2+2),18:45,06h 15m,01:00,3.0,600.0,4,6.2
2490,2496,Palampur to Chandigarh,https://www.redbus.in/bus-tickets/palampur-to-chandigarh,13,Ram Dalal Holidays,Volvo A/C Semi Sleeper (2+2),18:50,06h 20m,01:10,4.3,630.0,14,6.3
2491,2497,Palampur to Chandigarh,https://www.redbus.in/bus-tickets/palampur-to-chandigarh,13,Laxmi holidays,Scania Multi-Axle AC Semi Sleeper (2+2),19:20,06h 30m,01:50,4.6,499.0,35,6.5
2492,2498,Palampur to Chandigarh,https://www.redbus.in/bus-tickets/palampur-to-chandigarh,13,City Land Travels,Volvo A/C Semi Sleeper (2+2),19:30,06h 00m,01:30,3.7,584.0,8,6.0
2493,2499,Palampur to Chandigarh,https://www.redbus.in/bus-tickets/palampur-to-chandigarh,13,Ram Dalal Holidays,Volvo A/C Semi Sleeper (2+2),19:30,06h 35m,02:05,4.0,700.0,10,6.6
2494,2500,Palampur to Chandigarh,https://www.redbus.in/bus-tickets/palampur-to-chandigarh,13,New Himalaya Travels,Volvo A/C Semi Sleeper (2+2),19:35,05h 55m,01:30,4.6,600.0,9,5.9
2495,2501,Palampur to Chandigarh,https://www.redbus.in/bus-tickets/palampur-to-chandigarh,13,Laxmi holidays,Volvo A/C Semi Sleeper (2+2),20:50,06h 30m,03:20,4.5,549.0,28,6.5
2496,2502,Palampur to Chandigarh,https://www.redbus.in/bus-tickets/palampur-to-chandigarh,13,Bharmani Travels,Volvo A/C Semi Sleeper (2+2),21:10,05h 20m,02:30,3.9,600.0,40,5.3
2497,2503,Delhi to Sarkaghat,https://www.redbus.in/bus-tickets/delhi-to-sarkaghat,13,HRTC - 534,Ordinary 3+2 Non AC Seater,18:05,11h 15m,05:20,4.5,612.0,37,11.2
2498,2504,Delhi to Sarkaghat,https://www.redbus.in/bus-tickets/delhi-to-sarkaghat,13,HRTC - 541,Ordinary 3+2 Non AC Seater,19:14,08h 56m,04:10,4.8,575.0,29,8.9
2499,2505,Delhi to Sarkaghat,https://www.redbus.in/bus-tickets/delhi-to-sarkaghat,13,HRTC - 549,A/C Executive (2+3),19:25,11h 20m,06:45,3.3,701.0,22,11.3
2500,2506,Delhi to Sarkaghat,https://www.redbus.in/bus-tickets/delhi-to-sarkaghat,13,HRTC - 557,Ordinary 3+2 Non AC Seater,20:15,10h 55m,07:10,2.9,575.0,26,10.9
2501,2507,Delhi to Sarkaghat,https://www.redbus.in/bus-tickets/delhi-to-sarkaghat,13,HRTC - 597,Himsuta AC Seater Volvo/Scania 2+2,20:35,10h 05m,06:40,4.2,1078.0,18,10.1
2502,2508,Goa to Sangola (Solapur),https://www.redbus.in/bus-tickets/goa-to-sangola,10,Kadamba Transport Corporation Limited (KTCL) - 60996,Non AC Seater 2+2,19:00,11h 05m,06:05,3.1,675.0,10,11.1
2503,2509,Goa to Sangola (Solapur),https://www.redbus.in/bus-tickets/goa-to-sangola,10,SR Tours & Travels,A/C Sleeper (2+1),17:00,09h 50m,02:50,,540.0,18,9.8
2504,2510,Calangute (goa) to Goa Airport,https://www.redbus.in/bus-tickets/calangute-goa-to-goa-airport,10,Kadamba Transport Corporation Limited (KTCL) - 99718,AC Seater (2+2),15:30,01h 45m,17:15,4.2,200.0,41,1.8
2505,2511,Calangute (goa) to Goa Airport,https://www.redbus.in/bus-tickets/calangute-goa-to-goa-airport,10,Kadamba Transport Corporation Limited (KTCL) - 99719,AC Seater (2+2),18:30,01h 30m,20:00,4.9,200.0,42,1.5
2506,2512,Chandigarh to Hamirpur (Himachal Pradesh),https://www.redbus.in/bus-tickets/chandigarh-to-hamirpur-himachal-pradesh,8,HRTC - 1546,Ordinary 3+2 Non AC Seater,16:25,04h 50m,21:15,4.8,309.0,27,4.8
2507,2513,Chandigarh to Hamirpur (Himachal Pradesh),https://www.redbus.in/bus-tickets/chandigarh-to-hamirpur-himachal-pradesh,8,HRTC - 9235,A/C Executive (2+3),16:40,05h 20m,22:00,4.0,369.0,44,5.3
2508,2514,Chandigarh to Hamirpur (Himachal Pradesh),https://www.redbus.in/bus-tickets/chandigarh-to-hamirpur-himachal-pradesh,8,HRTC - 401670,Ordinary 3+2 Non AC Seater,18:00,04h 00m,22:00,5.0,295.0,37,4.0
2509,2515,Chandigarh to Hamirpur (Himachal Pradesh),https://www.redbus.in/bus-tickets/chandigarh-to-hamirpur-himachal-pradesh,8,HRTC - 1549,Ordinary 3+2 Non AC Seater,18:15,06h 45m,01:00,3.9,337.0,37,6.8
2510,2516,Chandigarh to Hamirpur (Himachal Pradesh),https://www.redbus.in/bus-tickets/chandigarh-to-hamirpur-himachal-pradesh,8,HRTC - 1227,Ordinary 3+2 Non AC Seater,19:30,07h 30m,03:00,3.9,339.0,37,7.5
2511,2517,Delhi to Badaun,https://www.redbus.in/bus-tickets/delhi-to-badaun,2,UPSRTC - BDN0044,Ordinary Non AC Seater 2+3,19:00,06h 30m,01:30,3.3,411.0,52,6.5
2512,2518,Delhi to Badaun,https://www.redbus.in/bus-tickets/delhi-to-badaun,2,UPSRTC - BDN0046,Ordinary Non AC Seater 2+3,21:00,06h 30m,03:30,3.3,411.0,52,6.5
2513,2519,Delhi to Badaun,https://www.redbus.in/bus-tickets/delhi-to-badaun,2,UPSRTC - KSB0005,Shatabdi AC Seater 2+2,23:00,06h 00m,05:00,2.0,505.0,26,6.0
2514,2520,Kadiri to Bangalore,https://www.redbus.in/bus-tickets/kadiri-to-bangalore,7,APSRTC - 52516,Express(Non AC Seater),17:00,03h 50m,20:50,2.5,190.0,39,3.8
2515,2521,Kadiri to Bangalore,https://www.redbus.in/bus-tickets/kadiri-to-bangalore,7,APSRTC - 6824,Express(Non AC Seater),17:15,03h 30m,20:45,3.5,188.0,43,3.5
2516,2522,Kadiri to Bangalore,https://www.redbus.in/bus-tickets/kadiri-to-bangalore,7,APSRTC - 52511,Express(Non AC Seater),18:00,03h 30m,21:30,3.3,205.0,45,3.5
2517,2523,Kadiri to Bangalore,https://www.redbus.in/bus-tickets/kadiri-to-bangalore,7,APSRTC - 52545,Express(Non AC Seater),20:30,04h 00m,00:30,3.5,188.0,41,4.0
2518,2524,Kadiri to Bangalore,https://www.redbus.in/bus-tickets/kadiri-to-bangalore,7,APSRTC - 6846,Express(Non AC Seater),21:45,03h 45m,01:30,3.4,188.0,45,3.8
2519,2525,Kadiri to Bangalore,https://www.redbus.in/bus-tickets/kadiri-to-bangalore,7,Maheswari Travels,Non A/C Seater / Sleeper (2+1),23:45,06h 05m,05:50,3.7,450.0,9,6.1
2520,2526,Kadiri to Bangalore,https://www.redbus.in/bus-tickets/kadiri-to-bangalore,7,AR & BCVR Travels,Non A/C Seater / Sleeper (2+1),23:55,05h 05m,05:00,3.6,400.0,26,5.1
2521,2527,Kadiri to Bangalore,https://www.redbus.in/bus-tickets/kadiri-to-bangalore,7,AR & BCVR Travels,Non A/C Seater / Sleeper (2+1),23:55,05h 05m,05:00,3.8,400.0,19,5.1
2522,2528,Kadiri to Bangalore,https://www.redbus.in/bus-tickets/kadiri-to-bangalore,7,SEVEN HILLS TRAVELS,Non A/C Seater / Sleeper (2+1),23:59,05h 01m,05:00,4.4,499.0,15,5.0
2523,2529,Kadiri to Bangalore,https://www.redbus.in/bus-tickets/kadiri-to-bangalore,7,Indu Travels,Non A/C Seater / Sleeper (2+1),23:59,05h 01m,05:00,3.6,500.0,22,5.0
2524,2530,Goa to Shivamogga,https://www.redbus.in/bus-tickets/goa-to-shimoga,10,Sea Bird Tourist,NON A/C Sleeper (2+1),17:30,09h 00m,02:30,4.1,800.0,23,9.0
2525,2531,Guwahati to Biswanath Charali,https://www.redbus.in/bus-tickets/guwahati-to-biswanath-charali,3,Yatra Travels,NON AC Seater/ Sleeper (2+1),18:00,07h 30m,01:30,4.0,450.0,20,7.5
2526,2532,Guwahati to Biswanath Charali,https://www.redbus.in/bus-tickets/guwahati-to-biswanath-charali,3,PARIJAT TRAVELS(UNDER ASTC),NON A/C Seater (2+1),19:35,06h 25m,02:00,4.1,375.0,21,6.4
2527,2533,Guwahati to Biswanath Charali,https://www.redbus.in/bus-tickets/guwahati-to-biswanath-charali,3,Yatra Travels,NON AC Seater/ Sleeper (2+1),20:00,05h 00m,01:00,3.3,450.0,20,5.0
2528,2534,Guwahati to Biswanath Charali,https://www.redbus.in/bus-tickets/guwahati-to-biswanath-charali,3,Pranjit Travels (Under ASTC),NON A/C Seater (2+1),20:30,06h 30m,03:00,4.0,500.0,29,6.5
2529,2535,Guwahati to Biswanath Charali,https://www.redbus.in/bus-tickets/guwahati-to-biswanath-charali,3,BLUE HILL TRAVELS INDIA LIMITED,NON A/C Seater Semi Sleeper (2+1),20:30,06h 15m,02:45,3.3,500.0,31,6.2
2530,2536,Motihari to Agra,https://www.redbus.in/bus-tickets/motihari-to-agra,14,Bihar state road transport corporation (BSRTC) - 152154,Volvo AC Seater 2+2,15:30,13h 30m,05:00,4.3,1206.0,4,13.5
2531,2537,Motihari to Agra,https://www.redbus.in/bus-tickets/motihari-to-agra,14,Bihar state road transport corporation (BSRTC) - 137431,Volvo AC Seater 2+2,17:20,14h 40m,08:00,2.3,1300.0,12,14.7
2532,2538,Motihari to Agra,https://www.redbus.in/bus-tickets/motihari-to-agra,14,Panwar Travels,A/C Sleeper (2+1),15:40,14h 35m,06:15,2.8,2775.0,4,14.6
2533,2539,Motihari to Agra,https://www.redbus.in/bus-tickets/motihari-to-agra,14,Baba Khatushyam Travels Pvt Ltd,A/C Seater / Sleeper (3+1),17:35,13h 55m,07:30,1.7,1999.0,23,13.9
2534,2540,Motihari to Agra,https://www.redbus.in/bus-tickets/motihari-to-agra,14,Shree Balajee Travels And Cargo,A/C Seater / Sleeper (2+1),15:00,15h 43m,06:43,1.2,1799.0,15,15.7
2535,2541,Motihari to Agra,https://www.redbus.in/bus-tickets/motihari-to-agra,14,Travel Point World LLP,A/C Seater / Sleeper (2+2),18:20,12h 30m,06:50,1.5,2312.0,38,12.5
2536,2542,Kolkata to Itahar (West Bengal),https://www.redbus.in/bus-tickets/kolkata-to-itahar-west-bengal,1,NBSTC-KOL-RAI-R1-20:30,NON A/C Seater Push Back (2+2),20:45,08h 30m,05:15,4.0,323.0,22,8.5
2537,2543,Kolkata to Itahar (West Bengal),https://www.redbus.in/bus-tickets/kolkata-to-itahar-west-bengal,1,Aradhana Bus Service,NON A/C Seater / Sleeper (2+2),16:45,10h 30m,03:15,2.4,713.0,33,10.5
2538,2544,Kolkata to Itahar (West Bengal),https://www.redbus.in/bus-tickets/kolkata-to-itahar-west-bengal,1,Lokenath Bus Service,NON A/C Seater / Sleeper (2+2),21:30,09h 40m,07:10,2.6,500.0,12,9.7
2539,2545,Haldia to Kolkata,https://www.redbus.in/bus-tickets/haldia-to-kolkata,4,SBSTC-HALDIA - KOLKATA - 16:05 (HALDIA DEPOT) - 1328,Non AC Seater (2+3),16:05,03h 00m,19:05,3.7,110.0,30,3.0
2540,2546,Haldia to Kolkata,https://www.redbus.in/bus-tickets/haldia-to-kolkata,4,SBSTC-HALDIA - KOLKATA - ALL STOP - 17:30 (HLD DEPOT) - 630,Non AC Seater (2+3),17:30,03h 00m,20:30,3.7,110.0,25,3.0
2541,2547,Haldia to Kolkata,https://www.redbus.in/bus-tickets/haldia-to-kolkata,4,WBTC (CTC) Habra- Barasat- Haldia - 180|16:45,Non AC Seater (2+3),16:45,02h 45m,19:30,4.3,97.0,36,2.8
2542,2548,Kurnool to Hyderabad,https://www.redbus.in/bus-tickets/kurnool-to-hyderabad,7,APSRTC - 51129,INDRA(A.C. Seater),17:00,03h 50m,20:50,3.4,416.0,29,3.8
2543,2549,Kurnool to Hyderabad,https://www.redbus.in/bus-tickets/kurnool-to-hyderabad,7,APSRTC - 6392,Super Luxury (Non AC Seater 2+2 Push Back),17:30,04h 20m,21:50,4.2,345.0,33,4.3
2544,2550,Kurnool to Hyderabad,https://www.redbus.in/bus-tickets/kurnool-to-hyderabad,7,APSRTC - 6284,Super Luxury (Non AC Seater 2+2 Push Back),18:30,03h 00m,21:30,3.8,345.0,33,3.0
2545,2551,Kurnool to Hyderabad,https://www.redbus.in/bus-tickets/kurnool-to-hyderabad,7,APSRTC - 51606,Super Luxury (Non AC Seater 2+2 Push Back),19:00,04h 20m,23:20,4.8,345.0,34,4.3
2546,2552,Kurnool to Hyderabad,https://www.redbus.in/bus-tickets/kurnool-to-hyderabad,7,APSRTC - 51136,Super Luxury (Non AC Seater 2+2 Push Back),20:00,04h 20m,00:20,4.4,345.0,34,4.3
2547,2553,Kurnool to Hyderabad,https://www.redbus.in/bus-tickets/kurnool-to-hyderabad,7,APSRTC - 6569,Super Luxury (Non AC Seater 2+2 Push Back),22:00,04h 17m,02:17,3.9,377.0,34,4.3
2548,2554,Kurnool to Hyderabad,https://www.redbus.in/bus-tickets/kurnool-to-hyderabad,7,APSRTC - 6424,Super Luxury (Non AC Seater 2+2 Push Back),22:15,04h 15m,02:30,3.7,345.0,30,4.2
2549,2555,Kurnool to Hyderabad,https://www.redbus.in/bus-tickets/kurnool-to-hyderabad,7,APSRTC - 51026,Super Luxury (Non AC Seater 2+2 Push Back),22:30,03h 50m,02:20,2.7,377.0,21,3.8
2550,2556,Kurnool to Hyderabad,https://www.redbus.in/bus-tickets/kurnool-to-hyderabad,7,APSRTC - 51452,Super Luxury (Non AC Seater 2+2 Push Back),22:35,04h 00m,02:35,3.4,377.0,34,4.0
2551,2557,Kurnool to Hyderabad,https://www.redbus.in/bus-tickets/kurnool-to-hyderabad,7,APSRTC - 51056,Super Luxury (Non AC Seater 2+2 Push Back),22:45,03h 20m,02:05,3.9,377.0,26,3.3
2552,2558,Kurnool to Hyderabad,https://www.redbus.in/bus-tickets/kurnool-to-hyderabad,7,TSRTC - 89149,Lahari Non A/C Sleeper Cum Seater,15:40,03h 50m,19:30,3.0,500.0,8,3.8
2553,2559,Kurnool to Hyderabad,https://www.redbus.in/bus-tickets/kurnool-to-hyderabad,7,TSRTC - 4381,"SUPER LUXURY (NON-AC, 2 + 2 PUSH BACK)",16:00,04h 30m,20:30,4.0,348.0,33,4.5
2554,2560,Kurnool to Hyderabad,https://www.redbus.in/bus-tickets/kurnool-to-hyderabad,7,TSRTC - 9551,"SUPER LUXURY (NON-AC, 2 + 2 PUSH BACK)",16:15,06h 00m,22:15,4.2,348.0,30,6.0
2555,2561,Kurnool to Hyderabad,https://www.redbus.in/bus-tickets/kurnool-to-hyderabad,7,TSRTC - 1038,"SUPER LUXURY (NON-AC, 2 + 2 PUSH BACK)",16:50,04h 30m,21:20,3.4,279.0,15,4.5
2556,2562,Kurnool to Hyderabad,https://www.redbus.in/bus-tickets/kurnool-to-hyderabad,7,TSRTC - 2436,"SUPER LUXURY (NON-AC, 2 + 2 PUSH BACK)",17:15,04h 45m,22:00,2.5,279.0,31,4.8
2557,2563,Kurnool to Hyderabad,https://www.redbus.in/bus-tickets/kurnool-to-hyderabad,7,TSRTC - 1315,"SUPER LUXURY (NON-AC, 2 + 2 PUSH BACK)",17:30,03h 40m,21:10,3.6,348.0,32,3.7
2558,2564,Kurnool to Hyderabad,https://www.redbus.in/bus-tickets/kurnool-to-hyderabad,7,TSRTC - 1306,RAJADHANI AC (CONVERTED METRO LUXURY),17:30,04h 10m,21:40,3.4,422.0,30,4.2
2559,2565,Kurnool to Hyderabad,https://www.redbus.in/bus-tickets/kurnool-to-hyderabad,7,TSRTC - 9444,"SUPER LUXURY (NON-AC, 2 + 2 PUSH BACK)",19:15,04h 55m,00:10,4.3,279.0,31,4.9
2560,2566,Kurnool to Hyderabad,https://www.redbus.in/bus-tickets/kurnool-to-hyderabad,7,TSRTC - 7144,"SUPER LUXURY (NON-AC, 2 + 2 PUSH BACK)",19:15,05h 15m,00:30,4.2,279.0,33,5.2
2561,2567,Kurnool to Hyderabad,https://www.redbus.in/bus-tickets/kurnool-to-hyderabad,7,TSRTC - 6818,"SUPER LUXURY (NON-AC, 2 + 2 PUSH BACK)",20:55,03h 40m,00:35,3.5,279.0,31,3.7
2562,2568,Kurnool to Hyderabad,https://www.redbus.in/bus-tickets/kurnool-to-hyderabad,7,SRS Travels,Scania Multi-Axle AC Semi Sleeper (2+2),20:15,03h 20m,23:35,3.2,555.0,8,3.3
2563,2569,Kurnool to Hyderabad,https://www.redbus.in/bus-tickets/kurnool-to-hyderabad,7,Dwaraka Travels,Non AC Seater (2+2),23:50,05h 10m,05:00,3.2,550.0,10,5.2
2564,2570,Kurnool to Hyderabad,https://www.redbus.in/bus-tickets/kurnool-to-hyderabad,7,Dwaraka Travels,AC Sleeper (2+1),23:55,05h 35m,05:30,3.9,800.0,13,5.6
2565,2571,Kurnool to Hyderabad,https://www.redbus.in/bus-tickets/kurnool-to-hyderabad,7,Vasavi travels,A/C Sleeper (2+1),23:59,06h 36m,06:35,3.6,900.0,14,6.6
2566,2572,Kurnool to Hyderabad,https://www.redbus.in/bus-tickets/kurnool-to-hyderabad,7,IVR Tours and Travels,Non A/C Seater / Sleeper (2+1),23:59,05h 01m,05:00,3.5,549.0,19,5.0
2567,2573,Kurnool to Hyderabad,https://www.redbus.in/bus-tickets/kurnool-to-hyderabad,7,GOWTHAMI TOURS AND TRAVELS,A/C Sleeper (2+1),23:59,06h 01m,06:00,3.2,759.0,13,6.0
2568,2574,Kurnool to Hyderabad,https://www.redbus.in/bus-tickets/kurnool-to-hyderabad,7,Vasavi travels,A/C Sleeper (2+1),23:59,05h 31m,05:30,3.2,900.0,25,5.5
2569,2575,Kurnool to Hyderabad,https://www.redbus.in/bus-tickets/kurnool-to-hyderabad,7,Srinivasa Travels,NON A/C Executive (2+1),23:59,04h 41m,04:40,3.8,550.0,7,4.7
2570,2576,Kurnool to Hyderabad,https://www.redbus.in/bus-tickets/kurnool-to-hyderabad,7,Srinivasa Travels,A/C Sleeper (2+1),23:59,05h 01m,05:00,3.8,740.0,16,5.0
2571,2577,Kurnool to Hyderabad,https://www.redbus.in/bus-tickets/kurnool-to-hyderabad,7,SLNS Travels,Non A/C Seater / Sleeper (2+1),23:59,06h 01m,06:00,3.8,500.0,20,6.0
2572,2578,Shimla to Manali,https://www.redbus.in/bus-tickets/shimla-to-manali,13,HRTC - 290,Ordinary 3+2 Non AC Seater,19:00,10h 30m,05:30,3.0,583.0,27,10.5
2573,2579,Shimla to Manali,https://www.redbus.in/bus-tickets/shimla-to-manali,13,HRTC - 291,Himmani Deluxe 2+2 Non AC Seater,20:20,08h 40m,05:00,3.5,641.0,24,8.7
2574,2580,Shimla to Manali,https://www.redbus.in/bus-tickets/shimla-to-manali,13,HRTC - 154,Himsuta AC Seater Volvo/Scania 2+2,21:00,09h 10m,06:10,4.3,963.0,29,9.2
2575,2581,Hyderabad to Kurnool,https://www.redbus.in/bus-tickets/hyderabad-to-kurnool,9,APSRTC - 9236,Super Luxury (Non AC Seater 2+2 Push Back),16:00,06h 45m,22:45,3.7,376.0,30,6.8
2576,2582,Hyderabad to Kurnool,https://www.redbus.in/bus-tickets/hyderabad-to-kurnool,9,APSRTC - 5355,Super Luxury (Non AC Seater 2+2 Push Back),16:45,04h 00m,20:45,3.7,344.0,31,4.0
2577,2583,Hyderabad to Kurnool,https://www.redbus.in/bus-tickets/hyderabad-to-kurnool,9,APSRTC - 51051,Super Luxury (Non AC Seater 2+2 Push Back),16:45,04h 45m,21:30,2.8,344.0,33,4.8
2578,2584,Hyderabad to Kurnool,https://www.redbus.in/bus-tickets/hyderabad-to-kurnool,9,APSRTC - 9295,Super Luxury (Non AC Seater 2+2 Push Back),17:15,04h 15m,21:30,2.9,344.0,27,4.2
2579,2585,Hyderabad to Kurnool,https://www.redbus.in/bus-tickets/hyderabad-to-kurnool,9,APSRTC - 5652,Super Luxury (Non AC Seater 2+2 Push Back),17:15,06h 44m,23:59,3.5,376.0,33,6.7
2580,2586,Hyderabad to Kurnool,https://www.redbus.in/bus-tickets/hyderabad-to-kurnool,9,APSRTC - 6138,Super Luxury (Non AC Seater 2+2 Push Back),17:45,06h 35m,00:20,3.8,396.0,33,6.6
2581,2587,Hyderabad to Kurnool,https://www.redbus.in/bus-tickets/hyderabad-to-kurnool,9,APSRTC - 47144,AMARAVATHI (VOLVO / SCANIA A.C Multi Axle),18:30,05h 25m,23:55,2.0,465.0,15,5.4
2582,2588,Hyderabad to Kurnool,https://www.redbus.in/bus-tickets/hyderabad-to-kurnool,9,APSRTC - 6175,Super Luxury (Non AC Seater 2+2 Push Back),18:30,04h 30m,23:00,4.3,344.0,33,4.5
2583,2589,Hyderabad to Kurnool,https://www.redbus.in/bus-tickets/hyderabad-to-kurnool,9,APSRTC - 5682,INDRA(A.C. Seater),18:45,04h 15m,23:00,3.7,416.0,21,4.2
2584,2590,Hyderabad to Kurnool,https://www.redbus.in/bus-tickets/hyderabad-to-kurnool,9,APSRTC - 5443,VENNELA (A.C. SLEEPER),19:00,05h 45m,00:45,3.8,676.0,17,5.8
2585,2591,Hyderabad to Kurnool,https://www.redbus.in/bus-tickets/hyderabad-to-kurnool,9,KSM Roadways,Bharat Benz A/C Sleeper (2+1),22:30,02h 30m,01:00,4.7,1299.0,16,2.5
2586,2592,Hyderabad to Kurnool,https://www.redbus.in/bus-tickets/hyderabad-to-kurnool,9,BigBus,Volvo 9600 Multi-Axle A/C Sleeper (2+1),15:00,02h 30m,17:30,3.8,900.0,7,2.5
2587,2593,Hyderabad to Kurnool,https://www.redbus.in/bus-tickets/hyderabad-to-kurnool,9,YAS TOURS AND TRAVELS,Volvo A/C B11R Multi Axle Semi Sleeper (2+2),15:05,02h 40m,17:45,4.2,500.0,22,2.7
2588,2594,Hyderabad to Kurnool,https://www.redbus.in/bus-tickets/hyderabad-to-kurnool,9,YAS TOURS AND TRAVELS,Volvo Multi Axle A/C Sleeper I-Shift B11R (2+1),16:15,03h 15m,19:30,3.3,800.0,13,3.2
2589,2595,Hyderabad to Kurnool,https://www.redbus.in/bus-tickets/hyderabad-to-kurnool,9,JBT TRAVELS,A/C Sleeper (2+1),16:30,06h 15m,22:45,3.2,1199.0,4,6.2
2590,2596,Hyderabad to Kurnool,https://www.redbus.in/bus-tickets/hyderabad-to-kurnool,9,YAS TOURS AND TRAVELS,Volvo A/C Semi Sleeper (2+2),16:30,03h 15m,19:45,3.8,700.0,19,3.2
2591,2597,Hyderabad to Kurnool,https://www.redbus.in/bus-tickets/hyderabad-to-kurnool,9,Moksha Travels,A/C Sleeper (2+1),17:00,06h 45m,23:45,4.1,1200.0,6,6.8
2592,2598,Hyderabad to Kurnool,https://www.redbus.in/bus-tickets/hyderabad-to-kurnool,9,Yolo Bus,Bharat Benz A/C Seater /Sleeper (2+1),17:02,06h 32m,23:34,4.6,1060.0,12,6.5
2593,2599,Hyderabad to Kurnool,https://www.redbus.in/bus-tickets/hyderabad-to-kurnool,9,Jagan Travels,Scania AC Multi Axle Sleeper (2+1),17:20,05h 40m,23:00,4.2,935.0,8,5.7
2594,2600,Hyderabad to Kurnool,https://www.redbus.in/bus-tickets/hyderabad-to-kurnool,9,Jagan Travels,A/C Sleeper (2+1),17:30,05h 30m,23:00,4.2,1200.0,1,5.5
2595,2601,Siliguri to Raiganj,https://www.redbus.in/bus-tickets/siliguri-to-raiganj,1,Shree Krishna Travels,NON A/C Seater / Sleeper (2+2),20:00,06h 00m,02:00,3.5,250.0,18,6.0
2596,2602,Siliguri to Raiganj,https://www.redbus.in/bus-tickets/siliguri-to-raiganj,1,Aradhana Bus Service,NON A/C Seater / Sleeper (2+2),20:20,04h 10m,00:30,New,428.0,72,4.2
2597,2603,Siliguri to Raiganj,https://www.redbus.in/bus-tickets/siliguri-to-raiganj,1,Aradhana Bus Service,NON A/C Seater / Sleeper (2+2),15:05,04h 10m,19:15,2.4,665.0,29,4.2
2598,2604,Siliguri to Raiganj,https://www.redbus.in/bus-tickets/siliguri-to-raiganj,1,Lokenath Bus Service,NON A/C Seater / Sleeper (2+2),15:15,27h 45m,19:00,2.6,280.0,12,27.8
2599,2605,Siliguri to Raiganj,https://www.redbus.in/bus-tickets/siliguri-to-raiganj,1,EASY RIDE,Volvo 9600 Multi-Axle A/C Sleeper (2+1),18:45,04h 00m,22:45,4.8,1500.0,11,4.0
2600,2606,Chandigarh to Sujanpur (himachal pradesh),https://www.redbus.in/bus-tickets/chandigarh-to-sujanpur,8,HRTC - 1528,Ordinary 3+2 Non AC Seater,18:40,05h 50m,00:30,3.9,356.0,24,5.8
2601,2607,Chandigarh to Sujanpur (himachal pradesh),https://www.redbus.in/bus-tickets/chandigarh-to-sujanpur,8,HRTC - 1537,Ordinary 3+2 Non AC Seater,21:00,06h 30m,03:30,3.9,354.0,25,6.5
2602,2608,Chandigarh to Haldwani,https://www.redbus.in/bus-tickets/chandigarh-to-haldwani,8,Shree Mahaveer Travels Jaipur,VE A/C Seater / Sleeper (2+1),22:00,09h 55m,07:55,3.7,899.0,21,9.9
2603,2609,Chandigarh to Haldwani,https://www.redbus.in/bus-tickets/chandigarh-to-haldwani,8,Vijay Tour and Travels,Bharat Benz A/C Seater /Sleeper (2+1),23:30,09h 30m,09:00,1.6,832.0,13,9.5
2604,2610,Bangalore to Tirupati,https://www.redbus.in/bus-tickets/bangalore-to-tirupathi,7,APSRTC - 94032,INDRA(A.C. Seater),16:00,06h 00m,22:00,,506.0,26,6.0
2605,2611,Bangalore to Tirupati,https://www.redbus.in/bus-tickets/bangalore-to-tirupathi,7,APSRTC - 3879,Super Luxury (Non AC Seater 2+2 Push Back),16:15,06h 45m,23:00,3.4,398.0,31,6.8
2606,2612,Bangalore to Tirupati,https://www.redbus.in/bus-tickets/bangalore-to-tirupathi,7,APSRTC - 5467,SAPTAGIRI EXPRESS,16:30,06h 00m,22:30,4.0,280.0,30,6.0
2607,2613,Bangalore to Tirupati,https://www.redbus.in/bus-tickets/bangalore-to-tirupathi,7,APSRTC - 4310,Super Luxury (Non AC Seater 2+2 Push Back),17:00,05h 45m,22:45,3.9,398.0,20,5.8
2608,2614,Bangalore to Tirupati,https://www.redbus.in/bus-tickets/bangalore-to-tirupathi,7,APSRTC - 3871,VENNELA (A.C. SLEEPER),17:30,05h 55m,23:25,3.7,749.0,25,5.9
2609,2615,Bangalore to Tirupati,https://www.redbus.in/bus-tickets/bangalore-to-tirupathi,7,FRESHBUS,Electric A/C Seater (2+2),15:00,05h 30m,20:30,4.6,450.0,1,5.5
2610,2616,Bangalore to Tirupati,https://www.redbus.in/bus-tickets/bangalore-to-tirupathi,7,Yolo Bus,Bharat Benz A/C Seater /Sleeper (2+1),15:10,05h 33m,20:43,3.7,600.0,1,5.5
2611,2617,Bangalore to Tirupati,https://www.redbus.in/bus-tickets/bangalore-to-tirupathi,7,Yolo Bus,Bharat Benz A/C Seater /Sleeper (2+1),15:19,04h 14m,19:33,4.1,450.0,3,4.2
2612,2618,Bangalore to Tirupati,https://www.redbus.in/bus-tickets/bangalore-to-tirupathi,7,Jagan Travels,A/C Sleeper (2+1),16:45,04h 45m,21:30,3.8,599.0,12,4.8
2613,2619,Bangalore to Tirupati,https://www.redbus.in/bus-tickets/bangalore-to-tirupathi,7,FRESHBUS,Electric A/C Seater (2+2),17:30,07h 05m,00:35,4.7,450.0,29,7.1
2614,2620,Mysore to Kozhikode,https://www.redbus.in/bus-tickets/mysore-to-kozhikode,6,KSRTC (Kerala) - 712,Super Fast Non AC Seater (2+3),16:45,05h 45m,22:30,3.4,285.0,47,5.8
2615,2621,Mysore to Kozhikode,https://www.redbus.in/bus-tickets/mysore-to-kozhikode,6,KSRTC (Kerala) - 798,Super Fast Non AC Seater (2+3),17:00,06h 00m,23:00,3.9,285.0,47,6.0
2616,2622,Mysore to Kozhikode,https://www.redbus.in/bus-tickets/mysore-to-kozhikode,6,KSRTC (Kerala) - 129,SWIFT-GARUDA A/C SEATER BUS,17:30,05h 20m,22:50,2.7,391.0,3,5.3
2617,2623,Mysore to Kozhikode,https://www.redbus.in/bus-tickets/mysore-to-kozhikode,6,KSRTC (Kerala) - 235,Swift Deluxe Non AC Air Bus (2+2),17:30,06h 31m,00:01,3.9,398.0,3,6.5
2618,2624,Mysore to Kozhikode,https://www.redbus.in/bus-tickets/mysore-to-kozhikode,6,KSRTC (Kerala) - 370,AC MULTI AXLE,18:00,04h 20m,22:20,4.0,494.0,21,4.3
2619,2625,Mysore to Kozhikode,https://www.redbus.in/bus-tickets/mysore-to-kozhikode,6,KSRTC (Kerala) - 793,Super Fast Non AC Seater (2+3),18:30,05h 30m,00:00,3.6,285.0,43,5.5
2620,2626,Mysore to Kozhikode,https://www.redbus.in/bus-tickets/mysore-to-kozhikode,6,KSRTC (Kerala) - 97,Swift Deluxe Non AC Air Bus (2+2),18:51,05h 59m,00:50,3.9,356.0,4,6.0
2621,2627,Mysore to Kozhikode,https://www.redbus.in/bus-tickets/mysore-to-kozhikode,6,KSRTC (Kerala) - 171,Swift Deluxe Non AC Air Bus (2+2),19:10,06h 10m,01:20,3.9,419.0,13,6.2
2622,2628,Mysore to Kozhikode,https://www.redbus.in/bus-tickets/mysore-to-kozhikode,6,KSRTC (Kerala) - 553,Super Express Non AC Seater Air Bus (2+2),19:50,05h 35m,01:25,3.9,419.0,6,5.6
2623,2629,Mysore to Kozhikode,https://www.redbus.in/bus-tickets/mysore-to-kozhikode,6,KSRTC (Kerala) - 51,Swift Deluxe Non AC Air Bus (2+2),21:50,06h 34m,04:24,3.4,419.0,34,6.6
2624,2630,Mysore to Kozhikode,https://www.redbus.in/bus-tickets/mysore-to-kozhikode,6,LIYAS TOURS,Bharat Benz A/C Sleeper (2+1),17:25,05h 40m,23:05,4.1,599.0,13,5.7
2625,2631,Mysore to Kozhikode,https://www.redbus.in/bus-tickets/mysore-to-kozhikode,6,A1 Travels,Bharat Benz A/C Sleeper (2+1),17:30,06h 00m,23:30,3.3,500.0,31,6.0
2626,2632,Mysore to Kozhikode,https://www.redbus.in/bus-tickets/mysore-to-kozhikode,6,Suraj Holidays,NON AC Seater / Sleeper 2+1,23:00,07h 00m,06:00,4.3,750.0,15,7.0
2627,2633,Mysore to Kozhikode,https://www.redbus.in/bus-tickets/mysore-to-kozhikode,6,NS Transports,Non A/C Seater / Sleeper (2+1),00:10,06h 00m,06:10,4.2,700.0,8,6.0
2628,2634,Mysore to Kozhikode,https://www.redbus.in/bus-tickets/mysore-to-kozhikode,6,NS Transports,Non A/C Seater / Sleeper (2+1),00:30,06h 00m,06:30,4.2,700.0,19,6.0
2629,2635,Mysore to Kozhikode,https://www.redbus.in/bus-tickets/mysore-to-kozhikode,6,NS Transports,NON A/C Sleeper (2+1),00:30,07h 00m,07:30,4.2,799.0,9,7.0
2630,2636,Mysore to Kozhikode,https://www.redbus.in/bus-tickets/mysore-to-kozhikode,6,National travels and logistics,NON A/C Sleeper (2+1),00:40,05h 50m,06:30,3.5,649.0,19,5.8
2631,2637,Mysore to Kozhikode,https://www.redbus.in/bus-tickets/mysore-to-kozhikode,6,Sam Tourist,NON AC Seater / Sleeper 2+1,00:45,06h 20m,07:05,4.0,599.0,37,6.3
2632,2638,Mysore to Kozhikode,https://www.redbus.in/bus-tickets/mysore-to-kozhikode,6,Kallada Travels (Suresh Kallada),A/C Sleeper (2+1),17:30,05h 46m,23:16,2.5,600.0,29,5.8
2633,2639,Mysore to Kozhikode,https://www.redbus.in/bus-tickets/mysore-to-kozhikode,6,SKS Tours & Travels,A/C Sleeper (2+1),23:50,05h 50m,05:40,3.6,999.0,7,5.8
2634,2640,Asansol (West Bengal) to Kolkata,https://www.redbus.in/bus-tickets/asansol-to-kolkata,12,SBSTC-ASANSOL - KOLKATA - 15:35 (HOWRAH DEPOT) - 211,Non AC Seater (2+3),15:35,04h 30m,20:05,1.8,180.0,52,4.5
2635,2641,Asansol (West Bengal) to Kolkata,https://www.redbus.in/bus-tickets/asansol-to-kolkata,12,SBSTC-ASANSOL - KARUNAMOYEE - 16:10 (BEL DEPOT) - 217,Non AC Seater (2+3),16:10,05h 00m,21:10,3.6,185.0,37,5.0
2636,2642,Asansol (West Bengal) to Kolkata,https://www.redbus.in/bus-tickets/asansol-to-kolkata,12,SBSTC-ASANSOL - KOLKATA - 16:30 (HOWRAH DEPOT) - 752,Non AC Seater (2+3),16:30,04h 30m,21:00,2.2,180.0,50,4.5
2637,2643,Asansol (West Bengal) to Kolkata,https://www.redbus.in/bus-tickets/asansol-to-kolkata,12,SBSTC-ASANSOL - KARUNAMOYEE - 16:40 (ASANSOL DEPOT) - 847,Non AC Seater (2+3),16:40,05h 20m,22:00,2.8,185.0,49,5.3
2638,2644,Asansol (West Bengal) to Kolkata,https://www.redbus.in/bus-tickets/asansol-to-kolkata,12,WBTC (CTC) KARUNAMOYEE - DURGAPUR - ASANSOL (AC Volvo) Banglashree Express - 135|16:10,Volvo AC Seater (2+2),16:10,04h 15m,20:25,3.3,430.0,29,4.2
2639,2645,Asansol (West Bengal) to Kolkata,https://www.redbus.in/bus-tickets/asansol-to-kolkata,12,Greenline,Volvo A/C B11R Multi Axle Semi Sleeper (2+2),15:00,04h 50m,19:50,4.1,524.0,17,4.8
2640,2646,Asansol (West Bengal) to Kolkata,https://www.redbus.in/bus-tickets/asansol-to-kolkata,12,SHYAMOLI Pvt. Ltd.(Karunamoyee),Volvo A/C Seater (2+2),15:00,05h 00m,20:00,3.7,524.0,7,5.0
2641,2647,Asansol (West Bengal) to Kolkata,https://www.redbus.in/bus-tickets/asansol-to-kolkata,12,Express Line (Karunamoyee),Scania Multi-Axle AC Semi Sleeper (2+2),15:20,05h 05m,20:25,4.3,524.0,14,5.1
2642,2648,Asansol (West Bengal) to Kolkata,https://www.redbus.in/bus-tickets/asansol-to-kolkata,12,Shyamoli Paribahan Pvt Ltd,Volvo A/C Seater (2+2),15:30,05h 00m,20:30,3.7,524.0,21,5.0
2643,2649,Asansol (West Bengal) to Kolkata,https://www.redbus.in/bus-tickets/asansol-to-kolkata,12,SHYAMOLI Pvt. Ltd.(Karunamoyee),Volvo A/C Seater (2+2),15:45,05h 00m,20:45,4.0,524.0,35,5.0
2644,2650,Asansol (West Bengal) to Kolkata,https://www.redbus.in/bus-tickets/asansol-to-kolkata,12,Greenline,Volvo A/C Seater (2+2),16:00,05h 00m,21:00,3.3,524.0,25,5.0
2645,2651,Asansol (West Bengal) to Kolkata,https://www.redbus.in/bus-tickets/asansol-to-kolkata,12,Greenline (Karunamoyee),Volvo A/C B11R Multi Axle Semi Sleeper (2+2),16:20,05h 00m,21:20,3.8,524.0,28,5.0
2646,2652,Asansol (West Bengal) to Kolkata,https://www.redbus.in/bus-tickets/asansol-to-kolkata,12,SHYAMOLI Pvt. Ltd.(Karunamoyee),Volvo A/C Seater (2+2),16:35,05h 00m,21:35,3.5,524.0,17,5.0
2647,2653,Asansol (West Bengal) to Kolkata,https://www.redbus.in/bus-tickets/asansol-to-kolkata,12,Shyamoli Paribahan Pvt Ltd,Volvo A/C Seater (2+2),17:00,05h 00m,22:00,3.6,524.0,13,5.0
2648,2654,Jagityal to Hyderabad,https://www.redbus.in/bus-tickets/jagityal-to-hyderabad,9,TSRTC - 7881,"SUPER LUXURY (NON-AC, 2 + 2 PUSH BACK)",15:20,04h 10m,19:30,4.6,365.0,7,4.2
2649,2655,Jagityal to Hyderabad,https://www.redbus.in/bus-tickets/jagityal-to-hyderabad,9,TSRTC - 7465,RAJDHANI (A.C. Semi Sleeper),15:40,04h 25m,20:05,3.6,442.0,30,4.4
2650,2656,Jagityal to Hyderabad,https://www.redbus.in/bus-tickets/jagityal-to-hyderabad,9,TSRTC - 7351,"SUPER LUXURY (NON-AC, 2 + 2 PUSH BACK)",16:30,04h 30m,21:00,3.1,365.0,30,4.5
2651,2657,Jagityal to Hyderabad,https://www.redbus.in/bus-tickets/jagityal-to-hyderabad,9,TSRTC - 7418,"SUPER LUXURY (NON-AC, 2 + 2 PUSH BACK)",16:40,04h 25m,21:05,4.3,365.0,30,4.4
2652,2658,Jagityal to Hyderabad,https://www.redbus.in/bus-tickets/jagityal-to-hyderabad,9,TSRTC - 7382,RAJDHANI (A.C. Semi Sleeper),18:15,04h 35m,22:50,3.1,442.0,27,4.6
2653,2659,Jagityal to Hyderabad,https://www.redbus.in/bus-tickets/jagityal-to-hyderabad,9,TSRTC - 7302,"SUPER LUXURY (NON-AC, 2 + 2 PUSH BACK)",19:15,05h 20m,00:35,4.8,365.0,31,5.3
2654,2660,Jagityal to Hyderabad,https://www.redbus.in/bus-tickets/jagityal-to-hyderabad,9,TSRTC - 7345,"SUPER LUXURY (NON-AC, 2 + 2 PUSH BACK)",19:45,04h 25m,00:10,3.9,365.0,31,4.4
2655,2661,Jagityal to Hyderabad,https://www.redbus.in/bus-tickets/jagityal-to-hyderabad,9,TSRTC - 7355,"SUPER LUXURY (NON-AC, 2 + 2 PUSH BACK)",20:00,04h 50m,00:50,3.1,365.0,29,4.8
2656,2662,Jagityal to Hyderabad,https://www.redbus.in/bus-tickets/jagityal-to-hyderabad,9,TSRTC - 7527,"SUPER LUXURY (NON-AC, 2 + 2 PUSH BACK)",21:15,04h 30m,01:45,3.7,365.0,29,4.5
2657,2663,Jagityal to Hyderabad,https://www.redbus.in/bus-tickets/jagityal-to-hyderabad,9,TSRTC - 7384,RAJDHANI (A.C. Semi Sleeper),22:00,04h 45m,02:45,4.0,442.0,23,4.8
2658,2664,Jagityal to Hyderabad,https://www.redbus.in/bus-tickets/jagityal-to-hyderabad,9,TSRTC - 7359,"SUPER LUXURY (NON-AC, 2 + 2 PUSH BACK)",22:55,04h 20m,03:15,4.0,365.0,31,4.3
2659,2665,Jagityal to Hyderabad,https://www.redbus.in/bus-tickets/jagityal-to-hyderabad,9,TSRTC - 7377,"SUPER LUXURY (NON-AC, 2 + 2 PUSH BACK)",23:30,04h 15m,03:45,4.5,365.0,22,4.2
2660,2666,Jagityal to Hyderabad,https://www.redbus.in/bus-tickets/jagityal-to-hyderabad,9,TSRTC - 7375,"SUPER LUXURY (NON-AC, 2 + 2 PUSH BACK)",23:59,04h 56m,04:55,4.1,366.0,23,4.9
2661,2667,Jagityal to Hyderabad,https://www.redbus.in/bus-tickets/jagityal-to-hyderabad,9,Harikrishna Travels,Non A/C Seater / Sleeper (2+1),17:30,06h 25m,23:55,3.1,760.0,34,6.4
2662,2668,Jagityal to Hyderabad,https://www.redbus.in/bus-tickets/jagityal-to-hyderabad,9,Harikrishna Travels,Non A/C Seater / Sleeper (2+1),18:00,04h 30m,22:30,3.1,760.0,44,4.5
2663,2669,Jagityal to Hyderabad,https://www.redbus.in/bus-tickets/jagityal-to-hyderabad,9,Harikrishna Travels,Volvo Multi-Axle A/C Sleeper (2+1),17:30,04h 30m,22:00,3.1,1140.0,9,4.5
2664,2670,Delhi to Shimla,https://www.redbus.in/bus-tickets/delhi-to-shimla,13,HRTC - 538,Ordinary 3+2 Non AC Seater,18:31,10h 59m,05:30,4.0,507.0,34,11.0
2665,2671,Delhi to Shimla,https://www.redbus.in/bus-tickets/delhi-to-shimla,13,HRTC - 301,Ordinary 3+2 Non AC Seater,19:43,09h 47m,05:30,4.2,507.0,19,9.8
2666,2672,Delhi to Shimla,https://www.redbus.in/bus-tickets/delhi-to-shimla,13,HRTC - 556,Ordinary 3+2 Non AC Seater,20:10,09h 35m,05:45,4.5,507.0,15,9.6
2667,2673,Delhi to Shimla,https://www.redbus.in/bus-tickets/delhi-to-shimla,13,HRTC - 591,A/C Executive (2+3),21:00,11h 15m,08:15,4.0,622.0,34,11.2
2668,2674,Delhi to Shimla,https://www.redbus.in/bus-tickets/delhi-to-shimla,13,HRTC - 8,Himsuta AC Seater Volvo/Scania 2+2,21:02,09h 28m,06:30,4.4,892.0,25,9.5
2669,2675,Delhi to Shimla,https://www.redbus.in/bus-tickets/delhi-to-shimla,13,HRTC - 570,Ordinary 3+2 Non AC Seater,21:25,09h 20m,06:45,3.6,507.0,37,9.3
2670,2676,Delhi to Shimla,https://www.redbus.in/bus-tickets/delhi-to-shimla,13,HRTC - 20,Himsuta AC Seater Volvo/Scania 2+2,21:36,07h 54m,05:30,3.9,867.0,32,7.9
2671,2677,Delhi to Shimla,https://www.redbus.in/bus-tickets/delhi-to-shimla,13,HRTC - 518,Ordinary 3+2 Non AC Seater,21:58,09h 17m,07:15,3.4,507.0,27,9.3
2672,2678,Delhi to Shimla,https://www.redbus.in/bus-tickets/delhi-to-shimla,13,HRTC - 9,Himsuta AC Seater Volvo/Scania 2+2,22:00,09h 30m,07:30,4.6,892.0,34,9.5
2673,2679,Delhi to Shimla,https://www.redbus.in/bus-tickets/delhi-to-shimla,13,HRTC - 36,Himsuta AC Seater Volvo/Scania 2+2,22:30,08h 00m,06:30,4.1,867.0,34,8.0
2674,2680,Delhi to Shimla,https://www.redbus.in/bus-tickets/delhi-to-shimla,13,HRTC - 579,Ordinary 3+2 Non AC Seater,22:30,09h 45m,08:15,4.1,507.0,27,9.8
2675,2681,Delhi to Shimla,https://www.redbus.in/bus-tickets/delhi-to-shimla,13,HRTC - 22,Himsuta AC Seater Volvo/Scania 2+2,23:00,08h 50m,07:50,4.4,892.0,34,8.8
2676,2682,Delhi to Shimla,https://www.redbus.in/bus-tickets/delhi-to-shimla,13,HRTC - 564,Ordinary 3+2 Non AC Seater,23:40,09h 25m,09:05,4.7,507.0,36,9.4
2677,2683,Delhi to Shimla,https://www.redbus.in/bus-tickets/delhi-to-shimla,13,Bedi Travels,Volvo A/C Semi Sleeper (2+2 ),23:00,09h 00m,08:00,4.8,512.0,8,9.0
2678,2684,Delhi to Shimla,https://www.redbus.in/bus-tickets/delhi-to-shimla,13,Laxmi holidays,Volvo A/C Semi Sleeper (2+2),23:25,08h 20m,07:45,4.5,599.0,1,8.3
2679,2685,Delhi to Shimla,https://www.redbus.in/bus-tickets/delhi-to-shimla,13,Ram Dalal Holidays,Mercedes Multi-Axle Semi Sleeper (2+2),23:25,08h 10m,07:35,4.5,700.0,12,8.2
2680,2686,Delhi to Shimla,https://www.redbus.in/bus-tickets/delhi-to-shimla,13,Laxmi holidays,Scania Multi-Axle AC Semi Sleeper (2+2),23:30,08h 30m,08:00,4.3,599.0,20,8.5
2681,2687,Delhi to Shimla,https://www.redbus.in/bus-tickets/delhi-to-shimla,13,Laxmi holidays,Volvo A/C Semi Sleeper (2+2),22:50,08h 50m,07:40,4.0,499.0,29,8.8
2682,2688,Delhi to Shimla,https://www.redbus.in/bus-tickets/delhi-to-shimla,13,City Land Travels,Volvo A/C Semi Sleeper (2+2),22:30,07h 30m,06:00,3.2,529.0,22,7.5
2683,2689,Delhi to Shimla,https://www.redbus.in/bus-tickets/delhi-to-shimla,13,City Land Travels,Volvo Multi-Axle I-Shift B11R Semi Sleeper (2+2),23:55,07h 30m,07:25,3.6,500.0,38,7.5
2684,2690,Delhi to Shimla,https://www.redbus.in/bus-tickets/delhi-to-shimla,13,RAO TRAVELS INDIA PVT LTD.,AC Seater (2+2),21:00,10h 30m,07:30,2.0,1500.0,33,10.5
2685,2691,Delhi to Shimla,https://www.redbus.in/bus-tickets/delhi-to-shimla,13,FlixBus,A/C Seater (2+2),23:55,08h 40m,08:35,2.9,776.0,12,8.7
2686,2692,Delhi to Shimla,https://www.redbus.in/bus-tickets/delhi-to-shimla,13,Heera Himachal Holidays,Volvo A/C Semi Sleeper (2+2),21:30,09h 00m,06:30,1.7,1399.0,22,9.0
2687,2693,Kakinada to Visakhapatnam,https://www.redbus.in/bus-tickets/kakinada-to-visakhapatnam,7,APSRTC - 27129,METRO LUXURY A/C,16:00,03h 05m,19:05,4.1,383.0,2,3.1
2688,2694,Kakinada to Visakhapatnam,https://www.redbus.in/bus-tickets/kakinada-to-visakhapatnam,7,APSRTC - 2695,Super Luxury (Non AC Seater 2+2 Push Back),16:30,03h 00m,19:30,3.1,281.0,18,3.0
2689,2695,Kakinada to Visakhapatnam,https://www.redbus.in/bus-tickets/kakinada-to-visakhapatnam,7,APSRTC - 2891,INDRA(A.C. Seater),17:00,03h 00m,20:00,3.4,340.0,25,3.0
2690,2696,Kakinada to Visakhapatnam,https://www.redbus.in/bus-tickets/kakinada-to-visakhapatnam,7,APSRTC - 2534,Super Luxury (Non AC Seater 2+2 Push Back),17:15,04h 00m,21:15,4.3,281.0,31,4.0
2691,2697,Kakinada to Visakhapatnam,https://www.redbus.in/bus-tickets/kakinada-to-visakhapatnam,7,APSRTC - 2815,Super Luxury (Non AC Seater 2+2 Push Back),17:30,03h 00m,20:30,3.2,281.0,26,3.0
2692,2698,Kakinada to Visakhapatnam,https://www.redbus.in/bus-tickets/kakinada-to-visakhapatnam,7,Vahini Travels,NON A/C Push Back (2+2),23:55,04h 05m,04:00,4.1,469.0,14,4.1
2693,2699,Delhi to Baddi (Himachal Pradesh),https://www.redbus.in/bus-tickets/delhi-to-baddi-himachal-pradesh,13,HRTC - 568,Ordinary 3+2 Non AC Seater,21:30,08h 45m,06:15,3.6,310.0,39,8.8
2694,2700,Delhi to Baddi (Himachal Pradesh),https://www.redbus.in/bus-tickets/delhi-to-baddi-himachal-pradesh,13,HRTC - 580,Ordinary 3+2 Non AC Seater,22:45,06h 15m,05:00,3.4,310.0,37,6.2
2695,2701,Delhi to Baddi (Himachal Pradesh),https://www.redbus.in/bus-tickets/delhi-to-baddi-himachal-pradesh,13,HRTC - 576,Himsuta AC Seater Volvo/Scania 2+2,23:20,06h 10m,05:30,4.1,588.0,25,6.2
2696,2702,Chamba (Himachal Pradesh) to Chandigarh,https://www.redbus.in/bus-tickets/chamba-himachal-pradesh-to-chandigarh,13,HRTC - 1024,A/C Executive (2+3),16:20,11h 55m,04:15,4.2,642.0,31,11.9
2697,2703,Chamba (Himachal Pradesh) to Chandigarh,https://www.redbus.in/bus-tickets/chamba-himachal-pradesh-to-chandigarh,13,HRTC - 1001,A/C Executive (2+3),17:15,10h 45m,04:00,4.0,632.0,23,10.8
2698,2704,Chamba (Himachal Pradesh) to Chandigarh,https://www.redbus.in/bus-tickets/chamba-himachal-pradesh-to-chandigarh,13,HRTC - 100,Himsuta AC Seater Volvo/Scania 2+2,17:40,10h 20m,04:00,4.1,1086.0,5,10.3
2699,2705,Chamba (Himachal Pradesh) to Chandigarh,https://www.redbus.in/bus-tickets/chamba-himachal-pradesh-to-chandigarh,13,HRTC - 1007,Ordinary 3+2 Non AC Seater,19:00,10h 40m,05:40,3.7,597.0,24,10.7
2700,2706,Chamba (Himachal Pradesh) to Chandigarh,https://www.redbus.in/bus-tickets/chamba-himachal-pradesh-to-chandigarh,13,HRTC - 1028,A/C Executive (2+3),20:15,11h 00m,07:15,3.2,638.0,18,11.0
2701,2707,Allahabad to Azamgarh,https://www.redbus.in/bus-tickets/allahabad-to-azamgarh,2,UPSRTC - BTR0023,Ordinary Non AC Seater 2+3,19:00,06h 17m,01:17,3.3,258.0,52,6.3
2702,2708,Digha to Barasat (West Bengal),https://www.redbus.in/bus-tickets/digha-to-barasat-west-bengal,12,WBTC (CTC) MADHYAMGRAM - DIGHA via Belghoria - 130|16:00,Non AC Seater (2+3),16:00,05h 05m,21:05,2.5,161.0,47,5.1
2703,2709,Digha to Barasat (West Bengal),https://www.redbus.in/bus-tickets/digha-to-barasat-west-bengal,12,WBTC (CTC) BARASAT-DIGHA via Bally - 38|16:45,Non AC Seater (2+3),16:45,04h 25m,21:10,2.5,161.0,44,4.4
2704,2710,Digha to Barasat (West Bengal),https://www.redbus.in/bus-tickets/digha-to-barasat-west-bengal,12,Satya Paribahan,A/C Seater (2+3),23:00,06h 10m,05:10,3.1,275.0,29,6.2
2705,2711,Digha to Barasat (West Bengal),https://www.redbus.in/bus-tickets/digha-to-barasat-west-bengal,12,Snemita Paribahan (Shinjini),AC Seater (2+3),23:35,05h 25m,05:00,3.2,420.0,8,5.4
2706,2712,Digha to Barasat (West Bengal),https://www.redbus.in/bus-tickets/digha-to-barasat-west-bengal,12,Arunita Paribahan,A/C Seater (2+3),23:35,05h 25m,05:00,4.2,370.0,21,5.4
2707,2713,Digha to Barasat (West Bengal),https://www.redbus.in/bus-tickets/digha-to-barasat-west-bengal,12,Aradhana Bus Service,Non AC Seater (2+3),16:50,06h 40m,23:30,1.9,333.0,53,6.7
2708,2714,Digha to Barasat (West Bengal),https://www.redbus.in/bus-tickets/digha-to-barasat-west-bengal,12,Aradhana Travels,A/C Seater / Sleeper (2+2),18:35,05h 20m,23:55,1.2,475.0,19,5.3
2709,2715,Digha to Barasat (West Bengal),https://www.redbus.in/bus-tickets/digha-to-barasat-west-bengal,12,The Joy Ride,A/C Seater / Sleeper (2+2),21:15,06h 20m,03:35,3.5,650.0,36,6.3
2710,2716,Digha to Barasat (West Bengal),https://www.redbus.in/bus-tickets/digha-to-barasat-west-bengal,12,Aradhana Bus Service,A/C Seater / Sleeper (2+2),23:00,05h 30m,04:30,1.9,570.0,49,5.5
2711,2717,Kurnool to Vijayawada,https://www.redbus.in/bus-tickets/kurnool-to-vijayawada,7,APSRTC - 3459,Super Luxury (Non AC Seater 2+2 Push Back),16:00,09h 10m,01:10,3.7,555.0,11,9.2
2712,2718,Kurnool to Vijayawada,https://www.redbus.in/bus-tickets/kurnool-to-vijayawada,7,APSRTC - 2718,INDRA(A.C. Seater),17:00,08h 45m,01:45,3.6,671.0,27,8.8
2713,2719,Kurnool to Vijayawada,https://www.redbus.in/bus-tickets/kurnool-to-vijayawada,7,APSRTC - 6334,Super Luxury (Non AC Seater 2+2 Push Back),17:30,08h 45m,02:15,3.8,555.0,34,8.8
2714,2720,Kurnool to Vijayawada,https://www.redbus.in/bus-tickets/kurnool-to-vijayawada,7,APSRTC - 2692,Super Luxury (Non AC Seater 2+2 Push Back),18:00,09h 00m,03:00,3.7,555.0,31,9.0
2715,2721,Kurnool to Vijayawada,https://www.redbus.in/bus-tickets/kurnool-to-vijayawada,7,APSRTC - 9568,Super Luxury (Non AC Seater 2+2 Push Back),18:30,09h 00m,03:30,4.2,555.0,34,9.0
2716,2722,Kurnool to Vijayawada,https://www.redbus.in/bus-tickets/kurnool-to-vijayawada,7,Svkdt travels,A/C Sleeper (2+1),22:30,08h 15m,06:45,4.7,858.0,4,8.2
2717,2723,Kurnool to Vijayawada,https://www.redbus.in/bus-tickets/kurnool-to-vijayawada,7,Sri Balaji Transports,A/C Sleeper (2+1),23:00,07h 10m,06:10,4.0,900.0,13,7.2
2718,2724,Kurnool to Vijayawada,https://www.redbus.in/bus-tickets/kurnool-to-vijayawada,7,Orange Tours And Travels,A/C Sleeper (2+1),23:05,07h 40m,06:45,3.2,1000.0,16,7.7
2719,2725,Kurnool to Vijayawada,https://www.redbus.in/bus-tickets/kurnool-to-vijayawada,7,SOLLIGI TRAVELS,A/C Sleeper (2+1),22:45,07h 35m,06:20,4.0,1000.0,9,7.6
2720,2726,Kurnool to Vijayawada,https://www.redbus.in/bus-tickets/kurnool-to-vijayawada,7,Morning Star Travels,A/C Sleeper (2+1),16:30,08h 45m,01:15,3.4,1290.0,5,8.8
2721,2727,Patna (Bihar) to Motihari,https://www.redbus.in/bus-tickets/patna-to-motihari,14,Bihar state road transport corporation (BSRTC) - 150571,Non AC Seater (2+2),21:20,03h 40m,01:00,2.6,230.0,28,3.7
2722,2728,Patna (Bihar) to Motihari,https://www.redbus.in/bus-tickets/patna-to-motihari,14,Siddhi Vinayak (BSRTC U/T),Non AC Seater (2+2),15:30,04h 00m,19:30,1.5,220.0,35,4.0
2723,2729,Patna (Bihar) to Motihari,https://www.redbus.in/bus-tickets/patna-to-motihari,14,Jai Hanuman Travels,A/C Seater / Sleeper (2+2),22:00,06h 00m,04:00,4.5,550.0,37,6.0
2724,2730,Patna (Bihar) to Motihari,https://www.redbus.in/bus-tickets/patna-to-motihari,14,Jai Hanuman Travels,A/C Seater / Sleeper (2+2),22:20,04h 55m,03:15,3.6,550.0,54,4.9
2725,2731,Patna (Bihar) to Motihari,https://www.redbus.in/bus-tickets/patna-to-motihari,14,Panwar Travels,A/C Seater / Sleeper (2+1),18:10,03h 25m,21:35,2.8,768.0,30,3.4
2726,2732,Hyderabad to Kurnool,https://www.redbus.in/bus-tickets/hyderabad-to-kurnool,7,APSRTC - 9236,Super Luxury (Non AC Seater 2+2 Push Back),16:00,06h 45m,22:45,3.7,376.0,29,6.8
2727,2733,Hyderabad to Kurnool,https://www.redbus.in/bus-tickets/hyderabad-to-kurnool,7,APSRTC - 5355,Super Luxury (Non AC Seater 2+2 Push Back),16:45,04h 00m,20:45,3.7,344.0,31,4.0
2728,2734,Hyderabad to Kurnool,https://www.redbus.in/bus-tickets/hyderabad-to-kurnool,7,APSRTC - 51051,Super Luxury (Non AC Seater 2+2 Push Back),16:45,04h 45m,21:30,2.8,344.0,33,4.8
2729,2735,Hyderabad to Kurnool,https://www.redbus.in/bus-tickets/hyderabad-to-kurnool,7,APSRTC - 9295,Super Luxury (Non AC Seater 2+2 Push Back),17:15,04h 15m,21:30,2.9,344.0,27,4.2
2730,2736,Hyderabad to Kurnool,https://www.redbus.in/bus-tickets/hyderabad-to-kurnool,7,APSRTC - 5652,Super Luxury (Non AC Seater 2+2 Push Back),17:15,06h 44m,23:59,3.5,376.0,33,6.7
2731,2737,Hyderabad to Kurnool,https://www.redbus.in/bus-tickets/hyderabad-to-kurnool,7,APSRTC - 6138,Super Luxury (Non AC Seater 2+2 Push Back),17:45,06h 35m,00:20,3.8,396.0,33,6.6
2732,2738,Hyderabad to Kurnool,https://www.redbus.in/bus-tickets/hyderabad-to-kurnool,7,APSRTC - 6175,Super Luxury (Non AC Seater 2+2 Push Back),18:30,04h 30m,23:00,4.3,344.0,33,4.5
2733,2739,Hyderabad to Kurnool,https://www.redbus.in/bus-tickets/hyderabad-to-kurnool,7,APSRTC - 47144,AMARAVATHI (VOLVO / SCANIA A.C Multi Axle),18:30,05h 25m,23:55,2.0,465.0,15,5.4
2734,2740,Hyderabad to Kurnool,https://www.redbus.in/bus-tickets/hyderabad-to-kurnool,7,APSRTC - 5682,INDRA(A.C. Seater),18:45,04h 15m,23:00,3.4,354.0,22,4.2
2735,2741,Hyderabad to Kurnool,https://www.redbus.in/bus-tickets/hyderabad-to-kurnool,7,APSRTC - 5443,VENNELA (A.C. SLEEPER),19:00,05h 45m,00:45,3.8,676.0,17,5.8
2736,2742,Hyderabad to Kurnool,https://www.redbus.in/bus-tickets/hyderabad-to-kurnool,7,KSM Roadways,Bharat Benz A/C Sleeper (2+1),22:30,02h 30m,01:00,4.7,1299.0,16,2.5
2737,2743,Hyderabad to Kurnool,https://www.redbus.in/bus-tickets/hyderabad-to-kurnool,7,BigBus,Volvo 9600 Multi-Axle A/C Sleeper (2+1),15:00,02h 30m,17:30,3.8,900.0,7,2.5
2738,2744,Hyderabad to Kurnool,https://www.redbus.in/bus-tickets/hyderabad-to-kurnool,7,YAS TOURS AND TRAVELS,Volvo A/C B11R Multi Axle Semi Sleeper (2+2),15:05,02h 40m,17:45,4.2,500.0,22,2.7
2739,2745,Hyderabad to Kurnool,https://www.redbus.in/bus-tickets/hyderabad-to-kurnool,7,YAS TOURS AND TRAVELS,Volvo Multi Axle A/C Sleeper I-Shift B11R (2+1),16:15,03h 15m,19:30,3.3,800.0,13,3.2
2740,2746,Hyderabad to Kurnool,https://www.redbus.in/bus-tickets/hyderabad-to-kurnool,7,YAS TOURS AND TRAVELS,Volvo A/C Semi Sleeper (2+2),16:30,03h 15m,19:45,3.8,700.0,19,3.2
2741,2747,Hyderabad to Kurnool,https://www.redbus.in/bus-tickets/hyderabad-to-kurnool,7,JBT TRAVELS,A/C Sleeper (2+1),16:30,06h 15m,22:45,3.2,1199.0,4,6.2
2742,2748,Hyderabad to Kurnool,https://www.redbus.in/bus-tickets/hyderabad-to-kurnool,7,Moksha Travels,A/C Sleeper (2+1),17:00,06h 45m,23:45,4.1,1200.0,6,6.8
2743,2749,Hyderabad to Kurnool,https://www.redbus.in/bus-tickets/hyderabad-to-kurnool,7,Yolo Bus,Bharat Benz A/C Seater /Sleeper (2+1),17:02,06h 32m,23:34,4.6,1060.0,12,6.5
2744,2750,Hyderabad to Kurnool,https://www.redbus.in/bus-tickets/hyderabad-to-kurnool,7,Jagan Travels,Scania AC Multi Axle Sleeper (2+1),17:20,05h 40m,23:00,4.2,935.0,8,5.7
2745,2751,Hyderabad to Kurnool,https://www.redbus.in/bus-tickets/hyderabad-to-kurnool,7,Jagan Travels,A/C Sleeper (2+1),17:30,05h 30m,23:00,4.2,1200.0,1,5.5
2746,2752,Delhi to Ludhiana,https://www.redbus.in/bus-tickets/delhi-to-ludhiana,17,PEPSU (Punjab) - 67154,Volvo AC Seater (2+2),16:50,06h 00m,22:50,3.9,845.0,38,6.0
2747,2753,Delhi to Ludhiana,https://www.redbus.in/bus-tickets/delhi-to-ludhiana,17,PEPSU (Punjab) - 67132,Volvo AC Seater (2+2),17:40,06h 00m,23:40,3.7,845.0,37,6.0
2748,2754,Delhi to Ludhiana,https://www.redbus.in/bus-tickets/delhi-to-ludhiana,17,PEPSU (Punjab) - 67121,Volvo AC Seater (2+2),21:50,07h 00m,04:50,4.0,845.0,36,7.0
2749,2755,Delhi to Ludhiana,https://www.redbus.in/bus-tickets/delhi-to-ludhiana,17,RSRTC - 170038,Express Non AC Seater 2+3,16:00,07h 00m,23:00,2.2,395.0,41,7.0
2750,2756,Delhi to Ludhiana,https://www.redbus.in/bus-tickets/delhi-to-ludhiana,17,RSRTC - 156675,Express Non AC Seater 2+3,22:30,06h 45m,05:15,2.2,391.0,42,6.8
2751,2757,Delhi to Ludhiana,https://www.redbus.in/bus-tickets/delhi-to-ludhiana,17,Yolo Bus,VE A/C Seater / Sleeper (2+1),23:30,05h 54m,05:24,4.6,480.0,19,5.9
2752,2758,Delhi to Ludhiana,https://www.redbus.in/bus-tickets/delhi-to-ludhiana,17,Laxmi holidays,Bharat Benz A/C Seater /Sleeper (2+1),22:20,06h 40m,05:00,4.6,615.0,14,6.7
2753,2759,Delhi to Ludhiana,https://www.redbus.in/bus-tickets/delhi-to-ludhiana,17,Laxmi holidays,VE A/C Sleeper (2+1),23:00,07h 00m,06:00,4.4,680.0,16,7.0
2754,2760,Delhi to Ludhiana,https://www.redbus.in/bus-tickets/delhi-to-ludhiana,17,AdCity Land Travels,A/C Seater/Sleeper (2+1),23:15,06h 35m,05:50,3.6,612.0,14,6.6
2755,2761,Delhi to Ludhiana,https://www.redbus.in/bus-tickets/delhi-to-ludhiana,17,IntrCity SmartBus,Bharat Benz A/C Seater /Sleeper (2+1),21:45,07h 30m,05:15,4.6,643.0,11,7.5
2756,2762,Delhi to Ludhiana,https://www.redbus.in/bus-tickets/delhi-to-ludhiana,17,Zingbus Plus,Bharat Benz A/C Seater /Sleeper (2+1),20:30,06h 25m,02:55,4.8,599.0,26,6.4
2757,2763,Delhi to Ludhiana,https://www.redbus.in/bus-tickets/delhi-to-ludhiana,17,Laxmi holidays,Bharat Benz A/C Sleeper (2+1),23:40,07h 00m,06:40,4.2,700.0,20,7.0
2758,2764,Delhi to Ludhiana,https://www.redbus.in/bus-tickets/delhi-to-ludhiana,17,IntrCity SmartBus,A/C Seater / Sleeper (2+1),21:30,06h 50m,04:20,4.9,704.0,18,6.8
2759,2765,Delhi to Ludhiana,https://www.redbus.in/bus-tickets/delhi-to-ludhiana,17,IntrCity SmartBus,Bharat Benz A/C Seater /Sleeper (2+1),20:15,08h 30m,04:45,4.2,629.0,14,8.5
2760,2766,Delhi to Ludhiana,https://www.redbus.in/bus-tickets/delhi-to-ludhiana,17,IntrCity SmartBus,Bharat Benz A/C Seater /Sleeper (2+1),23:58,06h 02m,06:00,4.5,657.0,14,6.0
2761,2767,Patiala to Delhi,https://www.redbus.in/bus-tickets/patiala-to-delhi,17,PEPSU (Punjab) - 66687,Volvo AC Seater (2+2),18:10,06h 09m,00:19,3.8,692.0,34,6.2
2762,2768,Patiala to Delhi,https://www.redbus.in/bus-tickets/patiala-to-delhi,17,PEPSU (Punjab) - 67104,AC Seater Hvac 2+2,22:30,05h 01m,03:31,2.9,440.0,40,5.0
2763,2769,Dharamshala (Himachal Pradesh) to Chandigarh,https://www.redbus.in/bus-tickets/dharamshala-to-chandigarh,13,HRTC - 902,Ordinary 3+2 Non AC Seater,16:30,08h 55m,01:25,3.9,477.0,37,8.9
2764,2770,Dharamshala (Himachal Pradesh) to Chandigarh,https://www.redbus.in/bus-tickets/dharamshala-to-chandigarh,13,HRTC - 903,Himmani Deluxe 2+2 Non AC Seater,17:00,08h 00m,01:00,3.9,494.0,27,8.0
2765,2771,Dharamshala (Himachal Pradesh) to Chandigarh,https://www.redbus.in/bus-tickets/dharamshala-to-chandigarh,13,HRTC - 25,Himsuta AC Seater Volvo/Scania 2+2,17:35,07h 40m,01:15,3.9,807.0,34,7.7
2766,2772,Dharamshala (Himachal Pradesh) to Chandigarh,https://www.redbus.in/bus-tickets/dharamshala-to-chandigarh,13,HRTC - 903,Himmani Deluxe 2+2 Non AC Seater,18:00,07h 00m,01:00,3.9,470.0,27,7.0
2767,2773,Dharamshala (Himachal Pradesh) to Chandigarh,https://www.redbus.in/bus-tickets/dharamshala-to-chandigarh,13,HRTC - 925,A/C Executive (2+3),18:00,08h 00m,02:00,3.9,501.0,44,8.0
2768,2774,Dharamshala (Himachal Pradesh) to Chandigarh,https://www.redbus.in/bus-tickets/dharamshala-to-chandigarh,13,HRTC - 904,Himmani Deluxe 2+2 Non AC Seater,18:30,07h 00m,01:30,3.9,478.0,27,7.0
2769,2775,Dharamshala (Himachal Pradesh) to Chandigarh,https://www.redbus.in/bus-tickets/dharamshala-to-chandigarh,13,HRTC - 25,Himsuta AC Seater Volvo/Scania 2+2,18:30,06h 45m,01:15,3.9,771.0,34,6.8
2770,2776,Dharamshala (Himachal Pradesh) to Chandigarh,https://www.redbus.in/bus-tickets/dharamshala-to-chandigarh,13,HRTC - 904,Himmani Deluxe 2+2 Non AC Seater,19:00,06h 30m,01:30,3.9,453.0,27,6.5
2771,2777,Dharamshala (Himachal Pradesh) to Chandigarh,https://www.redbus.in/bus-tickets/dharamshala-to-chandigarh,13,HRTC - 43,Himsuta AC Seater Volvo/Scania 2+2,19:00,06h 15m,01:15,3.9,792.0,34,6.2
2772,2778,Dharamshala (Himachal Pradesh) to Chandigarh,https://www.redbus.in/bus-tickets/dharamshala-to-chandigarh,13,HRTC - 13,Himsuta AC Seater Volvo/Scania 2+2,19:05,07h 10m,02:15,3.9,787.0,34,7.2
2773,2779,Dharamshala (Himachal Pradesh) to Chandigarh,https://www.redbus.in/bus-tickets/dharamshala-to-chandigarh,13,FlixBus,A/C Seater (2+2),18:00,06h 55m,00:55,5.0,411.0,27,6.9
2774,2780,Dharamshala (Himachal Pradesh) to Chandigarh,https://www.redbus.in/bus-tickets/dharamshala-to-chandigarh,13,Laxmi holidays,Volvo 9600 A/C Semi Sleeper (2+2),18:25,06h 35m,01:00,4.9,499.0,11,6.6
2775,2781,Dharamshala (Himachal Pradesh) to Chandigarh,https://www.redbus.in/bus-tickets/dharamshala-to-chandigarh,13,Laxmi holidays,Volvo 9600 A/C Semi Sleeper (2+2),18:30,06h 30m,01:00,4.7,499.0,11,6.5
2776,2782,Dharamshala (Himachal Pradesh) to Chandigarh,https://www.redbus.in/bus-tickets/dharamshala-to-chandigarh,13,Bedi Travels,Volvo 9600 Multi Axle Semi-Sleeper (2+2),18:45,06h 15m,01:00,4.9,585.0,6,6.2
2777,2783,Dharamshala (Himachal Pradesh) to Chandigarh,https://www.redbus.in/bus-tickets/dharamshala-to-chandigarh,13,Bedi Travels,Volvo 9600 Multi Axle Semi-Sleeper (2+2),19:00,06h 00m,01:00,5.0,585.0,6,6.0
2778,2784,Dharamshala (Himachal Pradesh) to Chandigarh,https://www.redbus.in/bus-tickets/dharamshala-to-chandigarh,13,Laxmi holidays,VE A/C Semi Sleeper (2+2),19:00,04h 55m,23:55,4.4,599.0,24,4.9
2779,2785,Dharamshala (Himachal Pradesh) to Chandigarh,https://www.redbus.in/bus-tickets/dharamshala-to-chandigarh,13,Ram Dalal Holidays,Volvo 9600 A/C Semi Sleeper (2+2),19:30,06h 00m,01:30,5.0,620.0,7,6.0
2780,2786,Dharamshala (Himachal Pradesh) to Chandigarh,https://www.redbus.in/bus-tickets/dharamshala-to-chandigarh,13,Ram Dalal Holidays,Volvo 9600 A/C Semi Sleeper (2+2),19:30,06h 00m,01:30,4.8,620.0,7,6.0
2781,2787,Dharamshala (Himachal Pradesh) to Chandigarh,https://www.redbus.in/bus-tickets/dharamshala-to-chandigarh,13,Zingbus Plus,Volvo A/C Semi Sleeper (2+2),19:30,05h 15m,00:45,4.6,534.0,29,5.2
2782,2788,Dharamshala (Himachal Pradesh) to Chandigarh,https://www.redbus.in/bus-tickets/dharamshala-to-chandigarh,13,New Himalaya Travels,Volvo A/C Semi Sleeper (2+2),19:30,05h 45m,01:15,4.0,550.0,21,5.8
2783,2789,Shimla to Delhi,https://www.redbus.in/bus-tickets/shimla-to-delhi,13,HRTC - 103,Ordinary 3+2 Non AC Seater,17:18,08h 57m,02:15,4.2,507.0,35,8.9
2784,2790,Shimla to Delhi,https://www.redbus.in/bus-tickets/shimla-to-delhi,13,HRTC - 104,A/C Executive (2+3),18:20,10h 10m,04:30,2.7,622.0,40,10.2
2785,2791,Shimla to Delhi,https://www.redbus.in/bus-tickets/shimla-to-delhi,13,HRTC - 188,Ordinary 3+2 Non AC Seater,19:25,09h 32m,04:57,4.2,507.0,27,9.5
2786,2792,Shimla to Delhi,https://www.redbus.in/bus-tickets/shimla-to-delhi,13,HRTC - 74,Himsuta AC Seater Volvo/Scania 2+2,20:00,09h 00m,05:00,4.6,892.0,30,9.0
2787,2793,Shimla to Delhi,https://www.redbus.in/bus-tickets/shimla-to-delhi,13,HRTC - 3,Himsuta AC Seater Volvo/Scania 2+2,21:00,09h 00m,06:00,4.4,892.0,22,9.0
2788,2794,Shimla to Delhi,https://www.redbus.in/bus-tickets/shimla-to-delhi,13,HRTC - 108,A/C Executive (2+3),21:20,09h 32m,06:52,3.3,622.0,43,9.5
2789,2795,Shimla to Delhi,https://www.redbus.in/bus-tickets/shimla-to-delhi,13,HRTC - 1712,Ordinary 3+2 Non AC Seater,21:30,08h 30m,06:00,4.2,507.0,25,8.5
2790,2796,Shimla to Delhi,https://www.redbus.in/bus-tickets/shimla-to-delhi,13,HRTC - 19,Himsuta AC Seater Volvo/Scania 2+2,21:30,08h 30m,06:00,4.2,892.0,20,8.5
2791,2797,Shimla to Delhi,https://www.redbus.in/bus-tickets/shimla-to-delhi,13,HRTC - 130,Ordinary 3+2 Non AC Seater,21:45,08h 30m,06:15,4.5,507.0,36,8.5
2792,2798,Shimla to Delhi,https://www.redbus.in/bus-tickets/shimla-to-delhi,13,HRTC - 35,Himsuta AC Seater Volvo/Scania 2+2,22:00,08h 15m,06:15,4.6,892.0,10,8.2
2793,2799,Shimla to Delhi,https://www.redbus.in/bus-tickets/shimla-to-delhi,13,HRTC - 179,Ordinary 3+2 Non AC Seater,22:00,08h 30m,06:30,3.4,507.0,27,8.5
2794,2800,Shimla to Delhi,https://www.redbus.in/bus-tickets/shimla-to-delhi,13,HRTC - 136,Ordinary 3+2 Non AC Seater,22:30,08h 00m,06:30,2.3,507.0,27,8.0
2795,2801,Shimla to Delhi,https://www.redbus.in/bus-tickets/shimla-to-delhi,13,HRTC - 92,Himsuta AC Seater Volvo/Scania 2+2,22:30,08h 30m,07:00,4.5,892.0,12,8.5
2796,2802,Shimla to Delhi,https://www.redbus.in/bus-tickets/shimla-to-delhi,13,RSRTC - 192348,Super Luxury Volvo AC Seater Pushback 2+2,16:30,09h 30m,02:00,3.1,1103.0,29,9.5
2797,2803,Shimla to Delhi,https://www.redbus.in/bus-tickets/shimla-to-delhi,13,Bedi Travels,Volvo A/C Semi Sleeper (2+2 ),21:30,08h 00m,05:30,4.7,450.0,27,8.0
2798,2804,Shimla to Delhi,https://www.redbus.in/bus-tickets/shimla-to-delhi,13,Laxmi holidays,Scania Multi-Axle AC Semi Sleeper (2+2),20:30,08h 00m,04:30,4.4,450.0,42,8.0
2799,2805,Shimla to Delhi,https://www.redbus.in/bus-tickets/shimla-to-delhi,13,AdCity Land Travels,Volvo A/C Semi Sleeper (2+2),22:30,07h 00m,05:30,3.9,529.0,16,7.0
2800,2806,Shimla to Delhi,https://www.redbus.in/bus-tickets/shimla-to-delhi,13,Ram Dalal Holidays,Mercedes Multi-Axle Semi Sleeper (2+2),21:55,08h 40m,06:35,4.4,550.0,32,8.7
2801,2807,Shimla to Delhi,https://www.redbus.in/bus-tickets/shimla-to-delhi,13,Zingbus Plus,Volvo A/C Semi Sleeper (2+2),20:30,08h 05m,04:35,4.3,494.0,31,8.1
2802,2808,Shimla to Delhi,https://www.redbus.in/bus-tickets/shimla-to-delhi,13,FlixBus,A/C Seater (2+2),20:00,09h 00m,05:00,4.3,548.0,32,9.0
2803,2809,Hyderabad to Nirmal,https://www.redbus.in/bus-tickets/hyderabad-to-nirmal,9,TSRTC - 7894,"SUPER LUXURY (NON-AC, 2 + 2 PUSH BACK)",15:15,05h 40m,20:55,3.5,376.0,21,5.7
2804,2810,Hyderabad to Nirmal,https://www.redbus.in/bus-tickets/hyderabad-to-nirmal,9,TSRTC - 7920,"SUPER LUXURY (NON-AC, 2 + 2 PUSH BACK)",16:20,05h 40m,22:00,2.7,376.0,29,5.7
2805,2811,Hyderabad to Nirmal,https://www.redbus.in/bus-tickets/hyderabad-to-nirmal,9,TSRTC - 7998,"SUPER LUXURY (NON-AC, 2 + 2 PUSH BACK)",16:50,04h 40m,21:30,2.4,376.0,31,4.7
2806,2812,Hyderabad to Nirmal,https://www.redbus.in/bus-tickets/hyderabad-to-nirmal,9,TSRTC - 1155,Lahari Non A/C Sleeper Cum Seater,17:30,06h 10m,23:40,3.1,407.0,41,6.2
2807,2813,Hyderabad to Nirmal,https://www.redbus.in/bus-tickets/hyderabad-to-nirmal,9,TSRTC - 8009,Lahari A/C sleeper,18:00,04h 40m,22:40,2.5,456.0,38,4.7
2808,2814,Hyderabad to Nirmal,https://www.redbus.in/bus-tickets/hyderabad-to-nirmal,9,TSRTC - 9453,"SUPER LUXURY (NON-AC, 2 + 2 PUSH BACK)",18:00,05h 40m,23:40,2.9,376.0,33,5.7
2809,2815,Hyderabad to Nirmal,https://www.redbus.in/bus-tickets/hyderabad-to-nirmal,9,TSRTC - 8113,RAJDHANI (A.C. Semi Sleeper),18:30,04h 40m,23:10,3.8,456.0,33,4.7
2810,2816,Hyderabad to Nirmal,https://www.redbus.in/bus-tickets/hyderabad-to-nirmal,9,TSRTC - 7936,"SUPER LUXURY (NON-AC, 2 + 2 PUSH BACK)",18:50,05h 40m,00:30,2.8,376.0,31,5.7
2811,2817,Hyderabad to Nirmal,https://www.redbus.in/bus-tickets/hyderabad-to-nirmal,9,TSRTC - 7891,"SUPER LUXURY (NON-AC, 2 + 2 PUSH BACK)",19:15,05h 40m,00:55,3.5,376.0,33,5.7
2812,2818,Hyderabad to Nirmal,https://www.redbus.in/bus-tickets/hyderabad-to-nirmal,9,TSRTC - 8115,RAJDHANI (A.C. Semi Sleeper),19:25,04h 40m,00:05,2.6,456.0,29,4.7
2813,2819,Hyderabad to Nirmal,https://www.redbus.in/bus-tickets/hyderabad-to-nirmal,9,New Royal Travels (Raipur),A/C Seater / Sleeper (2+1),15:15,04h 45m,20:00,3.5,671.0,8,4.8
2814,2820,Hyderabad to Nirmal,https://www.redbus.in/bus-tickets/hyderabad-to-nirmal,9,New Royal Travels (Raipur),Bharat Benz A/C Sleeper (2+1),17:30,04h 15m,21:45,3.5,851.0,12,4.2
2815,2821,Hyderabad to Nirmal,https://www.redbus.in/bus-tickets/hyderabad-to-nirmal,9,Sahara Tours and Travels,Bharat Benz A/C Seater (2+2),18:00,03h 45m,21:45,3.4,555.0,23,3.8
2816,2822,Hyderabad to Nirmal,https://www.redbus.in/bus-tickets/hyderabad-to-nirmal,9,Orange Tours And Travels,Volvo Multi-Axle A/C Semi Sleeper (2+2),18:00,04h 00m,22:00,3.6,600.0,10,4.0
2817,2823,Hyderabad to Nirmal,https://www.redbus.in/bus-tickets/hyderabad-to-nirmal,9,Orange Tours And Travels,Bharat Benz A/C Sleeper (2+1),19:00,04h 15m,23:15,3.4,800.0,8,4.2
2818,2824,Hyderabad to Nirmal,https://www.redbus.in/bus-tickets/hyderabad-to-nirmal,9,New Royal Travels (Raipur),Bharat Benz A/C Sleeper (2+1),20:00,04h 45m,00:45,3.5,949.0,20,4.8
2819,2825,Hyderabad to Nirmal,https://www.redbus.in/bus-tickets/hyderabad-to-nirmal,9,Pooja Travels,A/C Sleeper (2+1),20:00,07h 30m,03:30,3.9,800.0,14,7.5
2820,2826,Hyderabad to Nirmal,https://www.redbus.in/bus-tickets/hyderabad-to-nirmal,9,Pooja Travels,A/C Sleeper (2+1),20:10,06h 20m,02:30,3.9,762.0,19,6.3
2821,2827,Hyderabad to Nirmal,https://www.redbus.in/bus-tickets/hyderabad-to-nirmal,9,Pooja Travels,NON A/C Seater (2+2),21:00,05h 00m,02:00,3.9,450.0,22,5.0
2822,2828,Hyderabad to Nirmal,https://www.redbus.in/bus-tickets/hyderabad-to-nirmal,9,Saini Travels Pvt. Ltd.,Volvo Multi Axle Sleeper B11R (2+1),21:45,04h 00m,01:45,3.9,1500.0,36,4.0
2823,2829,Bolpur (West Bengal) to Kolkata,https://www.redbus.in/bus-tickets/bolpur-west-bengal-to-kolkata,4,WBTC (CTC) KARUNAMOYEE-BOLPUR-SURI(AC VOLVO) - 207|16:15,Volvo AC Seater (2+2),16:15,03h 10m,19:25,3.2,370.0,31,3.2
2824,2830,Kalpetta (kerala) to Bangalore,https://www.redbus.in/bus-tickets/kalpetta-to-bangalore,6,KSRTC (Kerala) - 578,Super Express Non AC Seater Air Bus (2+2),20:00,08h 00m,04:00,2.4,426.0,21,8.0
2825,2831,Kalpetta (kerala) to Bangalore,https://www.redbus.in/bus-tickets/kalpetta-to-bangalore,6,KSRTC (Kerala) - 72,SWIFT-GARUDA A/C SEATER BUS,20:35,07h 00m,03:35,3.4,586.0,2,7.0
2826,2832,Kalpetta (kerala) to Bangalore,https://www.redbus.in/bus-tickets/kalpetta-to-bangalore,6,KSRTC (Kerala) - 1583,Super Express Non AC Seater Air Bus (2+2),21:57,07h 24m,05:21,3.6,548.0,24,7.4
2827,2833,Kalpetta (kerala) to Bangalore,https://www.redbus.in/bus-tickets/kalpetta-to-bangalore,6,KSRTC (Kerala) - 197,Super Deluxe Non AC Seater Air Bus (2+2),22:35,07h 55m,06:30,2.0,589.0,5,7.9
2828,2834,Kalpetta (kerala) to Bangalore,https://www.redbus.in/bus-tickets/kalpetta-to-bangalore,6,KSRTC (Kerala) - 1584,Super Express Non AC Seater Air Bus (2+2),23:29,07h 09m,06:38,3.4,548.0,24,7.2
2829,2835,Kalpetta (kerala) to Bangalore,https://www.redbus.in/bus-tickets/kalpetta-to-bangalore,6,KSRTC (Kerala) - 50,Swift Deluxe Non AC Air Bus (2+2),23:51,06h 50m,06:41,4.4,548.0,11,6.8
2830,2836,Kalpetta (kerala) to Bangalore,https://www.redbus.in/bus-tickets/kalpetta-to-bangalore,6,Kyros Connect,Bharat Benz A/C Semi Sleeper (2+2),15:01,05h 44m,20:45,4.4,799.0,20,5.7
2831,2837,Kalpetta (kerala) to Bangalore,https://www.redbus.in/bus-tickets/kalpetta-to-bangalore,6,MMK Travels,VE A/C Seater / Sleeper (2+1),23:45,06h 15m,06:00,4.4,700.0,16,6.2
2832,2838,Kalpetta (kerala) to Bangalore,https://www.redbus.in/bus-tickets/kalpetta-to-bangalore,6,DLT BUS,A/C Sleeper (2+1),23:45,06h 45m,06:30,4.1,950.0,11,6.8
2833,2839,Kalpetta (kerala) to Bangalore,https://www.redbus.in/bus-tickets/kalpetta-to-bangalore,6,Silver Line Travels,NON A/C Semi Sleeper (2+2),22:45,07h 00m,05:45,4.3,699.0,26,7.0
2834,2840,Kalpetta (kerala) to Bangalore,https://www.redbus.in/bus-tickets/kalpetta-to-bangalore,6,MMK Travels,VE A/C Seater / Sleeper (2+1),23:45,06h 15m,06:00,4.4,700.0,16,6.2
2835,2841,Kalpetta (kerala) to Bangalore,https://www.redbus.in/bus-tickets/kalpetta-to-bangalore,6,Kyros Connect,Bharat Benz A/C Semi Sleeper (2+2),15:02,05h 43m,20:45,3.6,799.0,20,5.7
2836,2842,Kalpetta (kerala) to Bangalore,https://www.redbus.in/bus-tickets/kalpetta-to-bangalore,6,Suraj Holidays,VE A/C Sleeper (2+1),23:58,07h 17m,07:15,3.8,950.0,21,7.3
2837,2843,Kalpetta (kerala) to Bangalore,https://www.redbus.in/bus-tickets/kalpetta-to-bangalore,6,A1 Travels,Non A/C Seater / Sleeper (2+1),23:10,07h 20m,06:30,3.4,550.0,12,7.3
2838,2844,Kalpetta (kerala) to Bangalore,https://www.redbus.in/bus-tickets/kalpetta-to-bangalore,6,SKS Tourist Corporation (REGD),A/C Sleeper (2+1),23:50,06h 40m,06:30,3.3,899.0,12,6.7
2839,2845,Kalpetta (kerala) to Bangalore,https://www.redbus.in/bus-tickets/kalpetta-to-bangalore,6,SURAJ TRAVEL HOUSE,VE A/C Seater / Sleeper (2+1),22:30,07h 30m,06:00,3.6,700.0,18,7.5
2840,2846,Kolkata to Haldia,https://www.redbus.in/bus-tickets/kolkata-to-haldia,12,SBSTC-KOLKATA - HALDIA - NON STOP - 15:30 (HALDIA DEPOT) - 569,Non AC Seater (2+3),15:30,03h 00m,18:30,4.5,135.0,15,3.0
2841,2847,Kolkata to Haldia,https://www.redbus.in/bus-tickets/kolkata-to-haldia,12,SBSTC-KOLKATA - HALDIA - A/C - 16:05 (Haldia Depot) - 1527,AC Seater (2+2),16:05,03h 00m,19:05,2.6,210.0,23,3.0
2842,2848,Kolkata to Haldia,https://www.redbus.in/bus-tickets/kolkata-to-haldia,12,SBSTC-KOLKATA - HALDIA - 16:30 (Haldia Depot) - 809,Non AC Seater (2+3),16:30,03h 00m,19:30,4.1,110.0,33,3.0
2843,2849,Kolkata to Haldia,https://www.redbus.in/bus-tickets/kolkata-to-haldia,12,SBSTC-KOLKATA - HALDIA - 17:00 (Haldia Depot) - 3017,Non AC Seater (2+3),17:00,03h 00m,20:00,3.7,110.0,36,3.0
2844,2850,Kolkata to Haldia,https://www.redbus.in/bus-tickets/kolkata-to-haldia,12,SBSTC-KOLKATA - HALDIA - 17.30 (HALDIA DEPOT) - 565,Non AC Seater (2+3),17:30,03h 00m,20:30,4.3,110.0,10,3.0
2845,2851,Kolkata to Haldia,https://www.redbus.in/bus-tickets/kolkata-to-haldia,12,SBSTC-KOLKATA - HALDIA - 18.15 (HALDIA DEPOT) - 566,Non AC Seater (2+3),18:15,03h 00m,21:15,4.1,110.0,7,3.0
2846,2852,Kolkata to Haldia,https://www.redbus.in/bus-tickets/kolkata-to-haldia,12,Droupadi Bus Service,Non AC Seater (2+3),16:20,02h 50m,19:10,2.5,121.0,49,2.8
2847,2853,Ludhiana to Delhi,https://www.redbus.in/bus-tickets/ludhiana-to-delhi,17,PEPSU (Punjab) - 67135,Volvo AC Seater (2+2),17:35,08h 00m,01:35,4.1,845.0,34,8.0
2848,2854,Ludhiana to Delhi,https://www.redbus.in/bus-tickets/ludhiana-to-delhi,17,PEPSU (Punjab) - 67098,Volvo AC Seater (2+2),19:50,07h 35m,03:25,3.2,845.0,27,7.6
2849,2855,Ludhiana to Delhi,https://www.redbus.in/bus-tickets/ludhiana-to-delhi,17,PEPSU (Punjab) - 67128,Volvo AC Seater (2+2),20:50,07h 00m,03:50,4.7,845.0,29,7.0
2850,2856,Ludhiana to Delhi,https://www.redbus.in/bus-tickets/ludhiana-to-delhi,17,PEPSU (Punjab) - 67164,Volvo AC Seater (2+2),21:50,05h 59m,03:49,4.1,845.0,35,6.0
2851,2857,Ludhiana to Delhi,https://www.redbus.in/bus-tickets/ludhiana-to-delhi,17,Yolo Bus,VE A/C Seater / Sleeper (2+1),22:27,06h 33m,05:00,4.5,400.0,17,6.5
2852,2858,Ludhiana to Delhi,https://www.redbus.in/bus-tickets/ludhiana-to-delhi,17,Laxmi holidays,VE A/C Sleeper (2+1),23:55,06h 50m,06:45,4.5,600.0,17,6.8
2853,2859,Ludhiana to Delhi,https://www.redbus.in/bus-tickets/ludhiana-to-delhi,17,IntrCity SmartBus,Bharat Benz A/C Seater /Sleeper (2+1),23:55,06h 10m,06:05,4.7,318.0,24,6.2
2854,2860,Ludhiana to Delhi,https://www.redbus.in/bus-tickets/ludhiana-to-delhi,17,AdArmaan Tour & Travels,A/C Seater / Sleeper (2+1),22:50,07h 10m,06:00,3.4,454.0,23,7.2
2855,2861,Ludhiana to Delhi,https://www.redbus.in/bus-tickets/ludhiana-to-delhi,17,IntrCity SmartBus,A/C Seater / Sleeper (2+1),22:45,07h 35m,06:20,4.8,445.0,20,7.6
2856,2862,Goa to Goa Airport,https://www.redbus.in/bus-tickets/goa-to-goa-airport,10,Kadamba Transport Corporation Limited (KTCL) - 99718,AC Seater (2+2),16:01,01h 14m,17:15,3.7,150.0,41,1.2
2857,2863,Ongole to Hyderabad,https://www.redbus.in/bus-tickets/ongole-to-hyderabad,7,APSRTC - 5380,Super Luxury (Non AC Seater 2+2 Push Back),19:00,10h 06m,05:06,4.1,624.0,14,10.1
2858,2864,Ongole to Hyderabad,https://www.redbus.in/bus-tickets/ongole-to-hyderabad,7,APSRTC - 5866,Super Luxury (Non AC Seater 2+2 Push Back),19:45,10h 01m,05:46,4.8,602.0,7,10.0
2859,2865,Ongole to Hyderabad,https://www.redbus.in/bus-tickets/ongole-to-hyderabad,7,APSRTC - 5913,Super Luxury (Non AC Seater 2+2 Push Back),20:30,09h 06m,05:36,3.7,590.0,13,9.1
2860,2866,Ongole to Hyderabad,https://www.redbus.in/bus-tickets/ongole-to-hyderabad,7,APSRTC - 45901,Super Luxury (Non AC Seater 2+2 Push Back),21:00,07h 20m,04:20,4.1,555.0,6,7.3
2861,2867,Ongole to Hyderabad,https://www.redbus.in/bus-tickets/ongole-to-hyderabad,7,APSRTC - 5915,Super Luxury (Non AC Seater 2+2 Push Back),21:15,08h 05m,05:20,3.6,605.0,8,8.1
2862,2868,Ongole to Hyderabad,https://www.redbus.in/bus-tickets/ongole-to-hyderabad,7,APSRTC - 5725,Super Luxury (Non AC Seater 2+2 Push Back),21:20,07h 25m,04:45,4.1,555.0,10,7.4
2863,2869,Ongole to Hyderabad,https://www.redbus.in/bus-tickets/ongole-to-hyderabad,7,APSRTC - 48820,Super Luxury (Non AC Seater 2+2 Push Back),21:30,07h 25m,04:55,3.8,555.0,15,7.4
2864,2870,Ongole to Hyderabad,https://www.redbus.in/bus-tickets/ongole-to-hyderabad,7,APSRTC - 5927,Super Luxury (Non AC Seater 2+2 Push Back),21:45,06h 30m,04:15,4.0,555.0,11,6.5
2865,2871,Ongole to Hyderabad,https://www.redbus.in/bus-tickets/ongole-to-hyderabad,7,APSRTC - 5858,Super Luxury (Non AC Seater 2+2 Push Back),22:00,07h 27m,05:27,3.0,555.0,4,7.5
2866,2872,Ongole to Hyderabad,https://www.redbus.in/bus-tickets/ongole-to-hyderabad,7,APSRTC - 5973,STAR LINER(NON-AC SLEEPER 2+1),22:00,07h 30m,05:30,3.9,719.0,4,7.5
2867,2873,Ongole to Hyderabad,https://www.redbus.in/bus-tickets/ongole-to-hyderabad,7,Sri Vengamamba Bus Transport (SVBT),A/C Seater / Sleeper (2+1),23:00,07h 35m,06:35,4.7,560.0,9,7.6
2868,2874,Ongole to Hyderabad,https://www.redbus.in/bus-tickets/ongole-to-hyderabad,7,Sri Vengamamba Bus Transport (SVBT),A/C Sleeper (2+1),22:30,07h 35m,06:05,4.4,1100.0,5,7.6
2869,2875,Ongole to Hyderabad,https://www.redbus.in/bus-tickets/ongole-to-hyderabad,7,V Kaveri Travels,Scania AC Multi Axle Sleeper (2+1),23:20,06h 55m,06:15,4.1,1330.0,9,6.9
2870,2876,Ongole to Hyderabad,https://www.redbus.in/bus-tickets/ongole-to-hyderabad,7,Orange Tours And Travels,NON A/C Seater/ Sleeper (2+1),22:30,07h 38m,06:08,4.0,700.0,5,7.6
2871,2877,Ongole to Hyderabad,https://www.redbus.in/bus-tickets/ongole-to-hyderabad,7,Chandu Travels,A/C Sleeper (2+1),23:35,06h 55m,06:30,4.0,745.0,18,6.9
2872,2878,Shillong to Karimganj,https://www.redbus.in/bus-tickets/shillong-to-karimganj,5,Meghalaya Transport Corporation(MTC) - 163360,Tata Non A/C Seater Executive Luxury (2+2),19:15,09h 15m,04:30,3.6,371.0,21,9.2
2873,2879,Shillong to Karimganj,https://www.redbus.in/bus-tickets/shillong-to-karimganj,5,NETWORK TRAVELS,NON A/C Seater Push Back (2+1),21:35,08h 45m,06:20,3.7,750.0,35,8.8
2874,2880,Ghumarwin to Delhi,https://www.redbus.in/bus-tickets/ghumarwin-to-delhi,13,HRTC - 680,Ordinary 3+2 Non AC Seater,18:18,10h 12m,04:30,4.2,485.0,32,10.2
2875,2881,Ghumarwin to Delhi,https://www.redbus.in/bus-tickets/ghumarwin-to-delhi,13,HRTC - 763,Ordinary 3+2 Non AC Seater,19:40,09h 20m,05:00,4.7,463.0,33,9.3
2876,2882,Ghumarwin to Delhi,https://www.redbus.in/bus-tickets/ghumarwin-to-delhi,13,HRTC - 700,Himsuta AC Seater Volvo/Scania 2+2,20:00,08h 30m,04:30,4.7,912.0,19,8.5
2877,2883,Ghumarwin to Delhi,https://www.redbus.in/bus-tickets/ghumarwin-to-delhi,13,HRTC - 750,A/C Executive (2+3),20:30,09h 30m,06:00,2.7,600.0,44,9.5
2878,2884,Ghumarwin to Delhi,https://www.redbus.in/bus-tickets/ghumarwin-to-delhi,13,HRTC - 1107,Ordinary 3+2 Non AC Seater,20:30,07h 45m,04:15,2.2,463.0,25,7.8
2879,2885,Raiganj to Kolkata,https://www.redbus.in/bus-tickets/raiganj-to-kolkata,1,NBSTC-RAI-KOL-R1-19:30,NON A/C Seater Push Back (2+2),20:30,10h 00m,06:30,4.0,341.0,21,10.0
2880,2886,Raiganj to Kolkata,https://www.redbus.in/bus-tickets/raiganj-to-kolkata,1,Express Line,Volvo 9600 Multi-Axle A/C Sleeper (2+1),22:15,08h 55m,07:10,4.6,999.0,22,8.9
2881,2887,Raiganj to Kolkata,https://www.redbus.in/bus-tickets/raiganj-to-kolkata,1,Shyamoli Paribahan Pvt Ltd,Volvo 9600 A/C Seater/Sleeper (2+1),22:15,09h 05m,07:20,4.8,1200.0,21,9.1
2882,2888,Raiganj to Kolkata,https://www.redbus.in/bus-tickets/raiganj-to-kolkata,1,Lokenath Bus Service,Volvo Multi-Axle A/C Seater/Sleeper (2+1),22:45,08h 00m,06:45,4.4,949.0,33,8.0
2883,2889,Raiganj to Kolkata,https://www.redbus.in/bus-tickets/raiganj-to-kolkata,1,Lokenath Bus Service,Volvo 9600 Multi-Axle A/C Sleeper (2+1),23:30,08h 15m,07:45,4.5,1200.0,26,8.2
2884,2890,Delhi to Palampur,https://www.redbus.in/bus-tickets/delhi-to-palampur,13,HRTC - 522,Ordinary 3+2 Non AC Seater,16:35,11h 40m,04:15,3.7,716.0,35,11.7
2885,2891,Delhi to Palampur,https://www.redbus.in/bus-tickets/delhi-to-palampur,13,HRTC - 524,Ordinary 3+2 Non AC Seater,16:45,14h 15m,07:00,3.6,743.0,28,14.2
2886,2892,Delhi to Palampur,https://www.redbus.in/bus-tickets/delhi-to-palampur,13,HRTC - 593,Himmani Deluxe 2+2 Non AC Seater,18:20,12h 10m,06:30,3.2,782.0,18,12.2
2887,2893,Delhi to Palampur,https://www.redbus.in/bus-tickets/delhi-to-palampur,13,HRTC - 537,Ordinary 3+2 Non AC Seater,18:30,12h 00m,06:30,3.6,715.0,35,12.0
2888,2894,Delhi to Palampur,https://www.redbus.in/bus-tickets/delhi-to-palampur,13,HRTC - 548,Ordinary 3+2 Non AC Seater,19:31,12h 19m,07:50,5.0,743.0,18,12.3
2889,2895,Delhi to Palampur,https://www.redbus.in/bus-tickets/delhi-to-palampur,13,HRTC - 547,A/C Executive (2+3),20:16,10h 24m,06:40,2.3,836.0,39,10.4
2890,2896,Delhi to Palampur,https://www.redbus.in/bus-tickets/delhi-to-palampur,13,HRTC - 558,Ordinary 3+2 Non AC Seater,20:20,11h 40m,08:00,3.6,715.0,15,11.7
2891,2897,Delhi to Palampur,https://www.redbus.in/bus-tickets/delhi-to-palampur,13,HRTC - 599,Himsuta AC Seater Volvo/Scania 2+2,20:29,11h 31m,08:00,4.4,1299.0,13,11.5
2892,2898,Delhi to Palampur,https://www.redbus.in/bus-tickets/delhi-to-palampur,13,HRTC - 565,Ordinary 3+2 Non AC Seater,21:05,10h 55m,08:00,3.6,716.0,28,10.9
2893,2899,Delhi to Palampur,https://www.redbus.in/bus-tickets/delhi-to-palampur,13,HRTC - 82,Himsuta AC Seater Volvo/Scania 2+2,21:55,11h 35m,09:30,4.4,1332.0,15,11.6
2894,2900,Delhi to Palampur,https://www.redbus.in/bus-tickets/delhi-to-palampur,13,Bedi Travels,Volvo 9600 A/C Semi Sleeper (2+2),20:15,11h 30m,07:45,4.8,630.0,11,11.5
2895,2901,Delhi to Palampur,https://www.redbus.in/bus-tickets/delhi-to-palampur,13,Laxmi holidays,Scania Multi-Axle AC Semi Sleeper (2+2),19:00,11h 00m,06:00,4.6,699.0,1,11.0
2896,2902,Delhi to Palampur,https://www.redbus.in/bus-tickets/delhi-to-palampur,13,Ram Dalal Holidays,Volvo A/C Semi Sleeper (2+2),20:00,11h 00m,07:00,4.6,650.0,7,11.0
2897,2903,Delhi to Palampur,https://www.redbus.in/bus-tickets/delhi-to-palampur,13,AdCity Land Travels,Volvo A/C Semi Sleeper (2+2),19:55,10h 05m,06:00,3.6,629.0,6,10.1
2898,2904,Delhi to Palampur,https://www.redbus.in/bus-tickets/delhi-to-palampur,13,Laxmi holidays,Volvo A/C Semi Sleeper (2+2),20:00,11h 00m,07:00,4.5,699.0,10,11.0
2899,2905,Delhi to Palampur,https://www.redbus.in/bus-tickets/delhi-to-palampur,13,New Himalaya Travels,Volvo A/C Semi Sleeper (2+2),20:00,11h 15m,07:15,4.5,700.0,7,11.2
2900,2906,Delhi to Palampur,https://www.redbus.in/bus-tickets/delhi-to-palampur,13,Ram Dalal Holidays,Volvo A/C Semi Sleeper (2+2),21:20,10h 40m,08:00,4.4,800.0,7,10.7
2901,2907,Delhi to Palampur,https://www.redbus.in/bus-tickets/delhi-to-palampur,13,Laxmi holidays,Volvo A/C Semi Sleeper (2+2),21:00,11h 15m,08:15,4.4,699.0,9,11.2
2902,2908,Delhi to Palampur,https://www.redbus.in/bus-tickets/delhi-to-palampur,13,Bharmani Travels,Volvo A/C Semi Sleeper (2+2),20:15,10h 45m,07:00,3.9,600.0,24,10.8
2903,2909,Delhi to Palampur,https://www.redbus.in/bus-tickets/delhi-to-palampur,13,Northern Travels,Volvo A/C Semi Sleeper (2+2),20:00,11h 30m,07:30,3.4,760.0,9,11.5
2904,2910,Goa to Mumbai,https://www.redbus.in/bus-tickets/goa-to-mumbai,10,IntrCity SmartBus,AC Sleeper (2+1),19:30,14h 10m,09:40,4.7,711.0,9,14.2
2905,2911,Goa to Mumbai,https://www.redbus.in/bus-tickets/goa-to-mumbai,10,Zingbus Plus,Bharat Benz A/C Sleeper (2+1),18:10,14h 55m,09:05,4.4,623.0,6,14.9
2906,2912,Goa to Mumbai,https://www.redbus.in/bus-tickets/goa-to-mumbai,10,Zingbus Plus,VE A/C Sleeper (2+1),20:25,15h 25m,11:50,4.5,691.0,20,15.4
2907,2913,Goa to Mumbai,https://www.redbus.in/bus-tickets/goa-to-mumbai,10,AdIntrCity SmartBus,AC Sleeper (2+1),20:00,14h 20m,10:20,3.8,839.0,13,14.3
2908,2914,Goa to Mumbai,https://www.redbus.in/bus-tickets/goa-to-mumbai,10,Rajdhani Travels Corporation,VE A/C Sleeper (2+1),19:30,12h 40m,08:10,4.4,799.0,13,12.7
2909,2915,Dibrugarh to Bokakhat,https://www.redbus.in/bus-tickets/dibrugarh-to-bokakhat,3,Baikuntha Transport Service,Bharat Benz A/C Seater /Sleeper (2+1),19:30,05h 30m,01:00,3.9,500.0,31,5.5
2910,2916,Dibrugarh to Bokakhat,https://www.redbus.in/bus-tickets/dibrugarh-to-bokakhat,3,Purple Wings Coaches,A/C Seater / Sleeper (2+1),19:55,05h 20m,01:15,3.6,569.0,43,5.3
2911,2917,Dibrugarh to Bokakhat,https://www.redbus.in/bus-tickets/dibrugarh-to-bokakhat,3,Shree Ram Travels (Under ASTC),Bharat Benz A/C Seater (2+1),20:00,05h 00m,01:00,4.8,500.0,28,5.0
2912,2918,Dibrugarh to Bokakhat,https://www.redbus.in/bus-tickets/dibrugarh-to-bokakhat,3,Shree Ram Travels,Bharat Benz A/C Seater /Sleeper (2+1),20:45,04h 55m,01:40,4.8,530.0,22,4.9
2913,2919,Dibrugarh to Bokakhat,https://www.redbus.in/bus-tickets/dibrugarh-to-bokakhat,3,Maa Laxmi,NON A/C Seater Push Back (2+1),17:30,28h 45m,22:15,2.8,500.0,26,28.8
2914,2920,Berhampore (West Bengal) to Durgapur (West Bengal),https://www.redbus.in/bus-tickets/berhampore-to-durgapur,12,SBSTC-BERHAMPUR - DURGAPUR - VIA - SURI - 15:20 - 1030,Non AC Seater (2+3),15:20,04h 00m,19:20,3.5,163.0,51,4.0
2915,2921,Tezpur to Guwahati,https://www.redbus.in/bus-tickets/tezpur-to-guwahati,3,Assam State Transport Corporation (ASTC) - 154930,Volvo AC Seater 2+2,15:45,04h 15m,20:00,3.3,298.0,11,4.2
2916,2922,Tezpur to Guwahati,https://www.redbus.in/bus-tickets/tezpur-to-guwahati,3,Assam State Transport Corporation (ASTC) - 161055,Volvo AC Seater 2+2,16:15,04h 15m,20:30,3.8,298.0,18,4.2
2917,2923,Tezpur to Guwahati,https://www.redbus.in/bus-tickets/tezpur-to-guwahati,3,SHIVAM TRAVELS,Bharat Benz A/C Seater (2+1),15:15,04h 00m,19:15,4.2,360.0,18,4.0
2918,2924,Tezpur to Guwahati,https://www.redbus.in/bus-tickets/tezpur-to-guwahati,3,Chartered Bus - ASTC,Volvo AC Seater Pushback 2+2,15:30,03h 45m,19:15,4.5,389.13,17,3.8
2919,2925,Tezpur to Guwahati,https://www.redbus.in/bus-tickets/tezpur-to-guwahati,3,BLUE HILL TRAVELS INDIA LIMITED,NON A/C Seater Semi Sleeper (2+1),21:30,06h 00m,03:30,2.9,400.0,18,6.0
2920,2926,Tezpur to Guwahati,https://www.redbus.in/bus-tickets/tezpur-to-guwahati,3,Himalayan Travels,NON A/C Seater (2+2),23:40,04h 20m,04:00,2.1,450.0,33,4.3
2921,2927,Tezpur to Guwahati,https://www.redbus.in/bus-tickets/tezpur-to-guwahati,3,DESTINY TRAVELS,NON A/C Seater (2+1),23:45,04h 00m,03:45,1.8,399.0,25,4.0
2922,2928,Tezpur to Guwahati,https://www.redbus.in/bus-tickets/tezpur-to-guwahati,3,BLUE HILL TRAVELS INDIA LIMITED,NON A/C Seater Semi Sleeper (2+1),22:15,05h 30m,03:45,3.7,550.0,26,5.5
2923,2929,Midnapore to Kolkata,https://www.redbus.in/bus-tickets/midnapore-to-kolkata,4,SBSTC-MIDNAPUR - GARIA - 15:30 (MID DEPOT) - 1511,Non AC Seater (2+3),15:30,08h 30m,00:00,3.9,110.0,38,8.5
2924,2930,Midnapore to Kolkata,https://www.redbus.in/bus-tickets/midnapore-to-kolkata,4,SBSTC-MIDNAPUR - BARASAT - 16:00 (MID DEPOT) - 1193,Non AC Seater (2+3),16:00,08h 00m,00:00,4.4,111.0,12,8.0
2925,2931,Midnapore to Kolkata,https://www.redbus.in/bus-tickets/midnapore-to-kolkata,4,SBSTC-MIDNAPUR - KARUNAMOYEE - 16:40 - 997,Non AC Seater (2+3),16:40,07h 20m,00:00,4.0,118.0,37,7.3
2926,2932,Midnapore to Kolkata,https://www.redbus.in/bus-tickets/midnapore-to-kolkata,4,WBTC (CTC) Habra-Midnapur - 194|15:40,Non AC Seater (2+3),15:40,02h 45m,18:25,4.0,105.0,19,2.8
2927,2933,Midnapore to Kolkata,https://www.redbus.in/bus-tickets/midnapore-to-kolkata,4,WBTC (CTC) Habra-Midnapur - 194|17:00,Non AC Seater (2+3),17:00,02h 45m,19:45,4.0,105.0,41,2.8
2928,2934,Shahjahanpur (Uttar Pradesh) to Delhi,https://www.redbus.in/bus-tickets/shahjahanpur-to-delhi,2,UPSRTC - SJP0032,Ordinary Non AC Seater 2+3,16:30,08h 00m,00:30,3.3,584.0,52,8.0
2929,2935,Shahjahanpur (Uttar Pradesh) to Delhi,https://www.redbus.in/bus-tickets/shahjahanpur-to-delhi,2,UPSRTC - SJP0278,Ordinary Non AC Seater 2+3,17:31,07h 20m,00:51,3.3,584.0,52,7.3
2930,2936,Shahjahanpur (Uttar Pradesh) to Delhi,https://www.redbus.in/bus-tickets/shahjahanpur-to-delhi,2,UPSRTC - HDD0063,Ordinary Non AC Seater 2+3,18:00,07h 03m,01:03,3.3,550.0,52,7.0
2931,2937,Shahjahanpur (Uttar Pradesh) to Delhi,https://www.redbus.in/bus-tickets/shahjahanpur-to-delhi,2,UPSRTC - SJP0281,Ordinary Non AC Seater 2+3,19:45,07h 20m,03:05,3.3,584.0,52,7.3
2932,2938,Shahjahanpur (Uttar Pradesh) to Delhi,https://www.redbus.in/bus-tickets/shahjahanpur-to-delhi,2,UPSRTC - STD0163,Ordinary Non AC Seater 2+3,19:58,09h 18m,05:16,3.3,532.0,52,9.3
2933,2939,Shahjahanpur (Uttar Pradesh) to Delhi,https://www.redbus.in/bus-tickets/shahjahanpur-to-delhi,2,UPSRTC - STD0368,Ordinary Non AC Seater 2+3,20:01,08h 39m,04:40,3.3,563.0,52,8.7
2934,2940,Shahjahanpur (Uttar Pradesh) to Delhi,https://www.redbus.in/bus-tickets/shahjahanpur-to-delhi,2,UPSRTC - HDD0005,Janrath AC Seater 2+2,20:45,08h 45m,05:30,4.0,789.0,36,8.8
2935,2941,Shahjahanpur (Uttar Pradesh) to Delhi,https://www.redbus.in/bus-tickets/shahjahanpur-to-delhi,2,UPSRTC - SJP0286,Ordinary Non AC Seater 2+3,21:00,07h 20m,04:20,3.3,584.0,52,7.3
2936,2942,Shahjahanpur (Uttar Pradesh) to Delhi,https://www.redbus.in/bus-tickets/shahjahanpur-to-delhi,2,UPSRTC - STD0144,Ordinary Non AC Seater 2+3,21:28,09h 02m,06:30,3.3,563.0,52,9.0
2937,2943,Shahjahanpur (Uttar Pradesh) to Delhi,https://www.redbus.in/bus-tickets/shahjahanpur-to-delhi,2,UPSRTC - GLA0141,Janrath AC Seater 2+2,21:35,07h 30m,05:05,3.3,791.0,35,7.5
2938,2944,Shahjahanpur (Uttar Pradesh) to Delhi,https://www.redbus.in/bus-tickets/shahjahanpur-to-delhi,2,UPSRTC - SJP0288,Ordinary Non AC Seater 2+3,21:45,07h 20m,05:05,3.3,584.0,52,7.3
2939,2945,Shahjahanpur (Uttar Pradesh) to Delhi,https://www.redbus.in/bus-tickets/shahjahanpur-to-delhi,2,UPSRTC - STD0072,Janrath AC Seater 2+2,22:40,07h 05m,05:45,2.3,768.0,33,7.1
2940,2946,Shahjahanpur (Uttar Pradesh) to Delhi,https://www.redbus.in/bus-tickets/shahjahanpur-to-delhi,2,UPSRTC - LKM0401,Shatabdi AC Seater 2+2,22:55,07h 19m,06:14,3.3,791.0,37,7.3
2941,2947,Shahjahanpur (Uttar Pradesh) to Delhi,https://www.redbus.in/bus-tickets/shahjahanpur-to-delhi,2,UPSRTC - KSB0044,Janrath AC Seater 2+2,23:05,06h 25m,05:30,1.6,768.0,34,6.4
2942,2948,Shahjahanpur (Uttar Pradesh) to Delhi,https://www.redbus.in/bus-tickets/shahjahanpur-to-delhi,2,R S YADAV SMART BUS PRIVATE LIMITED,VE A/C Sleeper (2+1),22:45,07h 20m,06:05,4.4,664.0,27,7.3
2943,2949,Delhi to Manali,https://www.redbus.in/bus-tickets/delhi-to-manali,13,HRTC - 521,Ordinary 3+2 Non AC Seater,16:40,14h 20m,07:00,2.6,820.0,37,14.3
2944,2950,Delhi to Manali,https://www.redbus.in/bus-tickets/delhi-to-manali,13,HRTC - 502,Himsuta AC Seater Volvo/Scania 2+2,17:30,12h 30m,06:00,4.1,1446.0,35,12.5
2945,2951,Delhi to Manali,https://www.redbus.in/bus-tickets/delhi-to-manali,13,HRTC - 586,Ordinary 3+2 Non AC Seater,17:40,14h 20m,08:00,1.9,820.0,37,14.3
2946,2952,Delhi to Manali,https://www.redbus.in/bus-tickets/delhi-to-manali,13,HRTC - 530,Ordinary 3+2 Non AC Seater,18:20,14h 10m,08:30,2.1,822.0,37,14.2
2947,2953,Delhi to Manali,https://www.redbus.in/bus-tickets/delhi-to-manali,13,HRTC - 703,Himsuta AC Seater Volvo/Scania 2+2,19:00,11h 00m,06:00,3.3,1428.0,34,11.0
2948,2954,Delhi to Manali,https://www.redbus.in/bus-tickets/delhi-to-manali,13,HRTC - 545,Ordinary 3+2 Non AC Seater,19:32,13h 58m,09:30,3.8,809.0,32,14.0
2949,2955,Delhi to Manali,https://www.redbus.in/bus-tickets/delhi-to-manali,13,HRTC - 21,Himsuta AC Seater Volvo/Scania 2+2,20:00,13h 00m,09:00,4.5,1428.0,27,13.0
2950,2956,Delhi to Manali,https://www.redbus.in/bus-tickets/delhi-to-manali,13,HRTC - 567,Himsuta AC Seater Volvo/Scania 2+2,21:03,12h 57m,10:00,4.4,1428.0,28,12.9
2951,2957,Delhi to Manali,https://www.redbus.in/bus-tickets/delhi-to-manali,13,HRTC - 574,Ordinary 3+2 Non AC Seater,21:14,11h 16m,08:30,4.3,809.0,32,11.3
2952,2958,Delhi to Manali,https://www.redbus.in/bus-tickets/delhi-to-manali,13,HRTC - 214002,Himsuta AC Seater Volvo/Scania 2+2,21:27,12h 03m,09:30,3.8,1428.0,34,12.1
2953,2959,Delhi to Manali,https://www.redbus.in/bus-tickets/delhi-to-manali,13,Laxmi holidays,Volvo 9600 A/C Semi Sleeper (2+2),19:00,12h 00m,07:00,4.6,599.0,9,12.0
2954,2960,Delhi to Manali,https://www.redbus.in/bus-tickets/delhi-to-manali,13,Laxmi holidays,Volvo 9600 A/C Semi Sleeper (2+2),17:00,12h 30m,05:30,4.6,599.0,12,12.5
2955,2961,Delhi to Manali,https://www.redbus.in/bus-tickets/delhi-to-manali,13,Laxmi holidays,Volvo 9600 A/C Semi Sleeper (2+2),23:00,12h 00m,11:00,4.6,699.0,21,12.0
2956,2962,Delhi to Manali,https://www.redbus.in/bus-tickets/delhi-to-manali,13,AdFlixBus,A/C Seater (2+2),18:00,13h 05m,07:05,4.0,516.0,34,13.1
2957,2963,Delhi to Manali,https://www.redbus.in/bus-tickets/delhi-to-manali,13,Zingbus Plus,Volvo A/C Semi Sleeper (2+2),23:10,12h 00m,11:10,4.6,508.0,28,12.0
2958,2964,Delhi to Manali,https://www.redbus.in/bus-tickets/delhi-to-manali,13,IntrCity SmartBus,Volvo 9600 A/C Semi Sleeper (2+2),20:30,10h 50m,07:20,4.7,599.0,19,10.8
2959,2965,Delhi to Manali,https://www.redbus.in/bus-tickets/delhi-to-manali,13,Laxmi holidays,Volvo 9600 A/C Semi Sleeper (2+2),22:00,12h 00m,10:00,4.6,699.0,21,12.0
2960,2966,Delhi to Manali,https://www.redbus.in/bus-tickets/delhi-to-manali,13,AdFlixBus,A/C Seater (2+2),21:30,12h 45m,10:15,4.0,532.0,32,12.8
2961,2967,Delhi to Manali,https://www.redbus.in/bus-tickets/delhi-to-manali,13,Zingbus Plus,Volvo A/C Semi Sleeper (2+2),21:55,11h 05m,09:00,4.6,508.0,28,11.1
2962,2968,Delhi to Manali,https://www.redbus.in/bus-tickets/delhi-to-manali,13,Zingbus Plus,Volvo 9600 A/C Semi Sleeper (2+2),22:40,11h 00m,09:40,4.6,508.0,30,11.0
2963,2969,Rishikesh to Chandigarh,https://www.redbus.in/bus-tickets/rishikesh-to-chandigarh,8,Zimindara Travels,AC Sleeper (2+1),16:40,05h 50m,22:30,4.3,599.0,23,5.8
2964,2970,Rishikesh to Chandigarh,https://www.redbus.in/bus-tickets/rishikesh-to-chandigarh,8,Laxmi holidays,Bharat Benz A/C Seater /Sleeper (2+1),17:10,05h 40m,22:50,4.2,640.0,20,5.7
2965,2971,Rishikesh to Chandigarh,https://www.redbus.in/bus-tickets/rishikesh-to-chandigarh,8,SHRI KRISHNA TRAVELS (JAI SHREE GANESH YATRA CO.),VE A/C Seater / Sleeper (2+1),18:00,05h 30m,23:30,4.2,940.0,4,5.5
2966,2972,Rishikesh to Chandigarh,https://www.redbus.in/bus-tickets/rishikesh-to-chandigarh,8,City Land Travels,Volvo A/C Semi Sleeper (2+2),18:15,07h 00m,01:15,4.5,488.0,31,7.0
2967,2973,Rishikesh to Chandigarh,https://www.redbus.in/bus-tickets/rishikesh-to-chandigarh,8,SHRI KRISHNA TRAVELS (JAI SHREE GANESH YATRA CO.),VE A/C Seater / Sleeper (2+1),19:00,05h 30m,00:30,3.7,1294.0,38,5.5
2968,2974,Allahabad to Varanasi,https://www.redbus.in/bus-tickets/allahabad-to-varanasi,2,Vanshika Tour and Travels,NON A/C Seater (2+2),17:40,03h 50m,21:30,,200.0,43,3.8
2969,2975,Allahabad to Varanasi,https://www.redbus.in/bus-tickets/allahabad-to-varanasi,2,Siddharth Holidays,AC Seater (2+2),18:05,02h 25m,20:30,1.7,500.0,22,2.4
2970,2976,Allahabad to Varanasi,https://www.redbus.in/bus-tickets/allahabad-to-varanasi,2,Travel Point World LLP,AC Sleeper (2+1),19:15,01h 30m,20:45,1.5,2960.0,22,1.5
2971,2977,Kota(Rajasthan) to Jaipur (Rajasthan),https://www.redbus.in/bus-tickets/kota-rajasthan-to-jaipur,18,RSRTC - 164064,Express Non AC Seater 2+3,17:00,06h 00m,23:00,4.0,265.0,46,6.0
2972,2978,Kota(Rajasthan) to Jaipur (Rajasthan),https://www.redbus.in/bus-tickets/kota-rajasthan-to-jaipur,18,RSRTC - 189240,NON AC Seater / Sleeper 2+1,21:00,05h 15m,02:15,3.6,341.0,2,5.2
2973,2979,Kota(Rajasthan) to Jaipur (Rajasthan),https://www.redbus.in/bus-tickets/kota-rajasthan-to-jaipur,18,RSRTC - 192602,Express Non AC Seater 2+3,23:59,05h 31m,05:30,4.0,265.0,13,5.5
2974,2980,Kota(Rajasthan) to Jaipur (Rajasthan),https://www.redbus.in/bus-tickets/kota-rajasthan-to-jaipur,18,Vijay Tour and Travels,Bharat Benz A/C Seater / Sleeper (2+2),18:00,04h 40m,22:40,4.0,555.0,18,4.7
2975,2981,Kota(Rajasthan) to Jaipur (Rajasthan),https://www.redbus.in/bus-tickets/kota-rajasthan-to-jaipur,18,Mahalaxmi Travels,Bharat Benz A/C Seater /Sleeper (2+1),17:00,05h 15m,22:15,4.0,439.0,4,5.2
2976,2982,Kota(Rajasthan) to Jaipur (Rajasthan),https://www.redbus.in/bus-tickets/kota-rajasthan-to-jaipur,18,Babu Travels,A/C Seater / Sleeper (2+1),23:00,06h 05m,05:05,3.6,550.0,5,6.1
2977,2983,Kota(Rajasthan) to Jaipur (Rajasthan),https://www.redbus.in/bus-tickets/kota-rajasthan-to-jaipur,18,AdMaa Maya Travels,A/C Sleeper (2+1),23:00,06h 00m,05:00,3.6,569.0,24,6.0
2978,2984,Kota(Rajasthan) to Jaipur (Rajasthan),https://www.redbus.in/bus-tickets/kota-rajasthan-to-jaipur,18,Jakhar Travels,A/C Seater / Sleeper (2+1),23:59,06h 01m,06:00,3.6,600.0,5,6.0
2979,2985,Kota(Rajasthan) to Jaipur (Rajasthan),https://www.redbus.in/bus-tickets/kota-rajasthan-to-jaipur,18,Babu Travels,A/C Seater / Sleeper (2+1),16:00,04h 30m,20:30,3.6,900.0,9,4.5
2980,2986,Kota(Rajasthan) to Jaipur (Rajasthan),https://www.redbus.in/bus-tickets/kota-rajasthan-to-jaipur,18,Jakhar Travels,NON A/C Seater/ Sleeper (2+1),23:00,06h 15m,05:15,3.5,500.0,2,6.2
2981,2987,Kota(Rajasthan) to Jaipur (Rajasthan),https://www.redbus.in/bus-tickets/kota-rajasthan-to-jaipur,18,Navrang Travels,A/C Sleeper (2+1),23:00,05h 30m,04:30,2.4,630.0,2,5.5
2982,2988,Kota(Rajasthan) to Jaipur (Rajasthan),https://www.redbus.in/bus-tickets/kota-rajasthan-to-jaipur,18,Babu Travels,Bharat Benz A/C Sleeper (2+1),18:25,04h 05m,22:30,2.9,549.0,5,4.1
2983,2989,Kota(Rajasthan) to Jaipur (Rajasthan),https://www.redbus.in/bus-tickets/kota-rajasthan-to-jaipur,18,Jakhar Travels,A/C Seater / Sleeper (2+1),21:45,04h 15m,02:00,1.7,700.0,1,4.2
2984,2990,Motihari to Delhi,https://www.redbus.in/bus-tickets/motihari-to-delhi,14,Bihar state road transport corporation (BSRTC) - 137431,Volvo AC Seater 2+2,17:20,18h 39m,11:59,3.7,1350.0,11,18.6
2985,2991,Motihari to Delhi,https://www.redbus.in/bus-tickets/motihari-to-delhi,14,Travel Point World LLP,A/C Seater / Sleeper (2+2),18:20,16h 30m,10:50,2.0,2312.0,38,16.5
2986,2992,Motihari to Delhi,https://www.redbus.in/bus-tickets/motihari-to-delhi,14,Baba Khatushyam Travels Pvt Ltd,A/C Seater / Sleeper (3+1),17:35,18h 14m,11:49,1.7,1999.0,23,18.2
2987,2993,Shillong to Tura (Meghalaya),https://www.redbus.in/bus-tickets/shillong-to-tura-meghalaya,5,Meghalaya Transport Corporation(MTC) - 163306,Tata Non A/C Seater Executive Luxury (2+2),17:00,10h 30m,03:30,3.2,517.0,7,10.5
2988,2994,Shillong to Tura (Meghalaya),https://www.redbus.in/bus-tickets/shillong-to-tura-meghalaya,5,NETWORK TRAVELS,NON A/C Seater (2+2),17:00,13h 30m,06:30,4.1,500.0,28,13.5
2989,2995,Muzaffarpur (Bihar) to Kathmandu,https://www.redbus.in/bus-tickets/muzaffarpur-to-kathmandu,14,Bihar state road transport corporation (BSRTC) - 166033,A/C Seater Hi-Tech Push Back (2+2),15:35,14h 40m,06:15,2.6,855.0,19,14.7
2990,2996,Muzaffarpur (Bihar) to Kathmandu,https://www.redbus.in/bus-tickets/muzaffarpur-to-kathmandu,14,V.I.P Travels,A/C Seater Hi-Tech Push Back (2+2),15:14,14h 16m,05:30,3.0,876.0,22,14.3
2991,2997,Falakata (west bengal) to Malda,https://www.redbus.in/bus-tickets/falakata-to-malda,1,NBSTC-COB-BHP-R1-19:00,Non AC Seater 2+2,19:50,07h 29m,03:19,3.1,302.0,21,7.5
2992,2998,Goa to Shirdi,https://www.redbus.in/bus-tickets/goa-to-shirdi,10,PSR Travels Goa,A/C Sleeper (2+1),19:15,14h 45m,10:00,3.6,1299.0,14,14.8
2993,2999,Kolkata to Suri,https://www.redbus.in/bus-tickets/kolkata-to-suri,4,SBSTC-KOLKATA - SURI - 15:30 - (Suri Depot) - 655,Non AC Seater (2+3),15:30,05h 00m,20:30,3.6,190.0,50,5.0
2994,3000,Kolkata to Suri,https://www.redbus.in/bus-tickets/kolkata-to-suri,4,SBSTC-KOLKATA - SURI - 16: 30 - (Suri Depot) - 653,Non AC Seater (2+3),16:30,05h 00m,21:30,3.7,190.0,48,5.0
2995,3001,Kolkata to Suri,https://www.redbus.in/bus-tickets/kolkata-to-suri,4,SBSTC-KOLKATA - SURI - 18:00 - (Suri Depot) - 1205,Non AC Seater (2+3),18:00,05h 00m,23:00,2.7,190.0,50,5.0
2996,3002,Pathankot to Chandigarh,https://www.redbus.in/bus-tickets/pathankot-to-chandigarh,8,HRTC - 1416,Ordinary 3+2 Non AC Seater,16:30,07h 40m,00:10,3.9,436.0,37,7.7
2997,3003,Pathankot to Chandigarh,https://www.redbus.in/bus-tickets/pathankot-to-chandigarh,8,HRTC - 1401,Ordinary 3+2 Non AC Seater,16:40,08h 10m,00:50,3.9,426.0,37,8.2
2998,3004,Pathankot to Chandigarh,https://www.redbus.in/bus-tickets/pathankot-to-chandigarh,8,HRTC - 1421,Himsuta AC Seater Volvo/Scania 2+2,18:00,07h 40m,01:40,3.9,791.0,15,7.7
2999,3005,Pathankot to Chandigarh,https://www.redbus.in/bus-tickets/pathankot-to-chandigarh,8,HRTC - 1024,A/C Executive (2+3),21:30,06h 45m,04:15,3.5,466.0,42,6.8
3000,3006,Pathankot to Chandigarh,https://www.redbus.in/bus-tickets/pathankot-to-chandigarh,8,HRTC - 100,Himsuta AC Seater Volvo/Scania 2+2,22:50,05h 10m,04:00,3.9,786.0,31,5.2
3001,3007,Pathankot to Chandigarh,https://www.redbus.in/bus-tickets/pathankot-to-chandigarh,8,Khurana Bus Service,Volvo A/C (2+2),16:00,04h 50m,20:50,3.5,553.0,12,4.8
3002,3008,Pathankot to Chandigarh,https://www.redbus.in/bus-tickets/pathankot-to-chandigarh,8,Om Sidh Express,Volvo A/C Semi Sleeper (2+2),16:00,03h 30m,19:30,3.7,665.0,31,3.5
3003,3009,Pathankot to Chandigarh,https://www.redbus.in/bus-tickets/pathankot-to-chandigarh,8,GK Travels,A/C Seater/Sleeper (2+1),17:00,06h 15m,23:15,3.6,699.0,23,6.2
3004,3010,Pathankot to Chandigarh,https://www.redbus.in/bus-tickets/pathankot-to-chandigarh,8,GK Travels,A/C Seater/Sleeper (2+1),17:00,06h 10m,23:10,3.6,699.0,23,6.2
3005,3011,Pathankot to Chandigarh,https://www.redbus.in/bus-tickets/pathankot-to-chandigarh,8,Orbit Aviation Pvt. Ltd.,Mercedes Multi-Axle Semi Sleeper (2+2),17:10,04h 15m,21:25,3.7,449.0,43,4.2
3006,3012,Pathankot to Chandigarh,https://www.redbus.in/bus-tickets/pathankot-to-chandigarh,8,Orbit Aviation Pvt. Ltd.,Mercedes Multi-Axle Semi Sleeper (2+2),17:10,05h 40m,22:50,4.0,950.0,53,5.7
3007,3013,Pathankot to Chandigarh,https://www.redbus.in/bus-tickets/pathankot-to-chandigarh,8,Orbit Aviation Pvt. Ltd.,Mercedes Multi-Axle Semi Sleeper (2+2),17:10,04h 25m,21:35,3.7,449.0,39,4.4
3008,3014,Pathankot to Chandigarh,https://www.redbus.in/bus-tickets/pathankot-to-chandigarh,8,Zimindara Travels,AC Sleeper (2+1),17:30,05h 30m,23:00,4.6,599.0,17,5.5
3009,3015,Pathankot to Chandigarh,https://www.redbus.in/bus-tickets/pathankot-to-chandigarh,8,Hari Das Tour &Travels,Bharat Benz A/C Seater /Sleeper (2+1),19:15,04h 43m,23:58,3.9,599.0,21,4.7
3010,3016,Pathankot to Chandigarh,https://www.redbus.in/bus-tickets/pathankot-to-chandigarh,8,IntrCity SmartBus,Bharat Benz A/C Seater /Sleeper (2+1),20:00,06h 00m,02:00,4.1,424.0,24,6.0
3011,3017,Haflong to Guwahati,https://www.redbus.in/bus-tickets/haflong-to-guwahati,3,Deep Travels,Non AC Seater (2+1),17:45,10h 45m,04:30,4.1,600.0,20,10.8
3012,3018,Haflong to Guwahati,https://www.redbus.in/bus-tickets/haflong-to-guwahati,3,NETWORK TRAVELS,NON A/C Seater (2+1),18:00,10h 00m,04:00,4.5,600.0,5,10.0
3013,3019,Berhampore (West Bengal) to Falakata (west bengal),https://www.redbus.in/bus-tickets/berhampore-to-falakata,1,NBSTC-BHP-COB-R1-18:30,Non AC Seater 2+2,18:30,11h 00m,05:30,4.0,412.0,27,11.0
3014,3020,Hyderabad to Karimnagar,https://www.redbus.in/bus-tickets/hyderabad-to-karimnagar,9,TSRTC - 9593,"SUPER LUXURY (NON-AC, 2 + 2 PUSH BACK)",15:15,03h 00m,18:15,2.0,283.0,31,3.0
3015,3021,Hyderabad to Karimnagar,https://www.redbus.in/bus-tickets/hyderabad-to-karimnagar,9,TSRTC - 7378,"SUPER LUXURY (NON-AC, 2 + 2 PUSH BACK)",15:40,03h 15m,18:55,3.4,283.0,31,3.2
3016,3022,Hyderabad to Karimnagar,https://www.redbus.in/bus-tickets/hyderabad-to-karimnagar,9,TSRTC - 7077,"SUPER LUXURY (NON-AC, 2 + 2 PUSH BACK)",15:40,03h 00m,18:40,2.5,283.0,27,3.0
3017,3023,Hyderabad to Karimnagar,https://www.redbus.in/bus-tickets/hyderabad-to-karimnagar,9,TSRTC - 7172,RAJDHANI (A.C. Semi Sleeper),15:40,03h 00m,18:40,2.8,343.0,11,3.0
3018,3024,Hyderabad to Karimnagar,https://www.redbus.in/bus-tickets/hyderabad-to-karimnagar,9,TSRTC - 7123,"SUPER LUXURY (NON-AC, 2 + 2 PUSH BACK)",15:50,03h 00m,18:50,2.6,283.0,33,3.0
3019,3025,Hyderabad to Karimnagar,https://www.redbus.in/bus-tickets/hyderabad-to-karimnagar,9,TSRTC - 7096,"SUPER LUXURY (NON-AC, 2 + 2 PUSH BACK)",16:10,03h 00m,19:10,4.1,283.0,23,3.0
3020,3026,Hyderabad to Karimnagar,https://www.redbus.in/bus-tickets/hyderabad-to-karimnagar,9,TSRTC - 7468,RAJDHANI (A.C. Semi Sleeper),16:30,04h 10m,20:40,4.5,343.0,15,4.2
3021,3027,Hyderabad to Karimnagar,https://www.redbus.in/bus-tickets/hyderabad-to-karimnagar,9,TSRTC - 7376,"SUPER LUXURY (NON-AC, 2 + 2 PUSH BACK)",16:50,03h 15m,20:05,4.0,283.0,30,3.2
3022,3028,Hyderabad to Karimnagar,https://www.redbus.in/bus-tickets/hyderabad-to-karimnagar,9,TSRTC - 7125,"SUPER LUXURY (NON-AC, 2 + 2 PUSH BACK)",17:10,03h 00m,20:10,3.3,283.0,30,3.0
3023,3029,Hyderabad to Karimnagar,https://www.redbus.in/bus-tickets/hyderabad-to-karimnagar,9,TSRTC - 8344,"SUPER LUXURY (NON-AC, 2 + 2 PUSH BACK)",17:20,03h 00m,20:20,2.6,283.0,31,3.0
3024,3030,Hyderabad to Karimnagar,https://www.redbus.in/bus-tickets/hyderabad-to-karimnagar,9,TSRTC - 7331,"SUPER LUXURY (NON-AC, 2 + 2 PUSH BACK)",17:30,04h 00m,21:30,3.6,283.0,30,4.0
3025,3031,Hyderabad to Karimnagar,https://www.redbus.in/bus-tickets/hyderabad-to-karimnagar,9,TSRTC - 7028,"SUPER LUXURY (NON-AC, 2 + 2 PUSH BACK)",17:50,03h 00m,20:50,3.5,283.0,31,3.0
3026,3032,Hyderabad to Karimnagar,https://www.redbus.in/bus-tickets/hyderabad-to-karimnagar,9,TSRTC - 7832,RAJDHANI (A.C. Semi Sleeper),18:00,03h 00m,21:00,3.9,343.0,30,3.0
3027,3033,Hyderabad to Karimnagar,https://www.redbus.in/bus-tickets/hyderabad-to-karimnagar,9,TSRTC - 7068,"SUPER LUXURY (NON-AC, 2 + 2 PUSH BACK)",18:35,03h 00m,21:35,3.5,283.0,27,3.0
3028,3034,Hyderabad to Karimnagar,https://www.redbus.in/bus-tickets/hyderabad-to-karimnagar,9,TSRTC - 7587,RAJDHANI (A.C. Semi Sleeper),19:00,03h 00m,22:00,3.0,343.0,29,3.0
3029,3035,Hyderabad to Karimnagar,https://www.redbus.in/bus-tickets/hyderabad-to-karimnagar,9,TSRTC - 7072,"SUPER LUXURY (NON-AC, 2 + 2 PUSH BACK)",19:00,03h 00m,22:00,3.3,283.0,28,3.0
3030,3036,Hyderabad to Karimnagar,https://www.redbus.in/bus-tickets/hyderabad-to-karimnagar,9,TSRTC - 7315,"SUPER LUXURY (NON-AC, 2 + 2 PUSH BACK)",19:15,03h 15m,22:30,3.0,283.0,29,3.2
3031,3037,Hyderabad to Karimnagar,https://www.redbus.in/bus-tickets/hyderabad-to-karimnagar,9,TSRTC - 7449,RAJDHANI (A.C. Semi Sleeper),19:30,03h 00m,22:30,3.0,343.0,10,3.0
3032,3038,Hyderabad to Karimnagar,https://www.redbus.in/bus-tickets/hyderabad-to-karimnagar,9,TSRTC - 7445,"SUPER LUXURY (NON-AC, 2 + 2 PUSH BACK)",19:50,03h 00m,22:50,2.2,283.0,33,3.0
3033,3039,Hyderabad to Karimnagar,https://www.redbus.in/bus-tickets/hyderabad-to-karimnagar,9,TSRTC - 7354,"SUPER LUXURY (NON-AC, 2 + 2 PUSH BACK)",21:05,03h 15m,00:20,2.7,283.0,31,3.2
3034,3040,Hyderabad to Karimnagar,https://www.redbus.in/bus-tickets/hyderabad-to-karimnagar,9,TSRTC - 7020,"SUPER LUXURY (NON-AC, 2 + 2 PUSH BACK)",21:20,03h 00m,00:20,3.3,283.0,31,3.0
3035,3041,Hyderabad to Karimnagar,https://www.redbus.in/bus-tickets/hyderabad-to-karimnagar,9,TSRTC - 7030,"SUPER LUXURY (NON-AC, 2 + 2 PUSH BACK)",21:35,03h 00m,00:35,2.1,283.0,31,3.0
3036,3042,Hyderabad to Karimnagar,https://www.redbus.in/bus-tickets/hyderabad-to-karimnagar,9,TSRTC - 9551,"SUPER LUXURY (NON-AC, 2 + 2 PUSH BACK)",22:15,03h 45m,02:00,3.3,283.0,30,3.8
3037,3043,Hyderabad to Karimnagar,https://www.redbus.in/bus-tickets/hyderabad-to-karimnagar,9,TSRTC - 7419,"SUPER LUXURY (NON-AC, 2 + 2 PUSH BACK)",23:00,03h 40m,02:40,1.9,283.0,29,3.7
3038,3044,Hyderabad to Karimnagar,https://www.redbus.in/bus-tickets/hyderabad-to-karimnagar,9,TSRTC - 7316,"SUPER LUXURY (NON-AC, 2 + 2 PUSH BACK)",23:05,03h 55m,03:00,3.3,283.0,14,3.9
3039,3045,Hyderabad to Karimnagar,https://www.redbus.in/bus-tickets/hyderabad-to-karimnagar,9,TSRTC - 7121,"SUPER LUXURY (NON-AC, 2 + 2 PUSH BACK)",23:30,03h 00m,02:30,3.3,283.0,33,3.0
3040,3046,Hyderabad to Karimnagar,https://www.redbus.in/bus-tickets/hyderabad-to-karimnagar,9,TSRTC - 7404,"SUPER LUXURY (NON-AC, 2 + 2 PUSH BACK)",23:30,03h 30m,03:00,4.6,283.0,26,3.5
3041,3047,Hyderabad to Karimnagar,https://www.redbus.in/bus-tickets/hyderabad-to-karimnagar,9,IPS Bus Service,NON A/C Sleeper (2+2),15:30,03h 10m,18:40,1.7,1000.0,36,3.2
3042,3048,Hyderabad to Karimnagar,https://www.redbus.in/bus-tickets/hyderabad-to-karimnagar,9,DNR Express,AC Sleeper (2+1),21:30,02h 29m,23:59,2.8,899.0,20,2.5
3043,3049,Kolkata to Purulia,https://www.redbus.in/bus-tickets/kolkata-to-purulia,4,City Queen Bus Service,Non AC Seater (2+2),20:50,08h 10m,05:00,3.7,250.0,14,8.2
3044,3050,Kolkata to Purulia,https://www.redbus.in/bus-tickets/kolkata-to-purulia,4,City Queen Bus Service,Non AC Seater (2+2),21:30,10h 00m,07:30,2.1,285.0,18,10.0
3045,3051,North Lakhimpur to Jorhat,https://www.redbus.in/bus-tickets/north-lakhimpur-to-jorhat,3,Sylvan DEE Transport,Non AC Seater (2+1),17:30,11h 00m,04:30,3.3,530.0,10,11.0
3046,3052,Macherla (andhra pradesh) to Hyderabad,https://www.redbus.in/bus-tickets/macherla-to-hyderabad,7,APSRTC - 4430,Super Luxury (Non AC Seater 2+2 Push Back),17:30,03h 54m,21:24,2.7,313.0,26,3.9
3047,3053,Macherla (andhra pradesh) to Hyderabad,https://www.redbus.in/bus-tickets/macherla-to-hyderabad,7,APSRTC - 36005,Super Luxury (Non AC Seater 2+2 Push Back),18:30,03h 34m,22:04,4.0,302.0,23,3.6
3048,3054,Macherla (andhra pradesh) to Hyderabad,https://www.redbus.in/bus-tickets/macherla-to-hyderabad,7,APSRTC - 4406,Super Luxury (Non AC Seater 2+2 Push Back),20:00,04h 03m,00:03,3.7,302.0,34,4.0
3049,3055,Macherla (andhra pradesh) to Hyderabad,https://www.redbus.in/bus-tickets/macherla-to-hyderabad,7,APSRTC - 4418,Super Luxury (Non AC Seater 2+2 Push Back),22:00,03h 34m,01:34,3.9,302.0,34,3.6
3050,3056,Macherla (andhra pradesh) to Hyderabad,https://www.redbus.in/bus-tickets/macherla-to-hyderabad,7,APSRTC - 4393,Super Luxury (Non AC Seater 2+2 Push Back),22:30,03h 34m,02:04,4.4,334.0,29,3.6
3051,3057,Macherla (andhra pradesh) to Hyderabad,https://www.redbus.in/bus-tickets/macherla-to-hyderabad,7,APSRTC - 4379,Super Luxury (Non AC Seater 2+2 Push Back),23:00,03h 34m,02:34,4.8,334.0,31,3.6
3052,3058,Macherla (andhra pradesh) to Hyderabad,https://www.redbus.in/bus-tickets/macherla-to-hyderabad,7,APSRTC - 4391,Super Luxury (Non AC Seater 2+2 Push Back),23:30,03h 34m,03:04,4.1,334.0,19,3.6
3053,3059,Macherla (andhra pradesh) to Hyderabad,https://www.redbus.in/bus-tickets/macherla-to-hyderabad,7,TSRTC - 7864,"SUPER LUXURY (NON-AC, 2 + 2 PUSH BACK)",22:10,04h 05m,02:15,3.8,323.0,27,4.1
3054,3060,Macherla (andhra pradesh) to Hyderabad,https://www.redbus.in/bus-tickets/macherla-to-hyderabad,7,TSRTC - 8106,"SUPER LUXURY (NON-AC, 2 + 2 PUSH BACK)",22:20,04h 10m,02:30,3.2,302.0,31,4.2
3055,3061,Macherla (andhra pradesh) to Hyderabad,https://www.redbus.in/bus-tickets/macherla-to-hyderabad,7,IVR Tours and Travels,Non A/C Seater / Sleeper (2+1),01:00,04h 00m,05:00,3.8,599.0,23,4.0
3056,3062,Macherla (andhra pradesh) to Hyderabad,https://www.redbus.in/bus-tickets/macherla-to-hyderabad,7,IVR Tours and Travels,Non A/C Seater / Sleeper (2+1),01:00,05h 00m,06:00,3.8,599.0,25,5.0
3057,3063,Macherla (andhra pradesh) to Hyderabad,https://www.redbus.in/bus-tickets/macherla-to-hyderabad,7,Harikrishna Travels,Non A/C Seater / Sleeper (2+1),23:30,04h 00m,03:30,3.1,760.0,4,4.0
3058,3064,Macherla (andhra pradesh) to Hyderabad,https://www.redbus.in/bus-tickets/macherla-to-hyderabad,7,Giridhar Tours and Travels,Non A/C Seater / Sleeper (2+1),23:50,04h 35m,04:25,4.2,4999.0,1,4.6
3059,3065,Kurnool to Bangalore,https://www.redbus.in/bus-tickets/kurnool-to-bangalore,7,APSRTC - 6352,Super Luxury (Non AC Seater 2+2 Push Back),19:30,08h 30m,04:00,4.0,579.0,30,8.5
3060,3066,Kurnool to Bangalore,https://www.redbus.in/bus-tickets/kurnool-to-bangalore,7,APSRTC - 6354,Super Luxury (Non AC Seater 2+2 Push Back),20:30,09h 00m,05:30,4.2,579.0,28,9.0
3061,3067,Kurnool to Bangalore,https://www.redbus.in/bus-tickets/kurnool-to-bangalore,7,APSRTC - 6611,STAR LINER(NON-AC SLEEPER 2+1),20:50,08h 10m,05:00,3.4,775.0,11,8.2
3062,3068,Kurnool to Bangalore,https://www.redbus.in/bus-tickets/kurnool-to-bangalore,7,APSRTC - 6336,Super Luxury (Non AC Seater 2+2 Push Back),21:00,08h 00m,05:00,4.2,579.0,24,8.0
3063,3069,Kurnool to Bangalore,https://www.redbus.in/bus-tickets/kurnool-to-bangalore,7,APSRTC - 6338,Super Luxury (Non AC Seater 2+2 Push Back),21:45,08h 00m,05:45,4.1,579.0,18,8.0
3064,3070,Kurnool to Bangalore,https://www.redbus.in/bus-tickets/kurnool-to-bangalore,7,APSRTC - 6608,Super Luxury (Non AC Seater 2+2 Push Back),21:50,08h 10m,06:00,2.5,579.0,31,8.2
3065,3071,Kurnool to Bangalore,https://www.redbus.in/bus-tickets/kurnool-to-bangalore,7,APSRTC - 6274,STAR LINER(NON-AC SLEEPER 2+1),22:00,07h 15m,05:15,4.1,775.0,13,7.2
3066,3072,Kurnool to Bangalore,https://www.redbus.in/bus-tickets/kurnool-to-bangalore,7,APSRTC - 6344,Super Luxury (Non AC Seater 2+2 Push Back),22:30,08h 00m,06:30,4.2,579.0,20,8.0
3067,3073,Kurnool to Bangalore,https://www.redbus.in/bus-tickets/kurnool-to-bangalore,7,APSRTC - 6340,Super Luxury (Non AC Seater 2+2 Push Back),22:45,08h 00m,06:45,3.9,579.0,30,8.0
3068,3074,Kurnool to Bangalore,https://www.redbus.in/bus-tickets/kurnool-to-bangalore,7,APSRTC - 6342,INDRA(A.C. Seater),23:00,06h 45m,05:45,4.5,723.0,16,6.8
3069,3075,Kurnool to Bangalore,https://www.redbus.in/bus-tickets/kurnool-to-bangalore,7,TSRTC - 7143,"SUPER LUXURY (NON-AC, 2 + 2 PUSH BACK)",15:30,06h 40m,22:10,2.4,459.0,9,6.7
3070,3076,Kurnool to Bangalore,https://www.redbus.in/bus-tickets/kurnool-to-bangalore,7,TSRTC - 2994,LAHARI A/C SLEEPER CUM SEATER,16:25,06h 00m,22:25,3.1,509.0,14,6.0
3071,3077,Kurnool to Bangalore,https://www.redbus.in/bus-tickets/kurnool-to-bangalore,7,TSRTC - 1001,LAHARI A/C SLEEPER CUM SEATER,21:15,06h 05m,03:20,3.7,604.0,8,6.1
3072,3078,Kurnool to Bangalore,https://www.redbus.in/bus-tickets/kurnool-to-bangalore,7,TSRTC - 8207,"SUPER LUXURY (NON-AC, 2 + 2 PUSH BACK)",22:00,05h 05m,03:05,2.1,459.0,7,5.1
3073,3079,Kurnool to Bangalore,https://www.redbus.in/bus-tickets/kurnool-to-bangalore,7,TSRTC - 1037,"SUPER LUXURY (NON-AC, 2 + 2 PUSH BACK)",22:15,06h 30m,04:45,2.6,459.0,29,6.5
3074,3080,Kurnool to Bangalore,https://www.redbus.in/bus-tickets/kurnool-to-bangalore,7,TSRTC - 1294,Lahari A/C sleeper,23:05,05h 45m,04:50,2.4,1133.0,9,5.8
3075,3081,Kurnool to Bangalore,https://www.redbus.in/bus-tickets/kurnool-to-bangalore,7,TSRTC - 6817,"SUPER LUXURY (NON-AC, 2 + 2 PUSH BACK)",23:20,06h 10m,05:30,3.0,459.0,16,6.2
3076,3082,Kurnool to Bangalore,https://www.redbus.in/bus-tickets/kurnool-to-bangalore,7,TSRTC - 8665,LAHARI A/C SLEEPER CUM SEATER,23:55,06h 35m,06:30,2.6,728.0,17,6.6
3077,3083,Kurnool to Bangalore,https://www.redbus.in/bus-tickets/kurnool-to-bangalore,7,BRS Travels,A/C Sleeper (2+1),23:30,06h 00m,05:30,4.3,900.0,3,6.0
3078,3084,Kurnool to Bangalore,https://www.redbus.in/bus-tickets/kurnool-to-bangalore,7,BRS Travels,A/C Seater / Sleeper (2+1),23:00,06h 00m,05:00,4.3,700.0,9,6.0
3079,3085,Kurnool to Bangalore,https://www.redbus.in/bus-tickets/kurnool-to-bangalore,7,AR & BCVR Travels,A/C Sleeper (2+1),23:00,06h 30m,05:30,4.3,900.0,9,6.5
3080,3086,Kurnool to Bangalore,https://www.redbus.in/bus-tickets/kurnool-to-bangalore,7,BRS Travels,A/C Sleeper (2+1),23:15,07h 00m,06:15,3.9,900.0,6,7.0
3081,3087,Kurnool to Bangalore,https://www.redbus.in/bus-tickets/kurnool-to-bangalore,7,BRS Travels,A/C Seater / Sleeper (2+1),23:00,07h 30m,06:30,3.6,600.0,6,7.5
3082,3088,Kurnool to Bangalore,https://www.redbus.in/bus-tickets/kurnool-to-bangalore,7,Jabbar Travels,Scania Multi-Axle AC Semi Sleeper (2+2),23:59,05h 11m,05:10,4.2,691.0,10,5.2
3083,3089,Kurnool to Bangalore,https://www.redbus.in/bus-tickets/kurnool-to-bangalore,7,YAS TOURS AND TRAVELS,Volvo Multi Axle A/C Sleeper I-Shift B11R (2+1),22:00,05h 30m,03:30,4.0,1300.0,17,5.5
3084,3090,Kurnool to Bangalore,https://www.redbus.in/bus-tickets/kurnool-to-bangalore,7,Yolo Bus,Bharat Benz A/C Sleeper (2+1),23:46,08h 08m,07:54,3.8,1140.0,19,8.1
3085,3091,Kurnool to Bangalore,https://www.redbus.in/bus-tickets/kurnool-to-bangalore,7,YAS TOURS AND TRAVELS,Volvo A/C Semi Sleeper (2+2),19:45,05h 30m,01:15,3.8,700.0,24,5.5
3086,3092,Kurnool to Bangalore,https://www.redbus.in/bus-tickets/kurnool-to-bangalore,7,IntrCity SmartBus,AC Sleeper (2+1),23:25,05h 50m,05:15,4.3,947.0,8,5.8
3087,3093,Shillong to Guwahati,https://www.redbus.in/bus-tickets/shillong-to-guwahati,5,Meghalaya Transport Corporation(MTC) - 172215,Force Motors Non A/C Seater Executive (2+2),15:30,02h 30m,18:00,4.1,200.0,11,2.5
3088,3094,Shillong to Guwahati,https://www.redbus.in/bus-tickets/shillong-to-guwahati,5,RAYAN TRAVELS,Non A/C Seater / Sleeper (2+1),16:00,02h 30m,18:30,3.3,350.0,30,2.5
3089,3095,Lucknow to Allahabad,https://www.redbus.in/bus-tickets/lucknow-to-allahabad,2,UPSRTC - CBG0030,Janrath AC Seater 2+2,16:15,05h 30m,21:45,3.3,458.0,36,5.5
3090,3096,Lucknow to Allahabad,https://www.redbus.in/bus-tickets/lucknow-to-allahabad,2,UPSRTC - MZP0003,Rajdhani Non AC Seater 2+3,16:20,05h 11m,21:31,3.3,310.0,51,5.2
3091,3097,Lucknow to Allahabad,https://www.redbus.in/bus-tickets/lucknow-to-allahabad,2,UPSRTC - PYD0137,Janrath AC Seater 2+3,16:31,04h 30m,21:01,3.3,396.0,48,4.5
3092,3098,Lucknow to Allahabad,https://www.redbus.in/bus-tickets/lucknow-to-allahabad,2,UPSRTC - PYD0139,Janrath AC Seater 2+3,17:00,04h 30m,21:30,3.3,396.0,48,4.5
3093,3099,Lucknow to Allahabad,https://www.redbus.in/bus-tickets/lucknow-to-allahabad,2,UPSRTC - ALM0180,Volvo AC Seater 2+2,17:15,04h 30m,21:45,3.3,658.0,37,4.5
3094,3100,Lucknow to Allahabad,https://www.redbus.in/bus-tickets/lucknow-to-allahabad,2,UPSRTC - PYD0155,Janrath AC Seater 2+3,18:01,04h 30m,22:31,2.6,396.0,48,4.5
3095,3101,Lucknow to Allahabad,https://www.redbus.in/bus-tickets/lucknow-to-allahabad,2,UPSRTC - ALM0017,Volvo AC Seater 2+2,18:30,04h 30m,23:00,2.4,658.0,38,4.5
3096,3102,Lucknow to Allahabad,https://www.redbus.in/bus-tickets/lucknow-to-allahabad,2,UPSRTC - RBL0010,Ordinary Non AC Seater 2+3,19:00,05h 00m,00:00,3.3,310.0,52,5.0
3097,3103,Lucknow to Allahabad,https://www.redbus.in/bus-tickets/lucknow-to-allahabad,2,UPSRTC - PYD0157,Janrath AC Seater 2+3,19:01,04h 00m,23:01,3.3,396.0,47,4.0
3098,3104,Lucknow to Allahabad,https://www.redbus.in/bus-tickets/lucknow-to-allahabad,2,UPSRTC - ALM0019,Volvo AC Seater 2+2,19:30,04h 29m,23:59,3.3,658.0,39,4.5
3099,3105,Lucknow to Allahabad,https://www.redbus.in/bus-tickets/lucknow-to-allahabad,2,UPSRTC - RBL0014,Ordinary Non AC Seater 2+3,19:40,05h 00m,00:40,3.3,310.0,52,5.0
3100,3106,Lucknow to Allahabad,https://www.redbus.in/bus-tickets/lucknow-to-allahabad,2,UPSRTC - MZP0014,Ordinary Non AC Seater 2+3,20:00,05h 28m,01:28,3.3,310.0,52,5.5
3101,3107,Lucknow to Allahabad,https://www.redbus.in/bus-tickets/lucknow-to-allahabad,2,UPSRTC - ALM0021,Volvo AC Seater 2+2,20:30,04h 30m,01:00,3.3,658.0,39,4.5
3102,3108,Lucknow to Allahabad,https://www.redbus.in/bus-tickets/lucknow-to-allahabad,2,UPSRTC - RBL0018,Ordinary Non AC Seater 2+3,20:40,05h 00m,01:40,3.3,310.0,52,5.0
3103,3109,Lucknow to Allahabad,https://www.redbus.in/bus-tickets/lucknow-to-allahabad,2,UPSRTC - AWD0035,Janrath AC Seater 2+3,21:00,05h 00m,02:00,1.0,396.0,48,5.0
3104,3110,Lucknow to Allahabad,https://www.redbus.in/bus-tickets/lucknow-to-allahabad,2,UPSRTC - RBL0022,Ordinary Non AC Seater 2+3,21:20,05h 00m,02:20,3.3,310.0,52,5.0
3105,3111,Lucknow to Allahabad,https://www.redbus.in/bus-tickets/lucknow-to-allahabad,2,UPSRTC - RBL0026,Ordinary Non AC Seater 2+3,22:00,05h 00m,03:00,3.3,310.0,52,5.0
3106,3112,Lucknow to Allahabad,https://www.redbus.in/bus-tickets/lucknow-to-allahabad,2,UPSRTC - ALM0182,Volvo AC Seater 2+2,22:30,04h 30m,03:00,3.3,658.0,39,4.5
3107,3113,Lucknow to Allahabad,https://www.redbus.in/bus-tickets/lucknow-to-allahabad,2,UPSRTC - RBL0030,Ordinary Non AC Seater 2+3,22:40,05h 00m,03:40,3.2,310.0,52,5.0
3108,3114,Lucknow to Allahabad,https://www.redbus.in/bus-tickets/lucknow-to-allahabad,2,UPSRTC - AWD0201,Janrath AC Seater 2+3,23:00,05h 15m,04:15,1.8,396.0,48,5.2
3109,3115,Lucknow to Allahabad,https://www.redbus.in/bus-tickets/lucknow-to-allahabad,2,UPSRTC - RBL0034,Ordinary Non AC Seater 2+3,23:20,05h 00m,04:20,2.0,310.0,50,5.0
3110,3116,Lucknow to Allahabad,https://www.redbus.in/bus-tickets/lucknow-to-allahabad,2,ARORA TRAVELS,Volvo AC Seater (2+2),17:15,04h 44m,21:59,4.5,703.0,22,4.7
3111,3117,Lucknow to Allahabad,https://www.redbus.in/bus-tickets/lucknow-to-allahabad,2,ARORA TRAVELS,Volvo AC Seater (2+2),22:00,04h 45m,02:45,4.5,703.0,25,4.8
3112,3118,Lucknow to Allahabad,https://www.redbus.in/bus-tickets/lucknow-to-allahabad,2,Mahalaxmi Travels,Bharat Benz A/C Seater /Sleeper (2+1),23:15,04h 30m,03:45,3.1,399.0,24,4.5
3113,3119,Lucknow to Allahabad,https://www.redbus.in/bus-tickets/lucknow-to-allahabad,2,Goyal Travels,A/C Seater / Sleeper (2+1),23:49,04h 06m,03:55,1.6,500.0,21,4.1
3114,3120,Tezpur to Tinsukia,https://www.redbus.in/bus-tickets/tezpur-to-tinsukia,3,Puja Transport,NON AC Seater / Sleeper 2+1,20:00,09h 30m,05:30,2.3,600.0,5,9.5
3115,3121,Tezpur to Tinsukia,https://www.redbus.in/bus-tickets/tezpur-to-tinsukia,3,Puja Transport,Non AC Seater (2+2),20:00,10h 00m,06:00,3.6,550.0,12,10.0
3116,3122,Tezpur to Tinsukia,https://www.redbus.in/bus-tickets/tezpur-to-tinsukia,3,SANJEEBANI TRAVELS,Non A/C Seater / Sleeper (2+1),21:30,07h 40m,05:10,New,600.0,25,7.7
3117,3123,Tezpur to Tinsukia,https://www.redbus.in/bus-tickets/tezpur-to-tinsukia,3,Maa Laxmi,NON A/C Seater Push Back (2+1),22:15,09h 45m,08:00,2.4,550.0,16,9.8
3118,3124,Tezpur to Tinsukia,https://www.redbus.in/bus-tickets/tezpur-to-tinsukia,3,Neha Travels,NON A/C Seater (2+2),22:40,09h 20m,08:00,1.4,650.0,9,9.3
3119,3125,Sitapur (Uttar Pradesh) to Delhi,https://www.redbus.in/bus-tickets/sitapur-to-delhi,2,UPSRTC - STD0354,Ordinary Non AC Seater 2+3,17:12,10h 30m,03:42,3.3,697.0,52,10.5
3120,3126,Sitapur (Uttar Pradesh) to Delhi,https://www.redbus.in/bus-tickets/sitapur-to-delhi,2,UPSRTC - STD0163,Ordinary Non AC Seater 2+3,17:31,11h 54m,05:25,3.3,697.0,52,11.9
3121,3127,Sitapur (Uttar Pradesh) to Delhi,https://www.redbus.in/bus-tickets/sitapur-to-delhi,2,UPSRTC - STD0368,Ordinary Non AC Seater 2+3,17:34,11h 06m,04:40,3.3,697.0,52,11.1
3122,3128,Sitapur (Uttar Pradesh) to Delhi,https://www.redbus.in/bus-tickets/sitapur-to-delhi,2,UPSRTC - LNI0017,Rajdhani Non AC Seater 2+3,18:01,08h 59m,03:00,3.3,666.0,51,9.0
3123,3129,Sitapur (Uttar Pradesh) to Delhi,https://www.redbus.in/bus-tickets/sitapur-to-delhi,2,UPSRTC - STD0356,Ordinary Non AC Seater 2+3,18:46,11h 17m,06:03,3.3,697.0,52,11.3
3124,3130,Sitapur (Uttar Pradesh) to Delhi,https://www.redbus.in/bus-tickets/sitapur-to-delhi,2,UPSRTC - STD0144,Ordinary Non AC Seater 2+3,19:00,11h 30m,06:30,3.3,697.0,52,11.5
3125,3131,Sitapur (Uttar Pradesh) to Delhi,https://www.redbus.in/bus-tickets/sitapur-to-delhi,2,UPSRTC - STD0072,Janrath AC Seater 2+2,20:30,09h 15m,05:45,2.8,955.0,33,9.2
3126,3132,Sitapur (Uttar Pradesh) to Delhi,https://www.redbus.in/bus-tickets/sitapur-to-delhi,2,UPSRTC - AWD0116,Janrath AC Seater 2+3,21:30,10h 00m,07:30,2.1,827.0,48,10.0
3127,3133,Sitapur (Uttar Pradesh) to Delhi,https://www.redbus.in/bus-tickets/sitapur-to-delhi,2,UPSRTC - SBD0093,Janrath AC Seater 2+2,22:40,08h 20m,07:00,2.0,955.0,36,8.3
3128,3134,Sitapur (Uttar Pradesh) to Delhi,https://www.redbus.in/bus-tickets/sitapur-to-delhi,2,UPSRTC - SBD0055,Pink Express AC Seater 2+2,23:30,09h 30m,09:00,3.4,955.0,41,9.5
3129,3135,Sitapur (Uttar Pradesh) to Delhi,https://www.redbus.in/bus-tickets/sitapur-to-delhi,2,R S YADAV SMART BUS PRIVATE LIMITED,VE A/C Sleeper (2+1),20:45,09h 20m,06:05,4.7,664.0,27,9.3
3130,3136,Malda to Siliguri,https://www.redbus.in/bus-tickets/malda-to-siliguri,1,Aradhana Travels,A/C Seater / Sleeper (2+1),23:30,06h 30m,06:00,3.7,618.0,9,6.5
3131,3137,Malda to Siliguri,https://www.redbus.in/bus-tickets/malda-to-siliguri,1,Aradhana Travels,Volvo A/C B11R Multi Axle Semi Sleeper (2+2),23:59,06h 01m,06:00,3.6,665.0,27,6.0
3132,3138,Malda to Siliguri,https://www.redbus.in/bus-tickets/malda-to-siliguri,1,Aradhana Travels,NON A/C Seater / Sleeper (2+2),23:59,07h 31m,07:30,2.0,380.0,33,7.5
3133,3139,Malda to Siliguri,https://www.redbus.in/bus-tickets/malda-to-siliguri,1,New Das Paribahan,NON A/C Seater / Sleeper (2+2),23:25,06h 10m,05:35,3.2,635.0,12,6.2
3134,3140,Durgapur (West Bengal) to Siliguri,https://www.redbus.in/bus-tickets/durgapur-to-siliguri,12,SBSTC-ASANSOL - SILIGURI - 2/2 VIA - SURI - 15:50 (ASN D - 3809,Non AC Seater (2+2),17:10,10h 50m,04:00,3.7,455.0,19,10.8
3135,3141,Durgapur (West Bengal) to Siliguri,https://www.redbus.in/bus-tickets/durgapur-to-siliguri,12,Shyamoli Paribahan Pvt Ltd,Scania Multi-Axle AC Semi Sleeper (2+2),19:30,10h 55m,06:25,4.4,1050.0,20,10.9
3136,3142,Durgapur (West Bengal) to Siliguri,https://www.redbus.in/bus-tickets/durgapur-to-siliguri,12,Greenline,Volvo 9600 Multi-Axle A/C Sleeper (2+1),19:45,10h 45m,06:30,4.3,1350.0,13,10.8
3137,3143,Durgapur (West Bengal) to Siliguri,https://www.redbus.in/bus-tickets/durgapur-to-siliguri,12,Express Line,Volvo 9600 Multi-Axle A/C Sleeper (2+1),19:40,11h 05m,06:45,4.5,1349.0,23,11.1
3138,3144,Durgapur (West Bengal) to Siliguri,https://www.redbus.in/bus-tickets/durgapur-to-siliguri,12,Guru Nanak (Inter City),NON A/C Seater / Sleeper (2+2),18:30,13h 30m,08:00,3.5,599.0,34,13.5
3139,3145,Chandigarh to Baijnath,https://www.redbus.in/bus-tickets/chandigarh-to-baijnath,8,HRTC - 1505,Ordinary 3+2 Non AC Seater,20:16,07h 44m,04:00,3.9,488.0,36,7.7
3140,3146,Chandigarh to Baijnath,https://www.redbus.in/bus-tickets/chandigarh-to-baijnath,8,HRTC - 1150,Ordinary 3+2 Non AC Seater,20:30,08h 45m,05:15,2.9,493.0,37,8.8
3141,3147,Chandigarh to Baijnath,https://www.redbus.in/bus-tickets/chandigarh-to-baijnath,8,Chandigarh Transport Undertaking (CTU) - 165825,HVAC Seater (2+3),20:08,09h 00m,05:08,4.1,592.39,46,9.0
3142,3148,Chandigarh to Baijnath,https://www.redbus.in/bus-tickets/chandigarh-to-baijnath,8,Laxmi holidays,Scania Multi-Axle AC Semi Sleeper (2+2),23:55,06h 35m,06:30,4.4,599.0,3,6.6
3143,3149,Bangalore to Rayachoti,https://www.redbus.in/bus-tickets/bangalore-to-rayachoti,7,APSRTC - 6005,Super Luxury (Non AC Seater 2+2 Push Back),16:30,05h 45m,22:15,3.2,353.0,26,5.8
3144,3150,Bangalore to Rayachoti,https://www.redbus.in/bus-tickets/bangalore-to-rayachoti,7,APSRTC - 36009,Super Luxury (Non AC Seater 2+2 Push Back),19:30,05h 10m,00:40,3.7,353.0,30,5.2
3145,3151,Bangalore to Rayachoti,https://www.redbus.in/bus-tickets/bangalore-to-rayachoti,7,APSRTC - 50079,Super Luxury (Non AC Seater 2+2 Push Back),20:15,05h 45m,02:00,3.3,353.0,34,5.8
3146,3152,Bangalore to Rayachoti,https://www.redbus.in/bus-tickets/bangalore-to-rayachoti,7,APSRTC - 6017,Super Luxury (Non AC Seater 2+2 Push Back),21:00,05h 45m,02:45,3.3,353.0,28,5.8
3147,3153,Bangalore to Rayachoti,https://www.redbus.in/bus-tickets/bangalore-to-rayachoti,7,APSRTC - 50062,Super Luxury (Non AC Seater 2+2 Push Back),21:45,05h 45m,03:30,4.0,353.0,27,5.8
3148,3154,Bangalore to Rayachoti,https://www.redbus.in/bus-tickets/bangalore-to-rayachoti,7,BHAIRAVA TOURS AND TRAVELS,Non A/C Seater / Sleeper (2+1),19:15,06h 45m,02:00,4.3,770.0,1,6.8
3149,3155,Bangalore to Rayachoti,https://www.redbus.in/bus-tickets/bangalore-to-rayachoti,7,Royal Voyage Travels (RVT),A/C Seater / Sleeper (2+1),19:30,07h 15m,02:45,4.2,700.0,8,7.2
3150,3156,Bangalore to Rayachoti,https://www.redbus.in/bus-tickets/bangalore-to-rayachoti,7,S R Travels,Non A/C Seater / Sleeper (2+1),19:30,07h 00m,02:30,4.5,900.0,9,7.0
3151,3157,Bangalore to Rayachoti,https://www.redbus.in/bus-tickets/bangalore-to-rayachoti,7,Sri Vinayaka Travels,NON A/C Sleeper (2+1),19:45,07h 15m,03:00,3.1,799.0,4,7.2
3152,3158,Bangalore to Rayachoti,https://www.redbus.in/bus-tickets/bangalore-to-rayachoti,7,Maheswari Travels,NON A/C Sleeper (2+1),20:00,07h 00m,03:00,4.1,650.0,15,7.0
3153,3159,Mopa Airport to Goa,https://www.redbus.in/bus-tickets/mopa-airport-to-goa,10,Kadamba Transport Corporation Limited (KTCL) - 159015,A/C Seater (2+3),16:00,02h 00m,18:00,4.9,400.0,47,2.0
3154,3160,Mopa Airport to Goa,https://www.redbus.in/bus-tickets/mopa-airport-to-goa,10,Kadamba Transport Corporation Limited (KTCL) - 159015,A/C Seater (2+3),16:00,00h 25m,16:25,3.7,150.0,47,0.4
3155,3161,Mopa Airport to Goa,https://www.redbus.in/bus-tickets/mopa-airport-to-goa,10,Kadamba Transport Corporation Limited (KTCL) - 160437,A/C Seater (2+3),17:30,00h 30m,18:00,3.7,150.0,45,0.5
3156,3162,Hyderabad to Godavarikhani,https://www.redbus.in/bus-tickets/hyderabad-to-godavarikhani,9,TSRTC - 7198,"SUPER LUXURY (NON-AC, 2 + 2 PUSH BACK)",16:30,05h 30m,22:00,4.1,392.0,24,5.5
3157,3163,Hyderabad to Godavarikhani,https://www.redbus.in/bus-tickets/hyderabad-to-godavarikhani,9,TSRTC - 7331,"SUPER LUXURY (NON-AC, 2 + 2 PUSH BACK)",17:30,05h 45m,23:15,3.3,392.0,20,5.8
3158,3164,Hyderabad to Godavarikhani,https://www.redbus.in/bus-tickets/hyderabad-to-godavarikhani,9,TSRTC - 7206,"SUPER LUXURY (NON-AC, 2 + 2 PUSH BACK)",20:20,05h 30m,01:50,4.4,392.0,31,5.5
3159,3165,Hyderabad to Godavarikhani,https://www.redbus.in/bus-tickets/hyderabad-to-godavarikhani,9,TSRTC - 7235,"SUPER LUXURY (NON-AC, 2 + 2 PUSH BACK)",21:30,05h 30m,03:00,4.6,392.0,31,5.5
3160,3166,Hyderabad to Godavarikhani,https://www.redbus.in/bus-tickets/hyderabad-to-godavarikhani,9,TSRTC - 9507,RAJDHANI (A.C. Semi Sleeper),22:00,05h 30m,03:30,3.1,476.0,35,5.5
3161,3167,Varanasi to Lucknow,https://www.redbus.in/bus-tickets/varanasi-to-lucknow,2,UPSRTC - VND0057,Ordinary Non AC Seater 2+3,17:00,08h 00m,01:00,3.3,475.0,52,8.0
3162,3168,Varanasi to Lucknow,https://www.redbus.in/bus-tickets/varanasi-to-lucknow,2,UPSRTC - AWD0090,Janrath AC Seater 2+2,17:00,06h 59m,23:59,2.3,690.0,36,7.0
3163,3169,Varanasi to Lucknow,https://www.redbus.in/bus-tickets/varanasi-to-lucknow,2,UPSRTC - KSH0015,Ordinary Non AC Seater 2+3,17:30,08h 07m,01:37,3.3,475.0,52,8.1
3164,3170,Varanasi to Lucknow,https://www.redbus.in/bus-tickets/varanasi-to-lucknow,2,UPSRTC - KSH0001,Janrath AC Seater 2+2,18:00,08h 15m,02:15,3.3,690.0,36,8.2
3165,3171,Varanasi to Lucknow,https://www.redbus.in/bus-tickets/varanasi-to-lucknow,2,UPSRTC - SLP0050,Ordinary Non AC Seater 2+3,18:00,07h 45m,01:45,3.3,475.0,52,7.8
3166,3172,Varanasi to Lucknow,https://www.redbus.in/bus-tickets/varanasi-to-lucknow,2,UPSRTC - KSH0023,Ordinary Non AC Seater 2+3,18:30,08h 17m,02:47,3.3,475.0,52,8.3
3167,3173,Varanasi to Lucknow,https://www.redbus.in/bus-tickets/varanasi-to-lucknow,2,UPSRTC - AWD0091,Janrath AC Seater 2+2,19:00,07h 00m,02:00,2.0,690.0,36,7.0
3168,3174,Varanasi to Lucknow,https://www.redbus.in/bus-tickets/varanasi-to-lucknow,2,UPSRTC - SLP0061,Ordinary Non AC Seater 2+3,19:30,07h 45m,03:15,3.3,475.0,52,7.8
3169,3175,Varanasi to Lucknow,https://www.redbus.in/bus-tickets/varanasi-to-lucknow,2,UPSRTC - CBG0138,Janrath AC Seater 2+2,19:30,08h 00m,03:30,3.3,690.0,36,8.0
3170,3176,Varanasi to Lucknow,https://www.redbus.in/bus-tickets/varanasi-to-lucknow,2,UPSRTC - CBG0045,Janrath AC Seater 2+2,20:00,07h 30m,03:30,3.3,690.0,36,7.5
3171,3177,Varanasi to Lucknow,https://www.redbus.in/bus-tickets/varanasi-to-lucknow,2,Sethi Yatra Company,A/C Sleeper (2+1),22:30,07h 30m,06:00,4.5,523.0,27,7.5
3172,3178,Varanasi to Lucknow,https://www.redbus.in/bus-tickets/varanasi-to-lucknow,2,PTC-SKYBUS,A/C Seater/Sleeper (2+1),22:30,07h 00m,05:30,4.5,399.0,25,7.0
3173,3179,Varanasi to Lucknow,https://www.redbus.in/bus-tickets/varanasi-to-lucknow,2,Mahalaxmi Travels,Bharat Benz A/C Seater /Sleeper (2+1),22:30,07h 30m,06:00,3.8,399.0,22,7.5
3174,3180,Varanasi to Lucknow,https://www.redbus.in/bus-tickets/varanasi-to-lucknow,2,Yolo Bus,A/C Sleeper (2+1),22:15,07h 34m,05:49,3.8,499.0,18,7.6
3175,3181,Varanasi to Lucknow,https://www.redbus.in/bus-tickets/varanasi-to-lucknow,2,Raj Kalpana Travels Pvt.Ltd,A/C Seater/Sleeper (2+1),20:00,05h 45m,01:45,4.7,979.0,20,5.8
3176,3182,Varanasi to Lucknow,https://www.redbus.in/bus-tickets/varanasi-to-lucknow,2,Mahalaxmi Travels,Bharat Benz A/C Seater /Sleeper (2+1),17:00,06h 45m,23:45,3.8,462.0,9,6.8
3177,3183,Varanasi to Lucknow,https://www.redbus.in/bus-tickets/varanasi-to-lucknow,2,Raj Kalpana Travels Pvt.Ltd,A/C Sleeper (2+1),17:20,06h 10m,23:30,4.5,1000.0,9,6.2
3178,3184,Varanasi to Lucknow,https://www.redbus.in/bus-tickets/varanasi-to-lucknow,2,Sethi Yatra Company,A/C Seater / Sleeper (2+1),16:05,07h 45m,23:50,3.0,739.0,18,7.8
3179,3185,Varanasi to Lucknow,https://www.redbus.in/bus-tickets/varanasi-to-lucknow,2,Khajuraho Travels,A/C Seater / Sleeper (2+1),18:00,05h 50m,23:50,3.2,566.0,18,5.8
3180,3186,Varanasi to Lucknow,https://www.redbus.in/bus-tickets/varanasi-to-lucknow,2,Mahalaxmi Travels,Bharat Benz A/C Seater /Sleeper (2+1),19:00,06h 30m,01:30,3.2,499.0,13,6.5
3181,3187,Goa to Pune,https://www.redbus.in/bus-tickets/goa-to-pune,10,Atmaram Gobus,VE A/C Sleeper (2+1),21:32,08h 50m,06:22,4.8,606.0,5,8.8
3182,3188,Goa to Pune,https://www.redbus.in/bus-tickets/goa-to-pune,10,Atmaram Gobus,VE A/C Sleeper (2+1),22:30,10h 40m,09:10,4.8,606.0,11,10.7
3183,3189,Goa to Pune,https://www.redbus.in/bus-tickets/goa-to-pune,10,Ashray Travels,Bharat Benz A/C Sleeper (2+1),22:30,11h 30m,10:00,4.5,624.0,6,11.5
3184,3190,Goa to Pune,https://www.redbus.in/bus-tickets/goa-to-pune,10,AdSangitam Travels Tanzanite,A/C Sleeper (2+1),21:00,10h 30m,07:30,4.1,571.0,20,10.5
3185,3191,Goa to Pune,https://www.redbus.in/bus-tickets/goa-to-pune,10,Zingbus Plus,Bharat Benz A/C Sleeper (2+1),18:10,11h 10m,05:20,4.5,691.0,6,11.2
3186,3192,Goa to Solapur,https://www.redbus.in/bus-tickets/goa-to-solapur,10,Kadamba Transport Corporation Limited (KTCL) - 60996,Non AC Seater 2+2,19:00,13h 30m,08:30,2.8,850.0,10,13.5
3187,3193,Goa to Solapur,https://www.redbus.in/bus-tickets/goa-to-solapur,10,IntrCity SmartBus,AC Sleeper (2+1),16:30,11h 30m,04:00,4.8,1049.0,6,11.5
3188,3194,Goa to Solapur,https://www.redbus.in/bus-tickets/goa-to-solapur,10,IntrCity SmartBus,AC Sleeper (2+1),17:30,11h 15m,04:45,3.5,1049.0,8,11.2
3189,3195,Goa to Solapur,https://www.redbus.in/bus-tickets/goa-to-solapur,10,IntrCity SmartBus,AC Sleeper (2+1),15:30,11h 30m,03:00,4.3,1120.0,4,11.5
3190,3196,Goa to Solapur,https://www.redbus.in/bus-tickets/goa-to-solapur,10,S R Travels,A/C Seater/Sleeper (2+1),20:30,11h 00m,07:30,2.3,600.0,22,11.0
3191,3197,Balurghat to Siliguri,https://www.redbus.in/bus-tickets/balurghat-to-siliguri,1,Mohanta Travels,A/C Seater / Sleeper (2+2),21:00,08h 00m,05:00,3.4,380.0,1,8.0
3192,3198,Balurghat to Siliguri,https://www.redbus.in/bus-tickets/balurghat-to-siliguri,1,Padmanabha Travels,A/C Seater / Sleeper (2+2),20:45,08h 20m,05:05,3.2,328.0,19,8.3
3193,3199,Balurghat to Siliguri,https://www.redbus.in/bus-tickets/balurghat-to-siliguri,1,Sankar Travels,A/C Seater / Sleeper (2+1),20:10,08h 20m,04:30,3.7,450.0,14,8.3
3194,3200,Balurghat to Siliguri,https://www.redbus.in/bus-tickets/balurghat-to-siliguri,1,Shree Krishna Travels,NON A/C Seater / Sleeper (2+2),19:45,09h 15m,05:00,3.7,250.0,17,9.2
3195,3201,Delhi Airport to Ludhiana,https://www.redbus.in/bus-tickets/delhi-airport-to-ludhiana,17,PEPSU (Punjab) - 67121,Volvo AC Seater (2+2),21:00,07h 50m,04:50,3.0,969.0,37,7.8
3196,3202,Delhi Airport to Ludhiana,https://www.redbus.in/bus-tickets/delhi-airport-to-ludhiana,17,PEPSU (Punjab) - 67064,Volvo AC Seater (2+2),23:58,08h 00m,07:58,4.1,969.0,35,8.0
3197,3203,Delhi Airport to Ludhiana,https://www.redbus.in/bus-tickets/delhi-airport-to-ludhiana,17,Zingbus Plus,Bharat Benz A/C Seater /Sleeper (2+1),20:00,09h 35m,05:35,4.3,965.0,30,9.6
3198,3204,Delhi Airport to Ludhiana,https://www.redbus.in/bus-tickets/delhi-airport-to-ludhiana,17,Zingbus Plus,Bharat Benz A/C Seater /Sleeper (2+1),18:30,08h 25m,02:55,4.3,1041.0,28,8.4
3199,3205,Delhi Airport to Ludhiana,https://www.redbus.in/bus-tickets/delhi-airport-to-ludhiana,17,Zingbus Plus,Scania A/C Semi Sleeper (2+2),20:00,10h 00m,06:00,4.3,850.0,18,10.0
3200,3206,Delhi Airport to Ludhiana,https://www.redbus.in/bus-tickets/delhi-airport-to-ludhiana,17,Indo Canadian Transport Pvt. Ltd.,A/C Semi Sleeper (2+2),16:00,10h 15m,02:15,4.4,3300.0,49,10.2
3201,3207,Delhi Airport to Ludhiana,https://www.redbus.in/bus-tickets/delhi-airport-to-ludhiana,17,Indo Canadian Transport Pvt. Ltd.,A/C Semi Sleeper (2+2),16:30,10h 15m,02:45,4.4,3300.0,51,10.2
3202,3208,Chandigarh to Dharamshala (Himachal Pradesh),https://www.redbus.in/bus-tickets/chandigarh-to-dharamshala,13,HRTC - 573,Ordinary 3+2 Non AC Seater,19:40,06h 20m,02:00,3.9,434.0,37,6.3
3203,3209,Chandigarh to Dharamshala (Himachal Pradesh),https://www.redbus.in/bus-tickets/chandigarh-to-dharamshala,13,HRTC - 91,Himsuta AC Seater Volvo/Scania 2+2,22:10,06h 30m,04:40,2.7,724.0,29,6.5
3204,3210,Chandigarh to Dharamshala (Himachal Pradesh),https://www.redbus.in/bus-tickets/chandigarh-to-dharamshala,13,Laxmi holidays,Volvo 9600 A/C Semi Sleeper (2+2),23:55,06h 05m,06:00,4.7,599.0,14,6.1
3205,3211,Chandigarh to Dharamshala (Himachal Pradesh),https://www.redbus.in/bus-tickets/chandigarh-to-dharamshala,13,Laxmi holidays,Volvo 9600 A/C Semi Sleeper (2+2),23:55,06h 04m,05:59,4.5,599.0,15,6.1
3206,3212,Chandigarh to Dharamshala (Himachal Pradesh),https://www.redbus.in/bus-tickets/chandigarh-to-dharamshala,13,Asian's Shina Tour & Travels (Swoyambhu Manjushree Yatayat P. LTD),NON A/C Semi Sleeper (2+2),23:55,06h 36m,06:31,2.4,999.0,29,6.6
3207,3213,Chandigarh to Dharamshala (Himachal Pradesh),https://www.redbus.in/bus-tickets/chandigarh-to-dharamshala,13,Asian's Shina Tour & Travels (Swoyambhu Manjushree Yatayat P. LTD),NON A/C Semi Sleeper (2+2),23:55,06h 50m,06:45,2.4,999.0,29,6.8
3208,3214,Visakhapatnam to Vijayawada,https://www.redbus.in/bus-tickets/visakhapatnam-to-vijayawada,7,APSRTC - 3365,Super Luxury (Non AC Seater 2+2 Push Back),16:15,10h 10m,02:25,3.7,605.0,16,10.2
3209,3215,Visakhapatnam to Vijayawada,https://www.redbus.in/bus-tickets/visakhapatnam-to-vijayawada,7,APSRTC - 9459,Super Luxury (Non AC Seater 2+2 Push Back),16:30,08h 45m,01:15,3.7,605.0,1,8.8
3210,3216,Visakhapatnam to Vijayawada,https://www.redbus.in/bus-tickets/visakhapatnam-to-vijayawada,7,APSRTC - 5205,Super Luxury (Non AC Seater 2+2 Push Back),16:30,10h 00m,02:30,3.7,605.0,33,10.0
3211,3217,Visakhapatnam to Vijayawada,https://www.redbus.in/bus-tickets/visakhapatnam-to-vijayawada,7,APSRTC - 4376,Super Luxury (Non AC Seater 2+2 Push Back),17:00,09h 10m,02:10,1.2,605.0,33,9.2
3212,3218,Visakhapatnam to Vijayawada,https://www.redbus.in/bus-tickets/visakhapatnam-to-vijayawada,7,APSRTC - 3357,Super Luxury (Non AC Seater 2+2 Push Back),17:30,09h 55m,03:25,3.7,605.0,17,9.9
3213,3219,Visakhapatnam to Vijayawada,https://www.redbus.in/bus-tickets/visakhapatnam-to-vijayawada,7,APSRTC - 4378,Super Luxury (Non AC Seater 2+2 Push Back),18:00,08h 54m,02:54,3.7,605.0,33,8.9
3214,3220,Visakhapatnam to Vijayawada,https://www.redbus.in/bus-tickets/visakhapatnam-to-vijayawada,7,APSRTC - 9367,Super Luxury (Non AC Seater 2+2 Push Back),18:15,07h 19m,01:34,3.7,605.0,34,7.3
3215,3221,Visakhapatnam to Vijayawada,https://www.redbus.in/bus-tickets/visakhapatnam-to-vijayawada,7,APSRTC - 4596,Super Luxury (Non AC Seater 2+2 Push Back),18:20,09h 30m,03:50,3.7,605.0,22,9.5
3216,3222,Visakhapatnam to Vijayawada,https://www.redbus.in/bus-tickets/visakhapatnam-to-vijayawada,7,APSRTC - 3088,"SUPER LUXURY (NON-AC, 2 + 2 PUSH BACK)",18:30,10h 00m,04:30,4.3,605.0,28,10.0
3217,3223,Visakhapatnam to Vijayawada,https://www.redbus.in/bus-tickets/visakhapatnam-to-vijayawada,7,APSRTC - 3773,Super Luxury (Non AC Seater 2+2 Push Back),18:30,07h 35m,02:05,3.5,605.0,23,7.6
3218,3224,Visakhapatnam to Vijayawada,https://www.redbus.in/bus-tickets/visakhapatnam-to-vijayawada,7,TSRTC - 2043,LAHARI A/C SLEEPER CUM SEATER,17:00,08h 00m,01:00,4.0,1200.0,5,8.0
3219,3225,Visakhapatnam to Vijayawada,https://www.redbus.in/bus-tickets/visakhapatnam-to-vijayawada,7,TSRTC - 9699,Lahari A/C sleeper,18:30,08h 00m,02:30,4.2,1740.0,6,8.0
3220,3226,Visakhapatnam to Vijayawada,https://www.redbus.in/bus-tickets/visakhapatnam-to-vijayawada,7,TSRTC - 9808,Lahari A/C sleeper,20:00,08h 00m,04:00,4.6,1190.0,6,8.0
3221,3227,Visakhapatnam to Vijayawada,https://www.redbus.in/bus-tickets/visakhapatnam-to-vijayawada,7,Yolo Bus,A/C Sleeper (2+1),21:31,07h 32m,05:03,4.6,1040.0,7,7.5
3222,3228,Visakhapatnam to Vijayawada,https://www.redbus.in/bus-tickets/visakhapatnam-to-vijayawada,7,IntrCity SmartBus,A/C Seater / Sleeper (2+1),21:00,08h 30m,05:30,4.4,902.0,6,8.5
3223,3229,Visakhapatnam to Vijayawada,https://www.redbus.in/bus-tickets/visakhapatnam-to-vijayawada,7,IntrCity SmartBus,AC Sleeper (2+1),22:00,08h 10m,06:10,4.4,1255.0,5,8.2
3224,3230,Visakhapatnam to Vijayawada,https://www.redbus.in/bus-tickets/visakhapatnam-to-vijayawada,7,Yolo Bus,Bharat Benz A/C Sleeper (2+1),22:01,07h 50m,05:51,4.3,1550.0,5,7.8
3225,3231,Visakhapatnam to Vijayawada,https://www.redbus.in/bus-tickets/visakhapatnam-to-vijayawada,7,Zingbus Plus,Bharat Benz A/C Sleeper (2+1),22:20,07h 35m,05:55,4.3,1035.0,4,7.6
3226,3232,Visakhapatnam to Vijayawada,https://www.redbus.in/bus-tickets/visakhapatnam-to-vijayawada,7,IntrCity SmartBus,AC Sleeper (2+1),22:30,08h 10m,06:40,4.7,1209.0,9,8.2
3227,3233,Visakhapatnam to Vijayawada,https://www.redbus.in/bus-tickets/visakhapatnam-to-vijayawada,7,NueGo,Electric A/C Seater/Sleeper (2+1),20:00,08h 15m,04:15,4.1,914.0,6,8.2
3228,3234,Visakhapatnam to Vijayawada,https://www.redbus.in/bus-tickets/visakhapatnam-to-vijayawada,7,NueGo,Electric A/C Seater/Sleeper (2+1),23:00,08h 15m,07:15,4.0,959.0,5,8.2
3229,3235,Visakhapatnam to Vijayawada,https://www.redbus.in/bus-tickets/visakhapatnam-to-vijayawada,7,Svkdt travels,A/C Sleeper (2+1),22:30,07h 45m,06:15,4.0,955.0,2,7.8
3230,3236,Visakhapatnam to Vijayawada,https://www.redbus.in/bus-tickets/visakhapatnam-to-vijayawada,7,Sai Sri Krishna Travels,A/C Seater / Sleeper (2+1),22:45,07h 45m,06:30,4.0,1050.0,18,7.8
3231,3237,Delhi Airport to Patiala,https://www.redbus.in/bus-tickets/delhi-airport-to-patiala,17,Indo Canadian Transport Pvt. Ltd.,A/C Semi Sleeper (2+2),17:00,09h 00m,02:00,4.4,2500.0,51,9.0
3232,3238,Delhi Airport to Patiala,https://www.redbus.in/bus-tickets/delhi-airport-to-patiala,17,Indo Canadian Transport Pvt. Ltd.,A/C Semi Sleeper (2+2),19:30,09h 00m,04:30,4.4,2500.0,51,9.0
3233,3239,Delhi Airport to Patiala,https://www.redbus.in/bus-tickets/delhi-airport-to-patiala,17,Indo Canadian Transport Pvt. Ltd.,A/C Sleeper (2+1),22:00,09h 00m,07:00,4.4,3000.0,42,9.0
3234,3240,Delhi Airport to Patiala,https://www.redbus.in/bus-tickets/delhi-airport-to-patiala,17,Indo Canadian Transport Pvt. Ltd.,A/C Sleeper (2+1),22:30,06h 00m,04:30,4.4,3000.0,42,6.0
3235,3241,Delhi Airport to Patiala,https://www.redbus.in/bus-tickets/delhi-airport-to-patiala,17,Indo Canadian Transport Pvt. Ltd.,A/C Semi Sleeper (2+2),23:30,06h 00m,05:30,4.4,2500.0,44,6.0
3236,3242,Durgapur (West Bengal) to Kolkata,https://www.redbus.in/bus-tickets/durgapur-to-kolkata,4,SBSTC-BANKURA - KARUNAMOYEE - 14:15 (BNK DEPOT) - 241,Non AC Seater (2+3),16:00,04h 00m,20:00,3.7,155.0,37,4.0
3237,3243,Durgapur (West Bengal) to Kolkata,https://www.redbus.in/bus-tickets/durgapur-to-kolkata,4,SBSTC-ASANSOL - KOLKATA - 15:05 (HWH DEPOT) - 210,Non AC Seater (2+3),16:15,03h 30m,19:45,3.1,150.0,41,3.5
3238,3244,Durgapur (West Bengal) to Kolkata,https://www.redbus.in/bus-tickets/durgapur-to-kolkata,4,SBSTC-ASANSOL - KARUNAMOYEE - 15:10 (BEL DEPOT) - 216,Non AC Seater (2+3),16:20,04h 00m,20:20,4.1,155.0,22,4.0
3239,3245,Durgapur (West Bengal) to Kolkata,https://www.redbus.in/bus-tickets/durgapur-to-kolkata,4,SBSTC-ASANSOL - KOLKATA - 15:35 (HOWRAH DEPOT) - 211,Non AC Seater (2+3),16:45,03h 30m,20:15,2.4,150.0,52,3.5
3240,3246,Durgapur (West Bengal) to Kolkata,https://www.redbus.in/bus-tickets/durgapur-to-kolkata,4,SBSTC-BANKURA - KARUNAMOYEE - A/C - 15:15 - 1500,AC Seater (2+2),17:00,04h 00m,21:00,2.5,300.0,15,4.0
3241,3247,Durgapur (West Bengal) to Kolkata,https://www.redbus.in/bus-tickets/durgapur-to-kolkata,4,SBSTC-ASANSOL - KARUNAMOYEE - 16:10 (BEL DEPOT) - 217,Non AC Seater (2+3),17:25,04h 00m,21:25,3.5,155.0,37,4.0
3242,3248,Durgapur (West Bengal) to Kolkata,https://www.redbus.in/bus-tickets/durgapur-to-kolkata,4,SBSTC-ASANSOL - KOLKATA - 16:30 (HOWRAH DEPOT) - 752,Non AC Seater (2+3),17:40,03h 30m,21:10,4.0,150.0,50,3.5
3243,3249,Durgapur (West Bengal) to Kolkata,https://www.redbus.in/bus-tickets/durgapur-to-kolkata,4,SBSTC-ASANSOL - KARUNAMOYEE - 16:40 (ASANSOL DEPOT) - 847,Non AC Seater (2+3),17:50,04h 10m,22:00,4.1,155.0,49,4.2
3244,3250,Durgapur (West Bengal) to Kolkata,https://www.redbus.in/bus-tickets/durgapur-to-kolkata,4,WBTC (CTC) KARUNAMOYEE - DURGAPUR - ASANSOL (AC Volvo) Banglashree Express - 135|17:10,Volvo AC Seater (2+2),17:10,03h 15m,20:25,3.9,350.0,29,3.2
3245,3251,Durgapur (West Bengal) to Kolkata,https://www.redbus.in/bus-tickets/durgapur-to-kolkata,4,Express Line,Volvo 9600 A/C Seater (2+2),15:10,03h 50m,19:00,4.5,486.0,14,3.8
3246,3252,Durgapur (West Bengal) to Kolkata,https://www.redbus.in/bus-tickets/durgapur-to-kolkata,4,Greenline (Karunamoyee),Scania Multi-Axle AC Semi Sleeper (2+2),15:30,04h 00m,19:30,4.2,486.0,3,4.0
3247,3253,Durgapur (West Bengal) to Kolkata,https://www.redbus.in/bus-tickets/durgapur-to-kolkata,4,Shyamoli Paribahan Pvt Ltd,Volvo A/C Seater (2+2),15:30,03h 50m,19:20,4.4,486.0,25,3.8
3248,3254,Durgapur (West Bengal) to Kolkata,https://www.redbus.in/bus-tickets/durgapur-to-kolkata,4,Greenline,Volvo A/C B11R Multi Axle Semi Sleeper (2+2),16:00,03h 50m,19:50,4.3,486.0,17,3.8
3249,3255,Durgapur (West Bengal) to Kolkata,https://www.redbus.in/bus-tickets/durgapur-to-kolkata,4,SHYAMOLI Pvt. Ltd.(Karunamoyee),Volvo A/C Seater (2+2),16:00,04h 00m,20:00,4.3,486.0,7,4.0
3250,3256,Durgapur (West Bengal) to Kolkata,https://www.redbus.in/bus-tickets/durgapur-to-kolkata,4,Express Line (Karunamoyee),Scania Multi-Axle AC Semi Sleeper (2+2),16:20,04h 05m,20:25,4.4,486.0,11,4.1
3251,3257,Durgapur (West Bengal) to Kolkata,https://www.redbus.in/bus-tickets/durgapur-to-kolkata,4,Shyamoli Paribahan Pvt Ltd,Volvo A/C Seater (2+2),16:30,04h 00m,20:30,3.9,486.0,20,4.0
3252,3258,Durgapur (West Bengal) to Kolkata,https://www.redbus.in/bus-tickets/durgapur-to-kolkata,4,SHYAMOLI Pvt. Ltd.(Karunamoyee),Volvo A/C Seater (2+2),16:45,04h 00m,20:45,4.2,486.0,33,4.0
3253,3259,Durgapur (West Bengal) to Kolkata,https://www.redbus.in/bus-tickets/durgapur-to-kolkata,4,Greenline,Volvo A/C Seater (2+2),17:10,03h 50m,21:00,4.1,486.0,28,3.8
3254,3260,Dibrugarh to North Lakhimpur,https://www.redbus.in/bus-tickets/dibrugarh-to-north-lakhimpur,3,BARBIE TRAVELS,NON A/C Hi-Tech Push Back (2+2),15:30,04h 00m,19:30,New,240.0,40,4.0
3255,3261,Dibrugarh to North Lakhimpur,https://www.redbus.in/bus-tickets/dibrugarh-to-north-lakhimpur,3,Maa Jagadamba,A/C Seater Push Back (2+2),16:15,03h 15m,19:30,2.6,260.0,40,3.2
3256,3262,Dibrugarh to North Lakhimpur,https://www.redbus.in/bus-tickets/dibrugarh-to-north-lakhimpur,3,Maa Jagadamba,NON A/C Seater (2+3),16:20,03h 10m,19:30,2.6,250.0,39,3.2
3257,3263,Dibrugarh to North Lakhimpur,https://www.redbus.in/bus-tickets/dibrugarh-to-north-lakhimpur,3,Air Bus Travels,NON AC Seater / Sleeper 2+1,19:40,05h 20m,01:00,2.4,400.0,32,5.3
3258,3264,Dibrugarh to North Lakhimpur,https://www.redbus.in/bus-tickets/dibrugarh-to-north-lakhimpur,3,Air Bus Travels,NON AC Seater / Sleeper 2+1,21:15,04h 45m,02:00,2.3,400.0,26,4.8
3259,3265,Tinsukia to Jorhat,https://www.redbus.in/bus-tickets/tinsukia-to-jorhat,3,NETWORK TRAVELS,Non A/C Seater / Sleeper (2+1),17:00,06h 00m,23:00,4.3,350.0,19,6.0
3260,3266,Tinsukia to Jorhat,https://www.redbus.in/bus-tickets/tinsukia-to-jorhat,3,NETWORK TRAVELS,NON A/C Seater Push Back (2+1),19:00,05h 30m,00:30,4.6,300.0,21,5.5
3261,3267,Tinsukia to Jorhat,https://www.redbus.in/bus-tickets/tinsukia-to-jorhat,3,Purple Wings Coaches,A/C Seater / Sleeper (2+1),18:30,05h 45m,00:15,3.7,567.0,29,5.8
3262,3268,Tinsukia to Jorhat,https://www.redbus.in/bus-tickets/tinsukia-to-jorhat,3,Maa Laxmi,NON A/C Seater Push Back (2+1),16:00,05h 30m,21:30,2.1,400.0,35,5.5
3263,3269,Berhampore (West Bengal) to Suri,https://www.redbus.in/bus-tickets/berhampore-to-suri,12,Joy Jishu Tranport (Tsa NBSTC),Non AC Seater (2+3),16:10,03h 20m,19:30,3.7,96.0,52,3.3
3264,3270,Kishangarh to Jodhpur,https://www.redbus.in/bus-tickets/kishangarh-to-jodhpur,18,RSRTC - 168081,Express Non AC Seater 2+3,16:40,05h 35m,22:15,2.9,258.0,42,5.6
3265,3271,Kishangarh to Jodhpur,https://www.redbus.in/bus-tickets/kishangarh-to-jodhpur,18,RSRTC - 163509,Express Non AC Seater 2+3,17:05,05h 25m,22:30,2.9,258.0,42,5.4
3266,3272,Kishangarh to Jodhpur,https://www.redbus.in/bus-tickets/kishangarh-to-jodhpur,18,RSRTC - 188525,Super Luxury Volvo AC Seater Pushback 2+2,18:00,04h 45m,22:45,2.8,524.0,35,4.8
3267,3273,Kishangarh to Jodhpur,https://www.redbus.in/bus-tickets/kishangarh-to-jodhpur,18,RSRTC - 169316,Express Non AC Seater 2+3,19:20,04h 55m,00:15,2.9,258.0,42,4.9
3268,3274,Kishangarh to Jodhpur,https://www.redbus.in/bus-tickets/kishangarh-to-jodhpur,18,RSRTC - 163512,Express Non AC Seater 2+3,20:05,05h 25m,01:30,2.9,258.0,42,5.4
3269,3275,Kishangarh to Jodhpur,https://www.redbus.in/bus-tickets/kishangarh-to-jodhpur,18,RSRTC - 190961,NON AC Seater / Sleeper 2+1,22:40,06h 00m,04:40,2.9,334.0,37,6.0
3270,3276,Kishangarh to Jodhpur,https://www.redbus.in/bus-tickets/kishangarh-to-jodhpur,18,RSRTC - 163517,Express Non AC Seater 2+3,23:00,06h 00m,05:00,2.9,250.0,42,6.0
3271,3277,Kishangarh to Jodhpur,https://www.redbus.in/bus-tickets/kishangarh-to-jodhpur,18,RSRTC - 178948,Super Luxury Volvo AC Seater Pushback 2+2,23:59,04h 46m,04:45,2.9,524.0,37,4.8
3272,3278,Kishangarh to Jodhpur,https://www.redbus.in/bus-tickets/kishangarh-to-jodhpur,18,Jain travels regd,NON AC Seater / Sleeper 2+1,23:50,05h 10m,05:00,1.9,350.0,36,5.2
3273,3279,Kishangarh to Jodhpur,https://www.redbus.in/bus-tickets/kishangarh-to-jodhpur,18,Jakhar Travels And Cargo,A/C Seater / Sleeper (2+1),23:00,04h 40m,03:40,3.5,450.0,27,4.7
3274,3280,Kishangarh to Jodhpur,https://www.redbus.in/bus-tickets/kishangarh-to-jodhpur,18,Deepak Travells,NON A/C Seater/ Sleeper (2+1),21:40,04h 35m,02:15,3.3,500.0,37,4.6
3275,3281,Kishangarh to Jodhpur,https://www.redbus.in/bus-tickets/kishangarh-to-jodhpur,18,Shri Ganesh Travels,A/C Seater / Sleeper (2+1),21:00,04h 30m,01:30,3.0,600.0,3,4.5
3276,3282,Kishangarh to Jodhpur,https://www.redbus.in/bus-tickets/kishangarh-to-jodhpur,18,Shri Ganesh Travels,A/C Seater / Sleeper (2+1),22:00,04h 30m,02:30,3.0,450.0,15,4.5
3277,3283,Kishangarh to Jodhpur,https://www.redbus.in/bus-tickets/kishangarh-to-jodhpur,18,Kalpana Travels Pvt. Ltd.,A/C Seater / Sleeper (2+1),22:30,04h 30m,03:00,2.8,600.0,46,4.5
3278,3284,Kishangarh to Jodhpur,https://www.redbus.in/bus-tickets/kishangarh-to-jodhpur,18,Pooja Travels,A/C Seater / Sleeper (2+1),19:15,06h 00m,01:15,2.7,450.0,40,6.0
3279,3285,Kishangarh to Jodhpur,https://www.redbus.in/bus-tickets/kishangarh-to-jodhpur,18,Jain Shiv Shankar Travels,A/C Seater/Sleeper (2+1),16:00,04h 45m,20:45,2.4,600.0,33,4.8
3280,3286,Kishangarh to Jodhpur,https://www.redbus.in/bus-tickets/kishangarh-to-jodhpur,18,Jakhar Travels,A/C Seater / Sleeper (2+1),23:00,05h 00m,04:00,3.7,429.0,32,5.0
3281,3287,Kishangarh to Jodhpur,https://www.redbus.in/bus-tickets/kishangarh-to-jodhpur,18,Jakhar Travels And Cargo,Non A/C Seater / Sleeper (2+1),20:00,06h 30m,02:30,3.5,700.0,30,6.5
3282,3288,Hyderabad to Kothagudem,https://www.redbus.in/bus-tickets/hyderabad-to-kothagudem,9,TSRTC - 8796,LAHARI A/C SLEEPER CUM SEATER,15:40,05h 50m,21:30,3.8,548.0,37,5.8
3283,3289,Hyderabad to Kothagudem,https://www.redbus.in/bus-tickets/hyderabad-to-kothagudem,9,TSRTC - 1320,Lahari A/C sleeper,15:55,06h 45m,22:40,2.6,548.0,32,6.8
3284,3290,Hyderabad to Kothagudem,https://www.redbus.in/bus-tickets/hyderabad-to-kothagudem,9,TSRTC - 34336,"SUPER LUXURY (NON-AC, 2 + 2 PUSH BACK)",16:00,06h 30m,22:30,3.8,451.0,33,6.5
3285,3291,Hyderabad to Kothagudem,https://www.redbus.in/bus-tickets/hyderabad-to-kothagudem,9,TSRTC - 8760,"SUPER LUXURY (NON-AC, 2 + 2 PUSH BACK)",17:00,06h 30m,23:30,4.5,451.0,29,6.5
3286,3292,Hyderabad to Kothagudem,https://www.redbus.in/bus-tickets/hyderabad-to-kothagudem,9,TSRTC - 8869,"SUPER LUXURY (NON-AC, 2 + 2 PUSH BACK)",17:40,06h 00m,23:40,3.8,451.0,1,6.0
3287,3293,Hyderabad to Kothagudem,https://www.redbus.in/bus-tickets/hyderabad-to-kothagudem,9,TSRTC - 8715,"SUPER LUXURY (NON-AC, 2 + 2 PUSH BACK)",18:20,06h 30m,00:50,4.1,451.0,31,6.5
3288,3294,Hyderabad to Kothagudem,https://www.redbus.in/bus-tickets/hyderabad-to-kothagudem,9,TSRTC - 7645,"SUPER LUXURY (NON-AC, 2 + 2 PUSH BACK)",19:30,08h 10m,03:40,3.9,451.0,31,8.2
3289,3295,Hyderabad to Kothagudem,https://www.redbus.in/bus-tickets/hyderabad-to-kothagudem,9,TSRTC - 34342,RAJDHANI (A.C. Semi Sleeper),19:40,06h 00m,01:40,3.9,548.0,33,6.0
3290,3296,Hyderabad to Kothagudem,https://www.redbus.in/bus-tickets/hyderabad-to-kothagudem,9,TSRTC - 8719,"SUPER LUXURY (NON-AC, 2 + 2 PUSH BACK)",20:00,08h 00m,04:00,4.8,451.0,10,8.0
3291,3297,Hyderabad to Kothagudem,https://www.redbus.in/bus-tickets/hyderabad-to-kothagudem,9,TSRTC - 4160,RAJDHANI (A.C. Semi Sleeper),20:00,07h 20m,03:20,4.3,548.0,31,7.3
3292,3298,Hyderabad to Kothagudem,https://www.redbus.in/bus-tickets/hyderabad-to-kothagudem,9,BSR Tours And Travels,A/C Sleeper (2+1),22:00,06h 30m,04:30,4.8,800.0,12,6.5
3293,3299,Hyderabad to Kothagudem,https://www.redbus.in/bus-tickets/hyderabad-to-kothagudem,9,BSR Tours And Travels,A/C Sleeper (2+1),22:00,06h 30m,04:30,4.5,800.0,13,6.5
3294,3300,Hyderabad to Kothagudem,https://www.redbus.in/bus-tickets/hyderabad-to-kothagudem,9,SAIRAJ TRAVELS,NON A/C Seater (2+2),22:15,06h 45m,05:00,4.0,500.0,26,6.8
3295,3301,Hyderabad to Kothagudem,https://www.redbus.in/bus-tickets/hyderabad-to-kothagudem,9,SAIRAJ TRAVELS,A/C Seater / Sleeper (2+1),22:15,06h 45m,05:00,4.4,670.0,24,6.8
3296,3302,Hyderabad to Kothagudem,https://www.redbus.in/bus-tickets/hyderabad-to-kothagudem,9,Bharathi Tours & Travels,Non A/C Seater / Sleeper (2+1),22:35,06h 55m,05:30,4.3,500.0,18,6.9
3297,3303,Hyderabad to Kothagudem,https://www.redbus.in/bus-tickets/hyderabad-to-kothagudem,9,Bharathi Tours & Travels,Non A/C Seater / Sleeper (2+1),21:20,08h 35m,05:55,4.5,500.0,23,8.6
3298,3304,Hyderabad to Kothagudem,https://www.redbus.in/bus-tickets/hyderabad-to-kothagudem,9,Morning Star Travels,A/C Sleeper (2+1),22:50,05h 40m,04:30,3.9,700.0,15,5.7
3299,3305,Hyderabad to Kothagudem,https://www.redbus.in/bus-tickets/hyderabad-to-kothagudem,9,Bharathi Tours & Travels,A/C Sleeper (2+1),21:20,07h 30m,04:50,4.7,650.0,22,7.5
3300,3306,Hyderabad to Kothagudem,https://www.redbus.in/bus-tickets/hyderabad-to-kothagudem,9,Orange Tours And Travels,NON A/C Seater/ Sleeper (2+1),23:30,05h 45m,05:15,2.9,600.0,10,5.8
3301,3307,Hyderabad to Kothagudem,https://www.redbus.in/bus-tickets/hyderabad-to-kothagudem,9,Nani’s Sai Krishna Travels,Non A/C Seater / Sleeper (2+1),22:20,06h 40m,05:00,2.9,470.0,20,6.7
3302,3308,Hazaribagh to Patna (Bihar),https://www.redbus.in/bus-tickets/hazaribagh-to-patna,14,Bihar state road transport corporation (BSRTC) - 153614,AC Seater (2+2),23:15,06h 15m,05:30,3.7,377.0,22,6.2
3303,3309,Hazaribagh to Patna (Bihar),https://www.redbus.in/bus-tickets/hazaribagh-to-patna,14,Bharat paryatan (patliputra services),A/C Semi Sleeper (2+2),23:13,05h 37m,04:50,4.1,571.43,45,5.6
3304,3310,Hazaribagh to Patna (Bihar),https://www.redbus.in/bus-tickets/hazaribagh-to-patna,14,MAA SHANTI TRAVELS,A/C Seater/Sleeper (2+1),23:30,07h 05m,06:35,3.9,555.0,8,7.1
3305,3311,Hazaribagh to Patna (Bihar),https://www.redbus.in/bus-tickets/hazaribagh-to-patna,14,Rekha Luxury,A/C Seater / Sleeper (2+1),23:35,06h 25m,06:00,4.0,509.0,12,6.4
3306,3312,Hazaribagh to Patna (Bihar),https://www.redbus.in/bus-tickets/hazaribagh-to-patna,14,Rajdhani bus service,Non A/C Seater / Sleeper (2+1),23:45,05h 15m,05:00,3.8,550.0,27,5.2
3307,3313,Sikar to Bikaner,https://www.redbus.in/bus-tickets/sikar-to-bikaner,18,RSRTC - 193700,Express Non AC Seater 2+3,16:15,04h 30m,20:45,3.9,250.0,38,4.5
3308,3314,Sikar to Bikaner,https://www.redbus.in/bus-tickets/sikar-to-bikaner,18,RSRTC - 189225,Super Luxury Volvo AC Seater Pushback 2+2,19:10,03h 50m,23:00,3.3,421.0,36,3.8
3309,3315,Sikar to Bikaner,https://www.redbus.in/bus-tickets/sikar-to-bikaner,18,Milan Travels,Volvo 9600 Multi-Axle A/C Sleeper (2+1),16:20,03h 55m,20:15,4.6,660.0,20,3.9
3310,3316,Sikar to Bikaner,https://www.redbus.in/bus-tickets/sikar-to-bikaner,18,Milan Travels,A/C Seater / Sleeper (2+1),17:20,03h 25m,20:45,4.7,484.0,20,3.4
3311,3317,Sikar to Bikaner,https://www.redbus.in/bus-tickets/sikar-to-bikaner,18,Milan Travels,A/C Seater / Sleeper (2+1),19:01,03h 29m,22:30,4.0,484.0,34,3.5
3312,3318,Sikar to Bikaner,https://www.redbus.in/bus-tickets/sikar-to-bikaner,18,RATHORE TRAVELS AGENCY,A/C Semi Sleeper (2+2),19:20,03h 20m,22:40,4.3,450.0,26,3.3
3313,3319,Sikar to Bikaner,https://www.redbus.in/bus-tickets/sikar-to-bikaner,18,Milan Travels,Bharat Benz A/C Seater /Sleeper (2+1),20:10,03h 15m,23:25,4.5,484.0,22,3.2
3314,3320,Sikar to Bikaner,https://www.redbus.in/bus-tickets/sikar-to-bikaner,18,Shree karni Travels,A/C Seater / Sleeper (2+1),22:45,05h 10m,03:55,4.4,381.0,37,5.2
3315,3321,Sikar to Bikaner,https://www.redbus.in/bus-tickets/sikar-to-bikaner,18,Shree karni Travels,NON A/C Seater/ Sleeper (2+1),23:30,04h 10m,03:40,3.2,350.0,42,4.2
3316,3322,Sikar to Bikaner,https://www.redbus.in/bus-tickets/sikar-to-bikaner,18,Amar Travels,A/C Seater / Sleeper (2+1),23:30,04h 30m,04:00,3.3,429.0,42,4.5
3317,3323,Sikar to Bikaner,https://www.redbus.in/bus-tickets/sikar-to-bikaner,18,Amar Travels,A/C Seater / Sleeper (2+1),23:35,04h 30m,04:05,3.3,330.0,43,4.5
3318,3324,Sikar to Bikaner,https://www.redbus.in/bus-tickets/sikar-to-bikaner,18,New Deep Travels,Volvo Multi-Axle I-Shift A/C Semi Sleeper (2+2),16:00,03h 20m,19:20,2.8,666.67,17,3.3
3319,3325,Ludhiana to Chandigarh,https://www.redbus.in/bus-tickets/ludhiana-to-chandigarh,8,Chandigarh Transport Undertaking (CTU) - 165806,HVAC Seater (2+3),16:35,02h 45m,19:20,4.3,157.15,47,2.8
3320,3326,Ludhiana to Chandigarh,https://www.redbus.in/bus-tickets/ludhiana-to-chandigarh,8,Jujhar Travels,Volvo A/C Semi Sleeper (2+2),15:25,02h 00m,17:25,3.6,280.0,30,2.0
3321,3327,Ludhiana to Chandigarh,https://www.redbus.in/bus-tickets/ludhiana-to-chandigarh,8,Jujhar Travels,Mercedes Benz A/C (2+2),18:50,02h 00m,20:50,3.8,280.0,44,2.0
3322,3328,Ludhiana to Chandigarh,https://www.redbus.in/bus-tickets/ludhiana-to-chandigarh,8,Zingbus Plus,Bharat Benz A/C Seater /Sleeper (2+1),23:40,02h 10m,01:50,4.3,381.0,30,2.2
3323,3329,Ludhiana to Chandigarh,https://www.redbus.in/bus-tickets/ludhiana-to-chandigarh,8,SHRI KRISHNA TRAVELS (JAI SHREE GANESH YATRA CO.),VE A/C Seater / Sleeper (2+1),20:15,02h 15m,22:30,3.7,1599.0,1,2.2
3324,3330,Nellore to Bangalore,https://www.redbus.in/bus-tickets/nellore-to-bangalore,7,APSRTC - 5087,Super Luxury (Non AC Seater 2+2 Push Back),20:00,07h 15m,03:15,2.7,613.0,19,7.2
3325,3331,Nellore to Bangalore,https://www.redbus.in/bus-tickets/nellore-to-bangalore,7,APSRTC - 5089,Super Luxury (Non AC Seater 2+2 Push Back),20:30,06h 45m,03:15,3.7,613.0,33,6.8
3326,3332,Nellore to Bangalore,https://www.redbus.in/bus-tickets/nellore-to-bangalore,7,APSRTC - 4156,Super Luxury (Non AC Seater 2+2 Push Back),21:30,07h 30m,05:00,2.8,617.0,33,7.5
3327,3333,Nellore to Bangalore,https://www.redbus.in/bus-tickets/nellore-to-bangalore,7,APSRTC - 5095,Super Luxury (Non AC Seater 2+2 Push Back),21:30,06h 45m,04:15,4.0,613.0,24,6.8
3328,3334,Nellore to Bangalore,https://www.redbus.in/bus-tickets/nellore-to-bangalore,7,APSRTC - 5051,VENNELA (A.C. SLEEPER),21:30,06h 50m,04:20,3.5,1131.0,10,6.8
3329,3335,Nellore to Bangalore,https://www.redbus.in/bus-tickets/nellore-to-bangalore,7,Sri Vengamamba Bus Transport (SVBT),A/C Seater/Sleeper (2+1),22:30,07h 00m,05:30,4.9,690.0,7,7.0
3330,3336,Nellore to Bangalore,https://www.redbus.in/bus-tickets/nellore-to-bangalore,7,GreenLine Travels And Holidays,VE A/C Sleeper (2+1),21:40,08h 20m,06:00,4.7,900.0,2,8.3
3331,3337,Nellore to Bangalore,https://www.redbus.in/bus-tickets/nellore-to-bangalore,7,Intercity travels,Bharat Benz A/C Sleeper (2+1),22:30,07h 30m,06:00,4.7,899.0,4,7.5
3332,3338,Nellore to Bangalore,https://www.redbus.in/bus-tickets/nellore-to-bangalore,7,AdJabbar Travels,A/C Sleeper (2+1),22:30,07h 30m,06:00,4.0,600.0,8,7.5
3333,3339,Nellore to Bangalore,https://www.redbus.in/bus-tickets/nellore-to-bangalore,7,Sri Vengamamba Bus Transport (SVBT),Non A/C Seater / Sleeper (2+1),21:40,07h 50m,05:30,4.5,600.0,12,7.8
3334,3340,Delhi to Agra,https://www.redbus.in/bus-tickets/delhi-to-agra,2,UPSRTC - TAJ0058,Pink Express AC Seater 2+2,17:30,03h 35m,21:05,3.3,499.0,40,3.6
3335,3341,Delhi to Agra,https://www.redbus.in/bus-tickets/delhi-to-agra,2,UPSRTC - SKB0018,Ordinary Non AC Seater 2+3,18:00,05h 20m,23:20,3.3,295.0,52,5.3
3336,3342,Delhi to Agra,https://www.redbus.in/bus-tickets/delhi-to-agra,2,UPSRTC - TAJ0014,Janrath AC Seater 2+2,18:01,04h 14m,22:15,3.3,534.0,36,4.2
3337,3343,Delhi to Agra,https://www.redbus.in/bus-tickets/delhi-to-agra,2,UPSRTC - NDD0012,Ordinary Non AC Seater 2+3,20:00,03h 58m,23:58,3.3,345.0,52,4.0
3338,3344,Delhi to Agra,https://www.redbus.in/bus-tickets/delhi-to-agra,2,RSRTC - 159504,Express Non AC Seater 2+3,18:30,05h 50m,00:20,3.7,286.0,46,5.8
3339,3345,Delhi to Agra,https://www.redbus.in/bus-tickets/delhi-to-agra,2,RSRTC - 160836,Express Non AC Seater 2+3,19:30,09h 30m,05:00,3.7,286.0,46,9.5
3340,3346,Delhi to Agra,https://www.redbus.in/bus-tickets/delhi-to-agra,2,NueGo,Electric A/C Seater (2+2),17:00,04h 30m,21:30,4.2,343.0,1,4.5
3341,3347,Delhi to Agra,https://www.redbus.in/bus-tickets/delhi-to-agra,2,Hans Travels (I) Private Limited,A/C Sleeper (2+1),18:00,03h 45m,21:45,3.8,300.0,20,3.8
3342,3348,Delhi to Agra,https://www.redbus.in/bus-tickets/delhi-to-agra,2,NueGo,Electric A/C Seater (2+2),18:00,05h 15m,23:15,3.7,309.0,20,5.2
3343,3349,Delhi to Agra,https://www.redbus.in/bus-tickets/delhi-to-agra,2,FlixBus,A/C Sleeper (2+1),18:30,04h 20m,22:50,4.3,285.0,9,4.3
3344,3350,Delhi to Agra,https://www.redbus.in/bus-tickets/delhi-to-agra,2,NueGo,Electric A/C Seater (2+2),19:00,04h 30m,23:30,3.8,284.0,28,4.5
3345,3351,Agra to Delhi,https://www.redbus.in/bus-tickets/agra-to-delhi,2,UPSRTC - BRT0002,Ordinary Non AC Seater 2+3,19:00,05h 30m,00:30,3.3,394.0,52,5.5
3346,3352,Agra to Delhi,https://www.redbus.in/bus-tickets/agra-to-delhi,2,UPSRTC - RAT0035,Ordinary Non AC Seater 2+3,22:10,03h 35m,01:45,3.3,294.0,52,3.6
3347,3353,Agra to Delhi,https://www.redbus.in/bus-tickets/agra-to-delhi,2,UPSRTC - ETD0017,Ordinary Non AC Seater 2+3,23:55,04h 35m,04:30,3.3,295.0,52,4.6
3348,3354,Agra to Delhi,https://www.redbus.in/bus-tickets/agra-to-delhi,2,NueGo,Electric A/C Seater (2+2),15:10,04h 35m,19:45,3.6,284.0,6,4.6
3349,3355,Agra to Delhi,https://www.redbus.in/bus-tickets/agra-to-delhi,2,FlixBus,A/C Seater (2+2),15:35,04h 35m,20:10,4.8,230.0,31,4.6
3350,3356,Agra to Delhi,https://www.redbus.in/bus-tickets/agra-to-delhi,2,NueGo,Electric A/C Seater (2+2),16:00,04h 40m,20:40,4.1,284.0,4,4.7
3351,3357,Agra to Delhi,https://www.redbus.in/bus-tickets/agra-to-delhi,2,Falcon Tour And Travels,Volvo AC Seater (2+2),16:40,08h 20m,01:00,3.2,699.0,39,8.3
3352,3358,Agra to Delhi,https://www.redbus.in/bus-tickets/agra-to-delhi,2,NueGo,Electric A/C Seater (2+2),17:00,04h 35m,21:35,4.0,284.0,14,4.6
3353,3359,Agra to Delhi,https://www.redbus.in/bus-tickets/agra-to-delhi,2,FlixBus,A/C Seater (2+2),17:00,05h 15m,22:15,4.5,157.0,13,5.2
3354,3360,Agra to Delhi,https://www.redbus.in/bus-tickets/agra-to-delhi,2,Raj Kalpana Travels Pvt.ltd.,Bharat Benz A/C Seater /Sleeper (2+1),17:30,03h 30m,21:00,3.6,499.0,14,3.5
3355,3361,Agra to Delhi,https://www.redbus.in/bus-tickets/agra-to-delhi,2,NueGo,Electric A/C Seater (2+2),17:30,04h 40m,22:10,3.5,284.0,29,4.7
3356,3362,Agra to Delhi,https://www.redbus.in/bus-tickets/agra-to-delhi,2,PTC-SKYBUS,VE A/C Seater / Sleeper (2+1),17:40,03h 35m,21:15,3.8,500.0,23,3.6
3357,3363,Agra to Delhi,https://www.redbus.in/bus-tickets/agra-to-delhi,2,NueGo,Electric A/C Seater (2+2),18:00,04h 45m,22:45,3.9,277.0,38,4.8
3358,3364,Guwahati to Tezpur,https://www.redbus.in/bus-tickets/guwahati-to-tezpur,3,WARISPIYA TRAVELS,AC Seater (2+2),15:35,03h 40m,19:15,4.1,360.0,19,3.7
3359,3365,Guwahati to Tezpur,https://www.redbus.in/bus-tickets/guwahati-to-tezpur,3,WARISPIYA TRAVELS,Bharat Benz A/C Seater (2+2),16:15,03h 25m,19:40,4.1,360.0,28,3.4
3360,3366,Guwahati to Tezpur,https://www.redbus.in/bus-tickets/guwahati-to-tezpur,3,Kalpana Travels,AC Seater (2+2),16:50,03h 25m,20:15,5.0,342.0,44,3.4
3361,3367,Guwahati to Tezpur,https://www.redbus.in/bus-tickets/guwahati-to-tezpur,3,Yatra Travels,NON AC Seater/ Sleeper (2+1),18:00,05h 30m,23:30,3.3,400.0,15,5.5
3362,3368,Guwahati to Tezpur,https://www.redbus.in/bus-tickets/guwahati-to-tezpur,3,Yatra Travels,NON AC Seater/ Sleeper (2+1),20:00,04h 00m,00:00,3.4,400.0,16,4.0
3363,3369,Baijnath to Chandigarh,https://www.redbus.in/bus-tickets/baijnath-to-chandigarh,8,HRTC - 1158,Himsuta AC Seater Volvo/Scania 2+2,16:30,07h 35m,00:05,3.9,858.0,34,7.6
3364,3370,Baijnath to Chandigarh,https://www.redbus.in/bus-tickets/baijnath-to-chandigarh,8,HRTC - 1101,Ordinary 3+2 Non AC Seater,17:00,08h 05m,01:05,3.9,474.0,37,8.1
3365,3371,Baijnath to Chandigarh,https://www.redbus.in/bus-tickets/baijnath-to-chandigarh,8,HRTC - 1134,Himmani Deluxe 2+2 Non AC Seater,17:00,07h 40m,00:40,4.0,543.0,27,7.7
3366,3372,Baijnath to Chandigarh,https://www.redbus.in/bus-tickets/baijnath-to-chandigarh,8,HRTC - 622,Ordinary 3+2 Non AC Seater,17:20,09h 10m,02:30,3.9,526.0,35,9.2
3367,3373,Baijnath to Chandigarh,https://www.redbus.in/bus-tickets/baijnath-to-chandigarh,8,HRTC - 1103,A/C Executive (2+3),20:00,07h 00m,03:00,3.1,518.0,33,7.0
3368,3374,Baijnath to Chandigarh,https://www.redbus.in/bus-tickets/baijnath-to-chandigarh,8,HRTC - 1116,A/C Executive (2+3),20:50,07h 15m,04:05,4.5,548.0,31,7.2
3369,3375,Baijnath to Chandigarh,https://www.redbus.in/bus-tickets/baijnath-to-chandigarh,8,Chandigarh Transport Undertaking (CTU) - 165826,HVAC Seater (2+3),18:40,09h 00m,03:40,4.8,592.39,47,9.0
3370,3376,Baijnath to Chandigarh,https://www.redbus.in/bus-tickets/baijnath-to-chandigarh,8,Laxmi holidays,Volvo A/C Semi Sleeper (2+2),17:30,07h 45m,01:15,4.8,599.0,19,7.8
3371,3377,Baijnath to Chandigarh,https://www.redbus.in/bus-tickets/baijnath-to-chandigarh,8,Everest Holidays,Volvo A/C Semi Sleeper (2+2),17:30,07h 40m,01:10,3.5,521.0,35,7.7
3372,3378,Baijnath to Chandigarh,https://www.redbus.in/bus-tickets/baijnath-to-chandigarh,8,Laxmi holidays,Scania Multi-Axle AC Semi Sleeper (2+2),18:30,07h 20m,01:50,4.3,499.0,27,7.3
3373,3379,Baijnath to Chandigarh,https://www.redbus.in/bus-tickets/baijnath-to-chandigarh,8,Ram Dalal Holidays,Volvo A/C Semi Sleeper (2+2),18:30,06h 40m,01:10,4.7,630.0,14,6.7
3374,3380,Baijnath to Chandigarh,https://www.redbus.in/bus-tickets/baijnath-to-chandigarh,8,Ram Dalal Holidays,Volvo A/C Semi Sleeper (2+2),18:50,07h 15m,02:05,4.8,700.0,10,7.2
3375,3381,Baijnath to Chandigarh,https://www.redbus.in/bus-tickets/baijnath-to-chandigarh,8,City Land Travels,Volvo A/C Semi Sleeper (2+2),19:00,06h 30m,01:30,3.4,602.0,8,6.5
3376,3382,Baijnath to Chandigarh,https://www.redbus.in/bus-tickets/baijnath-to-chandigarh,8,New Himalaya Travels,Volvo A/C Semi Sleeper (2+2),19:00,06h 30m,01:30,4.7,600.0,9,6.5
3377,3383,Baijnath to Chandigarh,https://www.redbus.in/bus-tickets/baijnath-to-chandigarh,8,Laxmi holidays,Volvo A/C Semi Sleeper (2+2),20:00,07h 20m,03:20,3.9,549.0,28,7.3
3378,3384,Baijnath to Chandigarh,https://www.redbus.in/bus-tickets/baijnath-to-chandigarh,8,Bharmani Travels,Volvo A/C Semi Sleeper (2+2),20:30,06h 00m,02:30,4.0,739.0,14,6.0
3379,3385,Dehradun to Chandigarh,https://www.redbus.in/bus-tickets/dehradun-to-chandigarh,8,Laxmi holidays,Bharat Benz A/C Seater /Sleeper (2+1),16:00,06h 50m,22:50,4.5,640.0,20,6.8
3380,3386,Dehradun to Chandigarh,https://www.redbus.in/bus-tickets/dehradun-to-chandigarh,8,Zimindara Travels,AC Sleeper (2+1),16:00,06h 30m,22:30,4.1,649.0,27,6.5
3381,3387,Dehradun to Chandigarh,https://www.redbus.in/bus-tickets/dehradun-to-chandigarh,8,SHRI KRISHNA TRAVELS (JAI SHREE GANESH YATRA CO.),VE A/C Seater / Sleeper (2+1),17:00,06h 30m,23:30,4.0,940.0,6,6.5
3382,3388,Dehradun to Chandigarh,https://www.redbus.in/bus-tickets/dehradun-to-chandigarh,8,NueGo,Electric A/C Seater (2+2),18:00,04h 55m,22:55,4.2,382.0,21,4.9
3383,3389,Dehradun to Chandigarh,https://www.redbus.in/bus-tickets/dehradun-to-chandigarh,8,NueGo,Electric A/C Seater (2+2),18:00,04h 05m,22:05,4.8,382.0,22,4.1
3384,3390,Hamirpur (Himachal Pradesh) to Delhi,https://www.redbus.in/bus-tickets/hamirpur-himachal-pradesh-to-delhi,13,Ram Dalal Holidays,Volvo A/C Semi Sleeper (2+2),21:40,08h 20m,06:00,4.7,700.0,10,8.3
3385,3391,Hamirpur (Himachal Pradesh) to Delhi,https://www.redbus.in/bus-tickets/hamirpur-himachal-pradesh-to-delhi,13,Laxmi holidays,Volvo A/C Semi Sleeper (2+2),20:20,09h 10m,05:30,4.6,699.0,15,9.2
3386,3392,Hamirpur (Himachal Pradesh) to Delhi,https://www.redbus.in/bus-tickets/hamirpur-himachal-pradesh-to-delhi,13,Everest Holidays,Volvo A/C Semi Sleeper (2+2),20:25,09h 35m,06:00,3.5,521.0,35,9.6
3387,3393,Bangalore to Kalpetta (kerala),https://www.redbus.in/bus-tickets/bangalore-to-kalpetta,6,DLT BUS,A/C Sleeper (2+1),22:30,07h 00m,05:30,4.2,899.0,4,7.0
3388,3394,Bangalore to Kalpetta (kerala),https://www.redbus.in/bus-tickets/bangalore-to-kalpetta,6,Kyros Connect,Bharat Benz A/C Semi Sleeper (2+2),23:00,08h 20m,07:20,4.6,899.0,27,8.3
3389,3395,Bangalore to Kalpetta (kerala),https://www.redbus.in/bus-tickets/bangalore-to-kalpetta,6,MMK Travels,VE A/C Seater / Sleeper (2+1),22:30,07h 00m,05:30,4.4,700.0,19,7.0
3390,3396,Bangalore to Kalpetta (kerala),https://www.redbus.in/bus-tickets/bangalore-to-kalpetta,6,Suraj Holidays,VE A/C Sleeper (2+1),22:30,07h 45m,06:15,4.7,950.0,15,7.8
3391,3397,Bangalore to Kalpetta (kerala),https://www.redbus.in/bus-tickets/bangalore-to-kalpetta,6,DLT BUS,A/C Sleeper (2+1),22:30,06h 50m,05:20,4.4,899.0,4,6.8
3392,3398,Delhi to Farrukhabad (Uttar Pradesh),https://www.redbus.in/bus-tickets/delhi-to-farrukhabad-up,2,UPSRTC - HDD0254,Ordinary Non AC Seater 2+3,17:01,08h 09m,01:10,3.3,512.0,52,8.2
3393,3399,Delhi to Farrukhabad (Uttar Pradesh),https://www.redbus.in/bus-tickets/delhi-to-farrukhabad-up,2,UPSRTC - HDD0074,Ordinary Non AC Seater 2+3,17:05,04h 31m,21:36,3.3,512.0,52,4.5
3394,3400,Delhi to Farrukhabad (Uttar Pradesh),https://www.redbus.in/bus-tickets/delhi-to-farrukhabad-up,2,UPSRTC - HDD0255,Ordinary Non AC Seater 2+3,17:58,04h 22m,22:20,3.3,512.0,52,4.4
3395,3401,Delhi to Farrukhabad (Uttar Pradesh),https://www.redbus.in/bus-tickets/delhi-to-farrukhabad-up,2,UPSRTC - HDD0079,Ordinary Non AC Seater 2+3,18:05,05h 25m,23:30,3.3,512.0,52,5.4
3396,3402,Delhi to Farrukhabad (Uttar Pradesh),https://www.redbus.in/bus-tickets/delhi-to-farrukhabad-up,2,UPSRTC - HDD0171,Ordinary Non AC Seater 2+3,18:06,07h 44m,01:50,3.3,512.0,52,7.7
3397,3403,Delhi to Farrukhabad (Uttar Pradesh),https://www.redbus.in/bus-tickets/delhi-to-farrukhabad-up,2,UPSRTC - HDD0035,Ordinary Non AC Seater 2+3,18:32,08h 03m,02:35,3.3,512.0,52,8.1
3398,3404,Delhi to Farrukhabad (Uttar Pradesh),https://www.redbus.in/bus-tickets/delhi-to-farrukhabad-up,2,UPSRTC - HDD0111,Ordinary Non AC Seater 2+3,19:03,10h 02m,05:05,3.3,512.0,52,10.0
3399,3405,Delhi to Farrukhabad (Uttar Pradesh),https://www.redbus.in/bus-tickets/delhi-to-farrukhabad-up,2,UPSRTC - HDD0174,Ordinary Non AC Seater 2+3,19:06,07h 54m,03:00,3.3,512.0,52,7.9
3400,3406,Delhi to Farrukhabad (Uttar Pradesh),https://www.redbus.in/bus-tickets/delhi-to-farrukhabad-up,2,UPSRTC - HDD0131,Ordinary Non AC Seater 2+3,20:07,05h 08m,01:15,3.3,512.0,52,5.1
3401,3407,Delhi to Farrukhabad (Uttar Pradesh),https://www.redbus.in/bus-tickets/delhi-to-farrukhabad-up,2,UPSRTC - HDD0173,Ordinary Non AC Seater 2+3,20:16,06h 24m,02:40,3.3,482.0,52,6.4
3402,3408,Delhi to Farrukhabad (Uttar Pradesh),https://www.redbus.in/bus-tickets/delhi-to-farrukhabad-up,2,KVS Holidays,Non A/C Seater / Sleeper (2+1),21:30,09h 00m,06:30,1.1,655.0,31,9.0
3403,3409,Delhi to Farrukhabad (Uttar Pradesh),https://www.redbus.in/bus-tickets/delhi-to-farrukhabad-up,2,Chaturvedi Bus Service,A/C Seater / Sleeper (2+1),20:40,10h 50m,07:30,1.9,570.0,48,10.8
3404,3410,Delhi to Farrukhabad (Uttar Pradesh),https://www.redbus.in/bus-tickets/delhi-to-farrukhabad-up,2,Shree Krishna Shtabadi Travels,NON AC Seater / Sleeper 2+1,21:00,09h 00m,06:00,1.4,600.0,44,9.0
3405,3411,Delhi to Farrukhabad (Uttar Pradesh),https://www.redbus.in/bus-tickets/delhi-to-farrukhabad-up,2,Yuvraj Travels,NON AC Seater / Sleeper 2+1,22:00,08h 00m,06:00,New,550.0,40,8.0
3406,3412,Delhi to Farrukhabad (Uttar Pradesh),https://www.redbus.in/bus-tickets/delhi-to-farrukhabad-up,2,Yuvraj Travels,NON AC Seater / Sleeper 2+1,21:30,08h 30m,06:00,New,550.0,40,8.5
3407,3413,Delhi to Farrukhabad (Uttar Pradesh),https://www.redbus.in/bus-tickets/delhi-to-farrukhabad-up,2,Abhay Travels (I.R.T.C),Non A/C Seater / Sleeper (2+1),20:30,09h 30m,06:00,New,1300.0,55,9.5
3408,3414,Delhi to Farrukhabad (Uttar Pradesh),https://www.redbus.in/bus-tickets/delhi-to-farrukhabad-up,2,Chaturvedi Bus Service,NON A/C Seater/ Sleeper (2+1),22:00,09h 10m,07:10,2.0,670.0,51,9.2
3409,3415,Delhi to Farrukhabad (Uttar Pradesh),https://www.redbus.in/bus-tickets/delhi-to-farrukhabad-up,2,Chaturvedi Bus Service,NON AC Seater / Sleeper 2+1,21:00,09h 10m,06:10,2.0,670.0,45,9.2
3410,3416,Delhi to Farrukhabad (Uttar Pradesh),https://www.redbus.in/bus-tickets/delhi-to-farrukhabad-up,2,Shree Krishna Shtabadi Travels,NON A/C Sleeper (2+1),21:00,09h 30m,06:30,1.4,1200.0,32,9.5
3411,3417,Delhi to Farrukhabad (Uttar Pradesh),https://www.redbus.in/bus-tickets/delhi-to-farrukhabad-up,2,Shivendra Travels,A/C Sleeper (2+1),21:00,09h 00m,06:00,,3500.0,1,9.0
3412,3418,Kolkata to Contai (Kanthi),https://www.redbus.in/bus-tickets/kolkata-to-contai-kanthi,12,SBSTC-GARIA - DIGHA - 22:30 (DIGHA DEPOT) - 3745,Non AC Seater (2+3),23:45,00h 15m,00:00,3.7,126.0,5,0.2
3413,3419,Kolkata to Contai (Kanthi),https://www.redbus.in/bus-tickets/kolkata-to-contai-kanthi,12,Snemita Parisheba,A/C Push Back (2+3),15:15,03h 45m,19:00,3.6,342.0,19,3.8
3414,3420,Kolkata to Contai (Kanthi),https://www.redbus.in/bus-tickets/kolkata-to-contai-kanthi,12,Santosh Bus Service,A/C Seater Push Back (2+3),15:55,04h 20m,20:15,4.7,305.0,34,4.3
3415,3421,Kolkata to Contai (Kanthi),https://www.redbus.in/bus-tickets/kolkata-to-contai-kanthi,12,Snemita Paribahan (Ruposhi),AC Seater (2+3),15:55,03h 55m,19:50,4.2,370.0,30,3.9
3416,3422,Kolkata to Contai (Kanthi),https://www.redbus.in/bus-tickets/kolkata-to-contai-kanthi,12,Santosh Bus Service,NON A/C Seater Pushback (2+3),16:10,04h 30m,20:40,3.4,190.0,40,4.5
3417,3423,Aligarh (uttar pradesh) to Jaipur (Rajasthan),https://www.redbus.in/bus-tickets/aligarh-uttar-pradesh-to-jaipur,18,UPSRTC - BDV0146,Ordinary Non AC Seater 2+3,17:29,08h 51m,02:20,3.3,361.0,52,8.8
3418,3424,Aligarh (uttar pradesh) to Jaipur (Rajasthan),https://www.redbus.in/bus-tickets/aligarh-uttar-pradesh-to-jaipur,18,UPSRTC - BDV0042,Ordinary Non AC Seater 2+3,17:30,07h 31m,01:01,3.3,361.0,52,7.5
3419,3425,Aligarh (uttar pradesh) to Jaipur (Rajasthan),https://www.redbus.in/bus-tickets/aligarh-uttar-pradesh-to-jaipur,18,UPSRTC - ALI0024,Ordinary Non AC Seater 2+3,21:00,08h 00m,05:00,3.5,361.0,52,8.0
3420,3426,Aligarh (uttar pradesh) to Jaipur (Rajasthan),https://www.redbus.in/bus-tickets/aligarh-uttar-pradesh-to-jaipur,18,RSRTC - 193798,NON AC Seater / Sleeper 2+1,21:30,06h 30m,04:00,3.7,463.0,20,6.5
3421,3427,Aligarh (uttar pradesh) to Jaipur (Rajasthan),https://www.redbus.in/bus-tickets/aligarh-uttar-pradesh-to-jaipur,18,RSRTC - 193595,NON AC Seater / Sleeper 2+1,22:01,06h 14m,04:15,2.7,463.0,8,6.2
3422,3428,Aligarh (uttar pradesh) to Jaipur (Rajasthan),https://www.redbus.in/bus-tickets/aligarh-uttar-pradesh-to-jaipur,18,SHAGUN CARGO & TRAVELS,NON A/C Seater/ Sleeper (2+1),23:55,05h 50m,05:45,2.4,555.0,32,5.8
3423,3429,Aligarh (uttar pradesh) to Jaipur (Rajasthan),https://www.redbus.in/bus-tickets/aligarh-uttar-pradesh-to-jaipur,18,SHAGUN CARGO & TRAVELS,A/C Sleeper (2+1),01:15,05h 20m,06:35,2.4,648.0,14,5.3
3424,3430,Jodhpur to Ajmer,https://www.redbus.in/bus-tickets/jodhpur-to-ajmer,18,RSRTC - 190572,Express Non AC Seater 2+3,16:15,04h 45m,21:00,4.2,229.0,41,4.8
3425,3431,Jodhpur to Ajmer,https://www.redbus.in/bus-tickets/jodhpur-to-ajmer,18,RSRTC - 175650,Super Luxury Volvo AC Seater Pushback 2+2,16:30,04h 00m,20:30,3.8,460.0,14,4.0
3426,3432,Jodhpur to Ajmer,https://www.redbus.in/bus-tickets/jodhpur-to-ajmer,18,RSRTC - 160785,Super Luxury Volvo AC Seater Pushback 2+2,17:30,04h 00m,21:30,4.3,460.0,27,4.0
3427,3433,Jodhpur to Ajmer,https://www.redbus.in/bus-tickets/jodhpur-to-ajmer,18,RSRTC - 190951,Express Non AC Seater 2+3,18:00,04h 30m,22:30,4.2,229.0,42,4.5
3428,3434,Jodhpur to Ajmer,https://www.redbus.in/bus-tickets/jodhpur-to-ajmer,18,RSRTC - 193481,Express Non AC Seater 2+3,18:30,04h 30m,23:00,4.2,229.0,42,4.5
3429,3435,Jodhpur to Ajmer,https://www.redbus.in/bus-tickets/jodhpur-to-ajmer,18,RSRTC - 187140,NON AC Seater / Sleeper 2+1,19:30,04h 00m,23:30,4.5,302.0,18,4.0
3430,3436,Jodhpur to Ajmer,https://www.redbus.in/bus-tickets/jodhpur-to-ajmer,18,RSRTC - 176394,Super Luxury Volvo AC Seater Pushback 2+2,20:00,03h 45m,23:45,4.4,460.0,25,3.8
3431,3437,Jodhpur to Ajmer,https://www.redbus.in/bus-tickets/jodhpur-to-ajmer,18,RSRTC - 192299,Super Luxury Volvo AC Seater Pushback 2+2,23:00,03h 45m,02:45,2.8,458.0,1,3.8
3432,3438,Jodhpur to Ajmer,https://www.redbus.in/bus-tickets/jodhpur-to-ajmer,18,Jain travels regd,NON AC Seater / Sleeper 2+1,15:30,05h 00m,20:30,3.1,350.0,22,5.0
3433,3439,Jodhpur to Ajmer,https://www.redbus.in/bus-tickets/jodhpur-to-ajmer,18,Jain travels regd,NON AC Seater/ Sleeper (2+1),17:00,05h 55m,22:55,3.1,650.0,21,5.9
3434,3440,Jodhpur to Ajmer,https://www.redbus.in/bus-tickets/jodhpur-to-ajmer,18,B R Travels,AC Sleeper (2+1),18:30,04h 30m,23:00,4.0,650.0,25,4.5
3435,3441,Jodhpur to Ajmer,https://www.redbus.in/bus-tickets/jodhpur-to-ajmer,18,FlixBus,A/C Sleeper (2+1),19:00,04h 50m,23:50,5.0,157.0,15,4.8
3436,3442,Jodhpur to Ajmer,https://www.redbus.in/bus-tickets/jodhpur-to-ajmer,18,Jain travels regd,NON AC Seater / Sleeper 2+1,19:00,04h 50m,23:50,3.1,650.0,25,4.8
3437,3443,Jodhpur to Ajmer,https://www.redbus.in/bus-tickets/jodhpur-to-ajmer,18,Jain travels regd,NON AC Seater/ Sleeper (2+1),19:00,04h 36m,23:36,3.1,330.0,36,4.6
3438,3444,Jodhpur to Ajmer,https://www.redbus.in/bus-tickets/jodhpur-to-ajmer,18,Tiger Travels,NON A/C Sleeper (2+1),20:00,05h 30m,01:30,4.5,700.0,31,5.5
3439,3445,Jodhpur to Ajmer,https://www.redbus.in/bus-tickets/jodhpur-to-ajmer,18,Chanakya Travels Agency,A/C Seater / Sleeper (2+1),20:00,05h 15m,01:15,3.8,600.0,40,5.2
3440,3446,Jodhpur to Ajmer,https://www.redbus.in/bus-tickets/jodhpur-to-ajmer,18,Jain travels regd,AC Sleeper (2+1),20:00,04h 30m,00:30,3.1,580.0,34,4.5
3441,3447,Jodhpur to Ajmer,https://www.redbus.in/bus-tickets/jodhpur-to-ajmer,18,Chanakya Travels Agency,A/C Seater / Sleeper (2+1),20:00,04h 45m,00:45,3.8,500.0,23,4.8
3442,3448,Chandigarh to Reckong Peo (Himachal Pradesh),https://www.redbus.in/bus-tickets/chandigarh-to-reckong-peo-himachal-pradesh,13,HRTC - 1509,Ordinary 3+2 Non AC Seater,18:00,12h 20m,06:20,2.8,768.0,15,12.3
3443,3449,Chandigarh to Reckong Peo (Himachal Pradesh),https://www.redbus.in/bus-tickets/chandigarh-to-reckong-peo-himachal-pradesh,13,HRTC - 1512,Ordinary 3+2 Non AC Seater,19:00,14h 00m,09:00,2.7,766.0,37,14.0
3444,3450,Kadapa to Bangalore,https://www.redbus.in/bus-tickets/kadapa-to-bangalore,7,APSRTC - 50144,"SUPER LUXURY (NON-AC, 2 + 2 PUSH BACK)",16:30,06h 30m,23:00,2.8,439.0,37,6.5
3445,3451,Kadapa to Bangalore,https://www.redbus.in/bus-tickets/kadapa-to-bangalore,7,APSRTC - 6018,Super Luxury (Non AC Seater 2+2 Push Back),17:15,07h 00m,00:15,3.6,439.0,31,7.0
3446,3452,Kadapa to Bangalore,https://www.redbus.in/bus-tickets/kadapa-to-bangalore,7,APSRTC - 6010,Super Luxury (Non AC Seater 2+2 Push Back),20:00,06h 30m,02:30,3.3,439.0,30,6.5
3447,3453,Kadapa to Bangalore,https://www.redbus.in/bus-tickets/kadapa-to-bangalore,7,APSRTC - 6240,"ULTRA DELUXE (NON-AC, 2+2 PUSH BACK)",21:00,07h 00m,04:00,3.8,412.0,31,7.0
3448,3454,Kadapa to Bangalore,https://www.redbus.in/bus-tickets/kadapa-to-bangalore,7,APSRTC - 6205,Super Luxury (Non AC Seater 2+2 Push Back),21:30,06h 00m,03:30,3.6,439.0,26,6.0
3449,3455,Kadapa to Bangalore,https://www.redbus.in/bus-tickets/kadapa-to-bangalore,7,Abhishek Bus,Scania Multi-Axle AC Semi Sleeper (2+2),22:05,08h 15m,06:20,4.2,399.0,32,8.2
3450,3456,Kadapa to Bangalore,https://www.redbus.in/bus-tickets/kadapa-to-bangalore,7,Sri Vinayaka Travels,NON A/C Sleeper (2+1),22:30,06h 15m,04:45,4.3,799.0,9,6.2
3451,3457,Kadapa to Bangalore,https://www.redbus.in/bus-tickets/kadapa-to-bangalore,7,Sri Vinayaka Travels,NON A/C Seater/ Sleeper (2+1),22:30,06h 30m,05:00,4.1,499.0,32,6.5
3452,3458,Kadapa to Bangalore,https://www.redbus.in/bus-tickets/kadapa-to-bangalore,7,AdAR & BCVR Travels,A/C Sleeper (2+1),23:15,06h 15m,05:30,4.2,900.0,4,6.2
3453,3459,Kadapa to Bangalore,https://www.redbus.in/bus-tickets/kadapa-to-bangalore,7,S R Travels,Non A/C Seater / Sleeper (2+1),22:40,06h 35m,05:15,3.6,650.0,2,6.6
3454,3460,Digha to Barasat (West Bengal),https://www.redbus.in/bus-tickets/digha-to-barasat-west-bengal,4,WBTC (CTC) MADHYAMGRAM - DIGHA via Belghoria - 130|16:00,Non AC Seater (2+3),16:00,05h 05m,21:05,2.5,161.0,47,5.1
3455,3461,Digha to Barasat (West Bengal),https://www.redbus.in/bus-tickets/digha-to-barasat-west-bengal,4,WBTC (CTC) BARASAT-DIGHA via Bally - 38|16:45,Non AC Seater (2+3),16:45,04h 25m,21:10,2.5,161.0,44,4.4
3456,3462,Digha to Barasat (West Bengal),https://www.redbus.in/bus-tickets/digha-to-barasat-west-bengal,4,Satya Paribahan,A/C Seater (2+3),23:00,06h 10m,05:10,3.1,275.0,29,6.2
3457,3463,Digha to Barasat (West Bengal),https://www.redbus.in/bus-tickets/digha-to-barasat-west-bengal,4,Snemita Paribahan (Shinjini),AC Seater (2+3),23:35,05h 25m,05:00,3.2,420.0,8,5.4
3458,3464,Digha to Barasat (West Bengal),https://www.redbus.in/bus-tickets/digha-to-barasat-west-bengal,4,Arunita Paribahan,A/C Seater (2+3),23:35,05h 25m,05:00,4.2,370.0,21,5.4
3459,3465,Digha to Barasat (West Bengal),https://www.redbus.in/bus-tickets/digha-to-barasat-west-bengal,4,Aradhana Bus Service,Non AC Seater (2+3),16:50,06h 40m,23:30,1.9,333.0,53,6.7
3460,3466,Digha to Barasat (West Bengal),https://www.redbus.in/bus-tickets/digha-to-barasat-west-bengal,4,Aradhana Travels,A/C Seater / Sleeper (2+2),18:35,05h 20m,23:55,1.2,475.0,19,5.3
3461,3467,Digha to Barasat (West Bengal),https://www.redbus.in/bus-tickets/digha-to-barasat-west-bengal,4,The Joy Ride,A/C Seater / Sleeper (2+2),21:15,06h 20m,03:35,3.5,650.0,36,6.3
3462,3468,Digha to Barasat (West Bengal),https://www.redbus.in/bus-tickets/digha-to-barasat-west-bengal,4,Aradhana Bus Service,A/C Seater / Sleeper (2+2),23:00,05h 30m,04:30,1.9,570.0,49,5.5
3463,3469,Cooch Behar (West Bengal) to Omarpur (West Bengal),https://www.redbus.in/bus-tickets/cooch-behar-west-bengal-to-omarpur-west-bengal,1,NBSTC-COB-BHP-R1-19:00,Non AC Seater 2+2,19:00,11h 00m,06:00,3.7,405.0,21,11.0
3464,3470,Goa to Miraj,https://www.redbus.in/bus-tickets/goa-to-miraj,10,Kadamba Transport Corporation Limited (KTCL) - 60996,Non AC Seater 2+2,19:00,09h 30m,04:30,2.5,505.0,10,9.5
3465,3471,Goa to Miraj,https://www.redbus.in/bus-tickets/goa-to-miraj,10,Vaibhav Travels,A/C Sleeper (2+1),20:00,09h 42m,05:42,3.6,550.0,15,9.7
3466,3472,Goa to Miraj,https://www.redbus.in/bus-tickets/goa-to-miraj,10,SR Tours & Travels,A/C Sleeper (2+1),17:00,08h 20m,01:20,,540.0,18,8.3
3467,3473,Delhi to Dalhousie,https://www.redbus.in/bus-tickets/delhi-to-dalhousie,13,HRTC - 531,Ordinary 3+2 Non AC Seater,17:50,13h 20m,07:10,3.2,710.0,36,13.3
3468,3474,Delhi to Dalhousie,https://www.redbus.in/bus-tickets/delhi-to-dalhousie,13,HRTC - 84,Himsuta AC Seater Volvo/Scania 2+2,20:15,13h 15m,09:30,4.3,1437.0,17,13.2
3469,3475,Delhi to Dalhousie,https://www.redbus.in/bus-tickets/delhi-to-dalhousie,13,HRTC - 1422,Himsuta AC Seater Volvo/Scania 2+2,21:30,13h 35m,11:05,4.0,1437.0,34,13.6
3470,3476,Delhi to Dalhousie,https://www.redbus.in/bus-tickets/delhi-to-dalhousie,13,Zingbus Plus,Bharat Benz A/C Seater /Sleeper (2+1),20:30,12h 35m,09:05,2.4,1292.0,26,12.6
3471,3477,Delhi to Dalhousie,https://www.redbus.in/bus-tickets/delhi-to-dalhousie,13,Travel Point,A/C Seater / Sleeper (2+2),21:00,12h 51m,09:51,3.1,1387.0,48,12.8
3472,3478,Delhi to Dalhousie,https://www.redbus.in/bus-tickets/delhi-to-dalhousie,13,City Land Travels,A/C Seater/Sleeper (2+1),18:00,13h 00m,07:00,2.2,1159.0,30,13.0
3473,3479,Amritsar to Delhi,https://www.redbus.in/bus-tickets/amritsar-to-delhi,17,IntrCity SmartBus,Bharat Benz A/C Seater /Sleeper (2+1),21:30,09h 00m,06:30,4.6,333.0,24,9.0
3474,3480,Amritsar to Delhi,https://www.redbus.in/bus-tickets/amritsar-to-delhi,17,IntrCity SmartBus,Bharat Benz A/C Seater /Sleeper (2+1),23:00,08h 00m,07:00,4.6,318.0,18,8.0
3475,3481,Amritsar to Delhi,https://www.redbus.in/bus-tickets/amritsar-to-delhi,17,Laxmi holidays,Bharat Benz A/C Seater /Sleeper (2+1),21:00,09h 20m,06:20,4.5,465.0,27,9.3
3476,3482,Amritsar to Delhi,https://www.redbus.in/bus-tickets/amritsar-to-delhi,17,AdMuskan Tour And Travels private Limited,Volvo Multi-Axle I-Shift B11R Semi Sleeper (2+2),22:15,07h 40m,05:55,4.4,508.0,35,7.7
3477,3483,Amritsar to Delhi,https://www.redbus.in/bus-tickets/amritsar-to-delhi,17,Yolo Bus,VE A/C Seater / Sleeper (2+1),19:56,09h 04m,05:00,4.5,570.0,15,9.1
3478,3484,Chandigarh to Ludhiana,https://www.redbus.in/bus-tickets/chandigarh-to-ludhiana,8,Chandigarh Transport Undertaking (CTU) - 165807,HVAC Seater (2+3),16:59,02h 45m,19:44,4.5,157.15,44,2.8
3479,3485,Chandigarh to Ludhiana,https://www.redbus.in/bus-tickets/chandigarh-to-ludhiana,8,Jujhar Travels,Volvo A/C Semi Sleeper (2+2),15:25,02h 05m,17:30,4.7,280.0,37,2.1
3480,3486,Chandigarh to Ludhiana,https://www.redbus.in/bus-tickets/chandigarh-to-ludhiana,8,Jujhar Travels,Volvo A/C Semi Sleeper (2+2),15:50,02h 15m,18:05,4.4,280.0,39,2.2
3481,3487,Chandigarh to Ludhiana,https://www.redbus.in/bus-tickets/chandigarh-to-ludhiana,8,Jujhar Travels,Volvo A/C Semi Sleeper (2+2),16:20,02h 10m,18:30,4.1,280.0,38,2.2
3482,3488,Chandigarh to Ludhiana,https://www.redbus.in/bus-tickets/chandigarh-to-ludhiana,8,Jujhar Travels,Volvo A/C Semi Sleeper (2+2),17:10,01h 55m,19:05,4.1,280.0,40,1.9
3483,3489,Jaunpur to Lucknow,https://www.redbus.in/bus-tickets/jaunpur-to-lucknow,2,UPSRTC - GLA0138,Janrath AC Seater 2+2,17:01,06h 29m,23:30,3.3,562.0,36,6.5
3484,3490,Jaunpur to Lucknow,https://www.redbus.in/bus-tickets/jaunpur-to-lucknow,2,UPSRTC - CBG0077,Ordinary Non AC Seater 2+3,17:45,05h 15m,23:00,3.3,379.0,52,5.2
3485,3491,Jaunpur to Lucknow,https://www.redbus.in/bus-tickets/jaunpur-to-lucknow,2,UPSRTC - VND0057,Ordinary Non AC Seater 2+3,19:15,05h 45m,01:00,3.3,379.0,52,5.8
3486,3492,Jaunpur to Lucknow,https://www.redbus.in/bus-tickets/jaunpur-to-lucknow,2,UPSRTC - KSH0001,Janrath AC Seater 2+2,19:55,06h 20m,02:15,3.3,554.0,36,6.3
3487,3493,Jaunpur to Lucknow,https://www.redbus.in/bus-tickets/jaunpur-to-lucknow,2,UPSRTC - KSH0023,Ordinary Non AC Seater 2+3,20:07,06h 40m,02:47,3.3,379.0,52,6.7
3488,3494,Jaunpur to Lucknow,https://www.redbus.in/bus-tickets/jaunpur-to-lucknow,2,UPSRTC - CBG0138,Janrath AC Seater 2+2,21:00,06h 30m,03:30,3.3,554.0,36,6.5
3489,3495,Jaunpur to Lucknow,https://www.redbus.in/bus-tickets/jaunpur-to-lucknow,2,UPSRTC - CBG0045,Janrath AC Seater 2+2,21:32,05h 58m,03:30,3.3,554.0,36,6.0
3490,3496,Jaunpur to Lucknow,https://www.redbus.in/bus-tickets/jaunpur-to-lucknow,2,UPSRTC - CBG0047,Janrath AC Seater 2+2,22:32,05h 28m,04:00,2.4,554.0,36,5.5
3491,3497,Jaunpur to Lucknow,https://www.redbus.in/bus-tickets/jaunpur-to-lucknow,2,UPSRTC - ALM0157,Shatabdi AC Seater 2+2,22:52,05h 10m,04:02,3.3,562.0,41,5.2
3492,3498,Jaunpur to Lucknow,https://www.redbus.in/bus-tickets/jaunpur-to-lucknow,2,UPSRTC - ALM0150,Volvo AC Seater 2+2,23:31,04h 48m,04:19,4.3,800.0,39,4.8
3493,3499,Jaunpur to Lucknow,https://www.redbus.in/bus-tickets/jaunpur-to-lucknow,2,Yolo Bus,A/C Sleeper (2+1),23:49,06h 00m,05:49,4.2,499.0,18,6.0
3494,3500,Jaunpur to Lucknow,https://www.redbus.in/bus-tickets/jaunpur-to-lucknow,2,Raj Kalpana Travels Pvt.Ltd,A/C Seater/Sleeper (2+1),21:00,04h 45m,01:45,4.8,735.0,22,4.8
3495,3501,Jaunpur to Lucknow,https://www.redbus.in/bus-tickets/jaunpur-to-lucknow,2,Raj Kalpana Travels Pvt.Ltd,A/C Sleeper (2+1),19:00,04h 30m,23:30,4.8,976.0,9,4.5
3496,3502,Jaunpur to Lucknow,https://www.redbus.in/bus-tickets/jaunpur-to-lucknow,2,Khajuraho Travels,A/C Seater / Sleeper (2+1),19:20,04h 30m,23:50,3.7,661.0,24,4.5
3497,3503,Jaunpur to Lucknow,https://www.redbus.in/bus-tickets/jaunpur-to-lucknow,2,R S YADAV SMART BUS PRIVATE LIMITED,A/C Seater / Sleeper (2+2),18:35,06h 46m,01:21,4.3,664.0,31,6.8
3498,3504,Kakinada to Vijayawada,https://www.redbus.in/bus-tickets/kakinada-to-vijayawada,7,APSRTC - 2717,INDRA(A.C. Seater),17:00,06h 30m,23:30,3.6,451.0,4,6.5
3499,3505,Kakinada to Vijayawada,https://www.redbus.in/bus-tickets/kakinada-to-vijayawada,7,APSRTC - 2887,Super Luxury (Non AC Seater 2+2 Push Back),17:15,06h 40m,23:55,2.5,370.0,33,6.7
3500,3506,Kakinada to Vijayawada,https://www.redbus.in/bus-tickets/kakinada-to-vijayawada,7,APSRTC - 24421,"SUPER LUXURY (NON-AC, 2 + 2 PUSH BACK)",17:30,05h 50m,23:20,3.9,373.0,36,5.8
3501,3507,Kakinada to Vijayawada,https://www.redbus.in/bus-tickets/kakinada-to-vijayawada,7,APSRTC - 2673,Super Luxury (Non AC Seater 2+2 Push Back),18:00,06h 15m,00:15,3.9,373.0,33,6.2
3502,3508,Kakinada to Vijayawada,https://www.redbus.in/bus-tickets/kakinada-to-vijayawada,7,APSRTC - 2621,INDRA(A.C. Seater),18:15,06h 15m,00:30,3.6,447.0,7,6.2
3503,3509,Kakinada to Vijayawada,https://www.redbus.in/bus-tickets/kakinada-to-vijayawada,7,TSRTC - 2335,"SUPER LUXURY (NON-AC, 2 + 2 PUSH BACK)",21:00,05h 30m,02:30,2.7,373.0,22,5.5
3504,3510,Kakinada to Vijayawada,https://www.redbus.in/bus-tickets/kakinada-to-vijayawada,7,SAMANVI CITICONNECT,Non A/C Seater / Sleeper (2+1),19:25,05h 20m,00:45,4.0,589.0,11,5.3
3505,3511,Kakinada to Vijayawada,https://www.redbus.in/bus-tickets/kakinada-to-vijayawada,7,Siri Tours and Travels,Non A/C Seater / Sleeper (2+1),19:25,05h 35m,01:00,3.7,780.0,11,5.6
3506,3512,Kakinada to Vijayawada,https://www.redbus.in/bus-tickets/kakinada-to-vijayawada,7,Vikram Travels,A/C Seater / Sleeper (2+1),21:00,04h 30m,01:30,4.1,709.0,19,4.5
3507,3513,Kakinada to Vijayawada,https://www.redbus.in/bus-tickets/kakinada-to-vijayawada,7,Sri Krishna Travels,A/C Seater / Sleeper (2+1),19:00,05h 30m,00:30,2.1,650.0,15,5.5
3508,3514,Biswanath Charali to Guwahati,https://www.redbus.in/bus-tickets/biswanath-charali-to-guwahati,3,BLUE HILL TRAVELS INDIA LIMITED,NON A/C Seater Semi Sleeper (2+1),21:30,06h 15m,03:45,4.1,550.0,26,6.2
3509,3515,Biswanath Charali to Guwahati,https://www.redbus.in/bus-tickets/biswanath-charali-to-guwahati,3,Pranjit Travels (Under ASTC),NON A/C Seater (2+1),23:15,06h 15m,05:30,3.6,500.0,37,6.2
3510,3516,Biswanath Charali to Guwahati,https://www.redbus.in/bus-tickets/biswanath-charali-to-guwahati,3,Pranjit Travels (Under ASTC),Non AC Seater (2+1),23:45,06h 45m,06:30,3.2,500.0,22,6.8
3511,3517,Biswanath Charali to Guwahati,https://www.redbus.in/bus-tickets/biswanath-charali-to-guwahati,3,BLUE HILL TRAVELS INDIA LIMITED,NON A/C Seater Semi Sleeper (2+1),20:00,07h 30m,03:30,1.6,450.0,18,7.5
3512,3518,Biswanath Charali to Guwahati,https://www.redbus.in/bus-tickets/biswanath-charali-to-guwahati,3,DESTINY TRAVELS,NON A/C Seater (2+1),23:01,04h 44m,03:45,1.8,447.0,24,4.7
3513,3519,Chandigarh to Yamuna Nagar,https://www.redbus.in/bus-tickets/chandigarh-to-yamuna-nagar,8,Zimindara Travels,AC Sleeper (2+1),23:00,03h 15m,02:15,4.1,599.0,22,3.2
3514,3520,Chandigarh to Yamuna Nagar,https://www.redbus.in/bus-tickets/chandigarh-to-yamuna-nagar,8,Vijay Tour and Travels,Bharat Benz A/C Seater /Sleeper (2+1),23:30,02h 30m,02:00,3.5,554.0,38,2.5
3515,3521,Chandigarh to Yamuna Nagar,https://www.redbus.in/bus-tickets/chandigarh-to-yamuna-nagar,8,Shree Mahaveer Travels Jaipur,A/C Seater/Sleeper (2+1),22:00,02h 35m,00:35,3.4,399.0,20,2.6
3516,3522,Kolkata to Nandakumar (west bengal),https://www.redbus.in/bus-tickets/kolkata-to-nandakumar,12,SBSTC-KOLKATA - HALDIA - A/C - 16:05 (Haldia Depot) - 1527,AC Seater (2+2),16:05,07h 55m,00:00,4.0,160.0,23,7.9
3517,3523,Kolkata to Nandakumar (west bengal),https://www.redbus.in/bus-tickets/kolkata-to-nandakumar,12,SBSTC-KOLKATA - HALDIA - 16:30 (Haldia Depot) - 809,Non AC Seater (2+3),16:30,07h 30m,00:00,4.0,85.0,33,7.5
3518,3524,Kolkata to Nandakumar (west bengal),https://www.redbus.in/bus-tickets/kolkata-to-nandakumar,12,SBSTC-KOLKATA - NANDIGRAM - 16:45 (HWH DEPOT) - 602,Non AC Seater (2+3),16:45,07h 15m,00:00,3.3,85.0,36,7.2
3519,3525,Kolkata to Nandakumar (west bengal),https://www.redbus.in/bus-tickets/kolkata-to-nandakumar,12,SBSTC-KOLKATA - HALDIA - 17:00 (Haldia Depot) - 3017,Non AC Seater (2+3),17:00,07h 00m,00:00,4.1,85.0,37,7.0
3520,3526,Kolkata to Nandakumar (west bengal),https://www.redbus.in/bus-tickets/kolkata-to-nandakumar,12,SBSTC-KOLKATA - HALDIA - 17.30 (HALDIA DEPOT) - 565,Non AC Seater (2+3),17:30,06h 30m,00:00,3.9,85.0,10,6.5
3521,3527,Kolkata to Nandakumar (west bengal),https://www.redbus.in/bus-tickets/kolkata-to-nandakumar,12,SBSTC-KOLKATA - HALDIA - 18.15 (HALDIA DEPOT) - 566,Non AC Seater (2+3),18:15,05h 45m,00:00,3.9,85.0,8,5.8
3522,3528,Kolkata to Nandakumar (west bengal),https://www.redbus.in/bus-tickets/kolkata-to-nandakumar,12,SBSTC-GARIA - DIGHA - 22:30 (DIGHA DEPOT) - 3745,Non AC Seater (2+3),23:45,00h 15m,00:00,4.0,85.0,5,0.2
3523,3529,Kolkata to Nandakumar (west bengal),https://www.redbus.in/bus-tickets/kolkata-to-nandakumar,12,Basu Travels,A/C Seater Push Back (2+3),23:30,02h 15m,01:45,2.7,300.0,35,2.2
3524,3530,Kolkata to Nandakumar (west bengal),https://www.redbus.in/bus-tickets/kolkata-to-nandakumar,12,Basu Travels,A/C Seater Push Back (2+3),23:55,02h 20m,02:15,2.7,469.0,21,2.3
3525,3531,Anantapur (andhra pradesh) to Bangalore,https://www.redbus.in/bus-tickets/ananthapur-to-bangalore,7,APSRTC - 52267,"ULTRA DELUXE (NON-AC, 2+2 PUSH BACK)",16:15,05h 00m,21:15,3.0,307.0,35,5.0
3526,3532,Anantapur (andhra pradesh) to Bangalore,https://www.redbus.in/bus-tickets/ananthapur-to-bangalore,7,APSRTC - 6745,Super Luxury (Non AC Seater 2+2 Push Back),17:00,04h 25m,21:25,2.8,340.0,27,4.4
3527,3533,Anantapur (andhra pradesh) to Bangalore,https://www.redbus.in/bus-tickets/ananthapur-to-bangalore,7,APSRTC - 52269,"ULTRA DELUXE (NON-AC, 2+2 PUSH BACK)",17:30,05h 00m,22:30,2.9,307.0,33,5.0
3528,3534,Anantapur (andhra pradesh) to Bangalore,https://www.redbus.in/bus-tickets/ananthapur-to-bangalore,7,APSRTC - 52937,"ULTRA DELUXE (NON-AC, 2+2 PUSH BACK)",21:45,05h 00m,02:45,4.3,307.0,37,5.0
3529,3535,Anantapur (andhra pradesh) to Bangalore,https://www.redbus.in/bus-tickets/ananthapur-to-bangalore,7,APSRTC - 6985,"ULTRA DELUXE (NON-AC, 2+2 PUSH BACK)",22:30,05h 00m,03:30,4.3,307.0,30,5.0
3530,3536,Anantapur (andhra pradesh) to Bangalore,https://www.redbus.in/bus-tickets/ananthapur-to-bangalore,7,APSRTC - 6781,"ULTRA DELUXE (NON-AC, 2+2 PUSH BACK)",22:45,04h 45m,03:30,4.2,307.0,16,4.8
3531,3537,Anantapur (andhra pradesh) to Bangalore,https://www.redbus.in/bus-tickets/ananthapur-to-bangalore,7,APSRTC - 6960,Super Luxury (Non AC Seater 2+2 Push Back),23:15,03h 50m,03:05,3.4,340.0,21,3.8
3532,3538,Anantapur (andhra pradesh) to Bangalore,https://www.redbus.in/bus-tickets/ananthapur-to-bangalore,7,APSRTC - 6703,Super Luxury (Non AC Seater 2+2 Push Back),23:45,03h 50m,03:35,4.1,340.0,28,3.8
3533,3539,Anantapur (andhra pradesh) to Bangalore,https://www.redbus.in/bus-tickets/ananthapur-to-bangalore,7,APSRTC - 6962,Super Luxury (Non AC Seater 2+2 Push Back),23:58,03h 52m,03:50,3.9,340.0,27,3.9
3534,3540,Anantapur (andhra pradesh) to Bangalore,https://www.redbus.in/bus-tickets/ananthapur-to-bangalore,7,APSRTC - 6986,Super Luxury (Non AC Seater 2+2 Push Back),23:59,04h 21m,04:20,3.2,340.0,24,4.3
3535,3541,Anantapur (andhra pradesh) to Bangalore,https://www.redbus.in/bus-tickets/ananthapur-to-bangalore,7,TSRTC - 4493,"SUPER LUXURY (NON-AC, 2 + 2 PUSH BACK)",15:30,03h 40m,19:10,2.7,269.0,9,3.7
3536,3542,Anantapur (andhra pradesh) to Bangalore,https://www.redbus.in/bus-tickets/ananthapur-to-bangalore,7,TSRTC - 1920,LAHARI A/C SLEEPER CUM SEATER,16:00,03h 20m,19:20,3.0,303.0,11,3.3
3537,3543,Anantapur (andhra pradesh) to Bangalore,https://www.redbus.in/bus-tickets/ananthapur-to-bangalore,7,TSRTC - 1003,"SUPER LUXURY (NON-AC, 2 + 2 PUSH BACK)",17:25,03h 50m,21:15,2.1,267.0,13,3.8
3538,3544,Anantapur (andhra pradesh) to Bangalore,https://www.redbus.in/bus-tickets/ananthapur-to-bangalore,7,TSRTC - 7143,"SUPER LUXURY (NON-AC, 2 + 2 PUSH BACK)",18:10,04h 00m,22:10,2.8,267.0,33,4.0
3539,3545,Anantapur (andhra pradesh) to Bangalore,https://www.redbus.in/bus-tickets/ananthapur-to-bangalore,7,TSRTC - 2994,LAHARI A/C SLEEPER CUM SEATER,19:05,03h 20m,22:25,3.0,303.0,17,3.3
3540,3546,Anantapur (andhra pradesh) to Bangalore,https://www.redbus.in/bus-tickets/ananthapur-to-bangalore,7,Kallada Travels (Suresh Kallada),Volvo Multi-Axle I-Shift A/C Semi Sleeper (2+2),21:25,03h 00m,00:25,3.7,700.0,26,3.0
3541,3547,Anantapur (andhra pradesh) to Bangalore,https://www.redbus.in/bus-tickets/ananthapur-to-bangalore,7,YAS TOURS AND TRAVELS,Volvo A/C Semi Sleeper (2+2),22:10,03h 05m,01:15,4.3,700.0,21,3.1
3542,3548,Anantapur (andhra pradesh) to Bangalore,https://www.redbus.in/bus-tickets/ananthapur-to-bangalore,7,Kallada Travels (Suresh Kallada),A/C Sleeper (2+1),22:15,03h 15m,01:30,4.8,900.0,18,3.2
3543,3549,Anantapur (andhra pradesh) to Bangalore,https://www.redbus.in/bus-tickets/ananthapur-to-bangalore,7,YAS TOURS AND TRAVELS,Volvo Multi Axle A/C Sleeper I-Shift B11R (2+1),20:25,03h 20m,23:45,3.8,1000.0,2,3.3
3544,3550,Anantapur (andhra pradesh) to Bangalore,https://www.redbus.in/bus-tickets/ananthapur-to-bangalore,7,Orange Tours And Travels,Scania AC Multi Axle Sleeper (2+1),21:45,03h 30m,01:15,4.1,1100.0,17,3.5
3545,3551,Anantapur (andhra pradesh) to Bangalore,https://www.redbus.in/bus-tickets/ananthapur-to-bangalore,7,Kallada Travels (Suresh Kallada),A/C Sleeper (2+1),20:05,03h 35m,23:40,4.5,900.0,1,3.6
3546,3552,Anantapur (andhra pradesh) to Bangalore,https://www.redbus.in/bus-tickets/ananthapur-to-bangalore,7,Orange Tours and Travels Platinum,Volvo Multi-Axle Sleeper A/C (2+1),23:00,03h 30m,02:30,3.2,1200.0,33,3.5
3547,3553,Anantapur (andhra pradesh) to Bangalore,https://www.redbus.in/bus-tickets/ananthapur-to-bangalore,7,Dream Line Travels Pvt Ltd,VE A/C Sleeper (2+1),04:20,04h 55m,09:15,3.6,990.0,6,4.9
3548,3554,Anantapur (andhra pradesh) to Bangalore,https://www.redbus.in/bus-tickets/ananthapur-to-bangalore,7,Kallada Travels (Suresh Kallada),A/C Sleeper (2+1),23:35,03h 25m,03:00,2.5,900.0,15,3.4
3549,3555,Anantapur (andhra pradesh) to Bangalore,https://www.redbus.in/bus-tickets/ananthapur-to-bangalore,7,YAS TOURS AND TRAVELS,Volvo Multi Axle A/C Sleeper I-Shift B11R (2+1),22:00,03h 25m,01:25,4.0,1000.0,15,3.4
3550,3556,Guwahati to Nagaon (Assam),https://www.redbus.in/bus-tickets/guwahati-to-nagaon,3,Megha Transport,Bharat Benz NON A/C Seater / Sleeper (2+1),19:30,02h 45m,22:15,3.5,500.0,8,2.8
3551,3557,Guwahati to Nagaon (Assam),https://www.redbus.in/bus-tickets/guwahati-to-nagaon,3,DESTINY TRAVELS,NON A/C Seater (2+1),18:45,27h 05m,21:50,1.8,428.0,23,27.1
3552,3558,Kottayam to Kozhikode,https://www.redbus.in/bus-tickets/kottayam-to-kozhikode,6,KSRTC (Kerala) - 1962,Super Fast Non AC Seater (2+3),17:00,06h 59m,23:59,3.3,332.0,33,7.0
3553,3559,Kottayam to Kozhikode,https://www.redbus.in/bus-tickets/kottayam-to-kozhikode,6,KSRTC (Kerala) - 2783,Super Express Non AC Seater Air Bus (2+2),17:30,07h 30m,01:00,3.3,386.0,16,7.5
3554,3560,Kottayam to Kozhikode,https://www.redbus.in/bus-tickets/kottayam-to-kozhikode,6,KSRTC (Kerala) - 542,Super Express Non AC Seater Air Bus (2+2),17:30,07h 30m,01:00,3.3,386.0,39,7.5
3555,3561,Kottayam to Kozhikode,https://www.redbus.in/bus-tickets/kottayam-to-kozhikode,6,KSRTC (Kerala) - 1703,Super Fast Non AC Seater (2+3),17:40,07h 45m,01:25,3.3,341.0,35,7.8
3556,3562,Kottayam to Kozhikode,https://www.redbus.in/bus-tickets/kottayam-to-kozhikode,6,KSRTC (Kerala) - 561,Super Express Non AC Seater Air Bus (2+2),18:00,06h 50m,00:50,3.3,360.0,13,6.8
3557,3563,Kottayam to Kozhikode,https://www.redbus.in/bus-tickets/kottayam-to-kozhikode,6,KSRTC (Kerala) - 2131,Super Express Non AC Seater Air Bus (2+2),18:30,07h 20m,01:50,3.3,370.0,12,7.3
3558,3564,Kottayam to Kozhikode,https://www.redbus.in/bus-tickets/kottayam-to-kozhikode,6,KSRTC (Kerala) - 475,Super Express Non AC Seater Air Bus (2+2),18:45,05h 50m,00:35,3.3,381.0,33,5.8
3559,3565,Kottayam to Kozhikode,https://www.redbus.in/bus-tickets/kottayam-to-kozhikode,6,KSRTC (Kerala) - 2388,Low Floor AC Seater 2+2,18:50,06h 40m,01:30,3.3,475.0,12,6.7
3560,3566,Kottayam to Kozhikode,https://www.redbus.in/bus-tickets/kottayam-to-kozhikode,6,KSRTC (Kerala) - 1377,AC MULTI AXLE,19:05,06h 05m,01:10,1.8,606.0,12,6.1
3561,3567,Kottayam to Kozhikode,https://www.redbus.in/bus-tickets/kottayam-to-kozhikode,6,KSRTC (Kerala) - 559,Super Express Non AC Seater Air Bus (2+2),19:46,06h 24m,02:10,3.3,381.0,25,6.4
3562,3568,Kottayam to Kozhikode,https://www.redbus.in/bus-tickets/kottayam-to-kozhikode,6,KSRTC (Kerala) - 1028,Super Fast Non AC Seater (2+3),20:10,07h 20m,03:30,3.3,355.0,41,7.3
3563,3569,Kottayam to Kozhikode,https://www.redbus.in/bus-tickets/kottayam-to-kozhikode,6,KSRTC (Kerala) - 2071,Super Express Non AC Seater Air Bus (2+2),20:30,06h 00m,02:30,3.3,350.0,19,6.0
3564,3570,Kottayam to Kozhikode,https://www.redbus.in/bus-tickets/kottayam-to-kozhikode,6,KSRTC (Kerala) - 1842,Low Floor AC Seater 2+2,20:55,06h 15m,03:10,3.3,475.0,29,6.2
3565,3571,Kottayam to Kozhikode,https://www.redbus.in/bus-tickets/kottayam-to-kozhikode,6,KSRTC (Kerala) - 852,Super Fast Non AC Seater (2+3),21:00,06h 30m,03:30,3.3,332.0,43,6.5
3566,3572,Kottayam to Kozhikode,https://www.redbus.in/bus-tickets/kottayam-to-kozhikode,6,KSRTC (Kerala) - 377,AC MULTI AXLE,21:14,05h 35m,02:49,2.6,606.0,48,5.6
3567,3573,Kottayam to Kozhikode,https://www.redbus.in/bus-tickets/kottayam-to-kozhikode,6,KSRTC (Kerala) - 847,Super Fast Non AC Seater (2+3),21:15,06h 30m,03:45,3.3,332.0,52,6.5
3568,3574,Kottayam to Kozhikode,https://www.redbus.in/bus-tickets/kottayam-to-kozhikode,6,KSRTC (Kerala) - 862,Super Fast Non AC Seater (2+3),21:20,07h 20m,04:40,3.3,332.0,45,7.3
3569,3575,Kottayam to Kozhikode,https://www.redbus.in/bus-tickets/kottayam-to-kozhikode,6,KSRTC (Kerala) - 523,Super Express Non AC Seater Air Bus (2+2),21:30,04h 50m,02:20,3.4,381.0,17,4.8
3570,3576,Kottayam to Kozhikode,https://www.redbus.in/bus-tickets/kottayam-to-kozhikode,6,KSRTC (Kerala) - 91,Swift Deluxe Non AC Air Bus (2+2),21:35,05h 50m,03:25,3.3,381.0,5,5.8
3571,3577,Kottayam to Kozhikode,https://www.redbus.in/bus-tickets/kottayam-to-kozhikode,6,KSRTC (Kerala) - 672,Super Fast Non AC Seater (2+3),21:50,06h 25m,04:15,3.1,332.0,37,6.4
3572,3578,Kottayam to Kozhikode,https://www.redbus.in/bus-tickets/kottayam-to-kozhikode,6,KSRTC (Kerala) - 1199,Super Express Non AC Seater Air Bus (2+2),21:55,06h 10m,04:05,3.3,381.0,13,6.2
3573,3579,Kottayam to Kozhikode,https://www.redbus.in/bus-tickets/kottayam-to-kozhikode,6,KSRTC (Kerala) - 49,Swift Deluxe Non AC Air Bus (2+2),22:20,06h 00m,04:20,3.5,381.0,13,6.0
3574,3580,Kottayam to Kozhikode,https://www.redbus.in/bus-tickets/kottayam-to-kozhikode,6,KSRTC (Kerala) - 2364,Low Floor AC Seater 2+2,22:40,06h 30m,05:10,3.3,475.0,15,6.5
3575,3581,Kottayam to Kozhikode,https://www.redbus.in/bus-tickets/kottayam-to-kozhikode,6,KSRTC (Kerala) - 507,Super Express Non AC Seater Air Bus (2+2),22:50,04h 45m,03:35,3.3,381.0,13,4.8
3576,3582,Kottayam to Kozhikode,https://www.redbus.in/bus-tickets/kottayam-to-kozhikode,6,KSRTC (Kerala) - 2690,Super Fast Non AC Seater (2+3),23:06,06h 24m,05:30,3.3,332.0,50,6.4
3577,3583,Kottayam to Kozhikode,https://www.redbus.in/bus-tickets/kottayam-to-kozhikode,6,A1 Travels,A/C Seater / Sleeper (2+1),23:59,07h 01m,07:00,2.8,700.0,20,7.0
3578,3584,Kottayam to Kozhikode,https://www.redbus.in/bus-tickets/kottayam-to-kozhikode,6,Ubc travels,A/C Semi Sleeper (2+2),17:30,07h 30m,01:00,3.8,700.0,26,7.5
3579,3585,Kottayam to Kozhikode,https://www.redbus.in/bus-tickets/kottayam-to-kozhikode,6,Sonia Travels,A/C Seater/Sleeper (2+1),19:15,07h 14m,02:29,3.8,750.0,24,7.2
3580,3586,Kottayam to Kozhikode,https://www.redbus.in/bus-tickets/kottayam-to-kozhikode,6,Sonia Travels,A/C Semi Sleeper (2+2),18:30,08h 00m,02:30,3.8,650.0,27,8.0
3581,3587,Kottayam to Kozhikode,https://www.redbus.in/bus-tickets/kottayam-to-kozhikode,6,Ubc travels,A/C Seater/Sleeper (2+1),18:00,09h 00m,03:00,3.8,900.0,20,9.0
3582,3588,Kottayam to Kozhikode,https://www.redbus.in/bus-tickets/kottayam-to-kozhikode,6,Kallada Travels (Suresh Kallada),A/C Sleeper (2+1),18:15,07h 10m,01:25,3.2,1100.0,11,7.2
3583,3589,Kottayam to Kozhikode,https://www.redbus.in/bus-tickets/kottayam-to-kozhikode,6,EMERALD TRAVELS,A/C Sleeper (2+1),23:00,05h 30m,04:30,3.2,1000.0,10,5.5
3584,3590,Kottayam to Kozhikode,https://www.redbus.in/bus-tickets/kottayam-to-kozhikode,6,Jacobs Travels,A/C Semi Sleeper (2+2),18:30,08h 00m,02:30,2.9,800.0,31,8.0
3585,3591,Cooch Behar (West Bengal) to Krishnanagar (West Bengal),https://www.redbus.in/bus-tickets/cooch-behar-west-bengal-to-krishnanagar,1,Mahaprabhu Travels,NON A/C Seater / Sleeper (2+2),15:30,15h 30m,07:00,2.1,635.0,44,15.5
3586,3592,Balmiki Nagar (bihar) to Patna (Bihar),https://www.redbus.in/bus-tickets/balmiki-nagar-bihar-to-patna,14,Jai Mata Di Tour and Travels,A/C Seater / Sleeper (2+2),18:30,10h 30m,05:00,2.3,450.0,10,10.5
3587,3593,Hailakandi to Shillong,https://www.redbus.in/bus-tickets/hailakandi-to-shillong,5,AR Travels,Non AC Seater (2+2),17:30,11h 00m,04:30,1.7,450.0,40,11.0
3588,3594,Goa to Sangli,https://www.redbus.in/bus-tickets/goa-to-sangli,10,Kadamba Transport Corporation Limited (KTCL) - 60996,Non AC Seater 2+2,19:00,09h 00m,04:00,3.4,490.0,10,9.0
3589,3595,Goa to Sangli,https://www.redbus.in/bus-tickets/goa-to-sangli,10,Vaibhav Travels,A/C Sleeper (2+1),20:00,09h 40m,05:40,3.5,550.0,16,9.7
3590,3596,Goa to Sangli,https://www.redbus.in/bus-tickets/goa-to-sangli,10,SR Tours & Travels,A/C Sleeper (2+1),17:00,08h 05m,01:05,,540.0,20,8.1
3591,3597,Berhampore (West Bengal) to Cooch Behar (West Bengal),https://www.redbus.in/bus-tickets/berhampore-to-cooch-behar-west-bengal,1,NBSTC-BHP-COB-R1-18:30,Non AC Seater 2+2,18:30,12h 30m,07:00,3.5,448.0,27,12.5
3592,3598,Berhampore (West Bengal) to Cooch Behar (West Bengal),https://www.redbus.in/bus-tickets/berhampore-to-cooch-behar-west-bengal,1,Upasana Transport,NON A/C Seater / Sleeper (2+2),20:40,12h 10m,08:50,3.4,600.0,14,12.2
3593,3599,Kannur to Bangalore,https://www.redbus.in/bus-tickets/kannur-to-bangalore,6,KSRTC (Kerala) - 100,Swift Deluxe Non AC Air Bus (2+2),19:03,07h 18m,02:21,4.5,548.0,21,7.3
3594,3600,Kannur to Bangalore,https://www.redbus.in/bus-tickets/kannur-to-bangalore,6,KSRTC (Kerala) - 1766,Super Express Non AC Seater Air Bus (2+2),20:16,08h 25m,04:41,4.2,568.0,12,8.4
3595,3601,Kannur to Bangalore,https://www.redbus.in/bus-tickets/kannur-to-bangalore,6,KSRTC (Kerala) - 133,Swift Deluxe Non AC Air Bus (2+2),21:00,08h 15m,05:15,4.1,568.0,6,8.2
3596,3602,Kannur to Bangalore,https://www.redbus.in/bus-tickets/kannur-to-bangalore,6,KSRTC (Kerala) - 99,Swift Deluxe Non AC Air Bus (2+2),21:30,08h 30m,06:00,3.6,579.0,1,8.5
3597,3603,Kannur to Bangalore,https://www.redbus.in/bus-tickets/kannur-to-bangalore,6,NS Transports,A/C Sleeper (2+1),21:15,08h 15m,05:30,4.6,999.0,5,8.2
3598,3604,Kannur to Bangalore,https://www.redbus.in/bus-tickets/kannur-to-bangalore,6,Ashoka Travel and Logistics,A/C Sleeper (2+1),21:15,08h 15m,05:30,4.5,1000.0,1,8.2
3599,3605,Kannur to Bangalore,https://www.redbus.in/bus-tickets/kannur-to-bangalore,6,MMK Travels,A/C Sleeper (2+1),21:30,08h 30m,06:00,4.4,900.0,7,8.5
3600,3606,Kannur to Bangalore,https://www.redbus.in/bus-tickets/kannur-to-bangalore,6,NS Transports,NON A/C Sleeper (2+1),21:45,08h 00m,05:45,4.3,799.0,7,8.0
3601,3607,Kannur to Bangalore,https://www.redbus.in/bus-tickets/kannur-to-bangalore,6,NS Transports,Non A/C Seater / Sleeper (2+1),20:30,08h 50m,05:20,4.0,699.0,5,8.8
3602,3608,Kannur to Bangalore,https://www.redbus.in/bus-tickets/kannur-to-bangalore,6,Kalpaka Travels 1,A/C Sleeper (2+1),21:45,07h 15m,05:00,4.0,1100.0,2,7.2
3603,3609,Kannur to Bangalore,https://www.redbus.in/bus-tickets/kannur-to-bangalore,6,Sugama Tourist,A/C Sleeper (2+1),22:00,07h 30m,05:30,3.8,800.0,5,7.5
3604,3610,Kannur to Bangalore,https://www.redbus.in/bus-tickets/kannur-to-bangalore,6,SAAM BUS,VE A/C Sleeper (2+1),22:00,08h 00m,06:00,4.5,850.0,5,8.0
3605,3611,Kannur to Bangalore,https://www.redbus.in/bus-tickets/kannur-to-bangalore,6,Ashoka Travel and Logistics,A/C Semi Sleeper (2+2),21:00,08h 15m,05:15,3.8,900.0,13,8.2
3606,3612,Kannur to Bangalore,https://www.redbus.in/bus-tickets/kannur-to-bangalore,6,Ashoka Travel and Logistics,NON A/C Semi Sleeper (2+2),21:30,07h 30m,05:00,3.7,800.0,25,7.5
3607,3613,Vijayawada to Kurnool,https://www.redbus.in/bus-tickets/vijayawada-to-kurnool,7,Svkdt travels,A/C Sleeper (2+1),21:30,07h 15m,04:45,4.6,990.0,10,7.2
3608,3614,Vijayawada to Kurnool,https://www.redbus.in/bus-tickets/vijayawada-to-kurnool,7,Orange Tours And Travels,A/C Sleeper (2+1),21:00,08h 30m,05:30,3.2,900.0,18,8.5
3609,3615,Vijayawada to Kurnool,https://www.redbus.in/bus-tickets/vijayawada-to-kurnool,7,SOLLIGI TRAVELS,A/C Sleeper (2+1),20:45,08h 15m,05:00,3.9,1000.0,15,8.2
3610,3616,Vijayawada to Kurnool,https://www.redbus.in/bus-tickets/vijayawada-to-kurnool,7,SUDHAKAR TRAVELS,A/C Sleeper (2+1),20:15,07h 45m,04:00,4.3,980.0,16,7.8
3611,3617,Vijayawada to Kurnool,https://www.redbus.in/bus-tickets/vijayawada-to-kurnool,7,Sri Balaji Transports,A/C Sleeper (2+1),20:40,07h 50m,04:30,3.7,950.0,14,7.8
3612,3618,Vijayawada to Kurnool,https://www.redbus.in/bus-tickets/vijayawada-to-kurnool,7,Srinivasa Travels,A/C Sleeper (2+1),20:45,08h 15m,05:00,3.5,833.0,3,8.2
3613,3619,Vijayawada to Kurnool,https://www.redbus.in/bus-tickets/vijayawada-to-kurnool,7,Al madeena Travels,A/C Seater / Sleeper (2+1),20:00,08h 30m,04:30,3.9,700.0,13,8.5
3614,3620,Vijayawada to Kurnool,https://www.redbus.in/bus-tickets/vijayawada-to-kurnool,7,Morning Star Travels,A/C Sleeper (2+1),23:00,06h 55m,05:55,2.0,1190.0,10,6.9
3615,3621,Vijayawada to Kurnool,https://www.redbus.in/bus-tickets/vijayawada-to-kurnool,7,Morning Star Travels,A/C Sleeper (2+1),22:15,07h 30m,05:45,2.3,1290.0,2,7.5
3616,3622,Vijayawada to Kurnool,https://www.redbus.in/bus-tickets/vijayawada-to-kurnool,7,S K B TOURS AND TRAVELS,A/C Sleeper (2+1),19:30,08h 00m,03:30,3.3,1049.0,9,8.0
3617,3623,Chandigarh to Hamirpur (Himachal Pradesh),https://www.redbus.in/bus-tickets/chandigarh-to-hamirpur-himachal-pradesh,13,HRTC - 1546,Ordinary 3+2 Non AC Seater,16:25,04h 50m,21:15,4.8,309.0,27,4.8
3618,3624,Chandigarh to Hamirpur (Himachal Pradesh),https://www.redbus.in/bus-tickets/chandigarh-to-hamirpur-himachal-pradesh,13,HRTC - 9235,A/C Executive (2+3),16:40,05h 20m,22:00,4.0,369.0,44,5.3
3619,3625,Chandigarh to Hamirpur (Himachal Pradesh),https://www.redbus.in/bus-tickets/chandigarh-to-hamirpur-himachal-pradesh,13,HRTC - 401670,Ordinary 3+2 Non AC Seater,18:00,04h 00m,22:00,5.0,295.0,37,4.0
3620,3626,Chandigarh to Hamirpur (Himachal Pradesh),https://www.redbus.in/bus-tickets/chandigarh-to-hamirpur-himachal-pradesh,13,HRTC - 1549,Ordinary 3+2 Non AC Seater,18:15,06h 45m,01:00,3.9,337.0,37,6.8
3621,3627,Chandigarh to Hamirpur (Himachal Pradesh),https://www.redbus.in/bus-tickets/chandigarh-to-hamirpur-himachal-pradesh,13,HRTC - 1227,Ordinary 3+2 Non AC Seater,19:30,07h 30m,03:00,3.9,339.0,37,7.5
3622,3628,Kozhikode to Kalpetta (kerala),https://www.redbus.in/bus-tickets/kozhikode-to-kalpetta,6,KSRTC (Kerala) - 898,Super Fast Non AC Seater (2+3),16:30,02h 00m,18:30,4.1,108.0,38,2.0
3623,3629,Kozhikode to Kalpetta (kerala),https://www.redbus.in/bus-tickets/kozhikode-to-kalpetta,6,KSRTC (Kerala) - 759,Super Fast Non AC Seater (2+3),17:35,01h 50m,19:25,4.1,113.0,49,1.8
3624,3630,Kozhikode to Kalpetta (kerala),https://www.redbus.in/bus-tickets/kozhikode-to-kalpetta,6,KSRTC (Kerala) - 779,Super Fast Non AC Seater (2+3),21:45,01h 10m,22:55,4.1,111.0,47,1.2
3625,3631,Kozhikode to Kalpetta (kerala),https://www.redbus.in/bus-tickets/kozhikode-to-kalpetta,6,KSRTC (Kerala) - 549,Super Express Non AC Seater Air Bus (2+2),22:15,02h 35m,00:50,4.1,145.0,14,2.6
3626,3632,Kozhikode to Kalpetta (kerala),https://www.redbus.in/bus-tickets/kozhikode-to-kalpetta,6,KSRTC (Kerala) - 833,Super Fast Non AC Seater (2+3),22:15,02h 15m,00:30,4.1,111.0,49,2.2
3627,3633,Kozhikode to Kalpetta (kerala),https://www.redbus.in/bus-tickets/kozhikode-to-kalpetta,6,KSRTC (Kerala) - 719,Super Fast Non AC Seater (2+3),23:00,02h 00m,01:00,5.0,111.0,30,2.0
3628,3634,Kozhikode to Kalpetta (kerala),https://www.redbus.in/bus-tickets/kozhikode-to-kalpetta,6,KSRTC (Kerala) - 96,Swift Deluxe Non AC Air Bus (2+2),23:05,01h 25m,00:30,4.1,145.0,14,1.4
3629,3635,Kozhikode to Kalpetta (kerala),https://www.redbus.in/bus-tickets/kozhikode-to-kalpetta,6,KSRTC (Kerala) - 757,Super Fast Non AC Seater (2+3),23:20,02h 00m,01:20,4.1,111.0,41,2.0
3630,3636,Kozhikode to Kalpetta (kerala),https://www.redbus.in/bus-tickets/kozhikode-to-kalpetta,6,KSRTC (Kerala) - 170,Swift Deluxe Non AC Air Bus (2+2),23:50,01h 40m,01:30,4.1,145.0,17,1.7
3631,3637,Kozhikode to Kalpetta (kerala),https://www.redbus.in/bus-tickets/kozhikode-to-kalpetta,6,KP Travels,A/C Sleeper (2+1),22:15,01h 35m,23:50,3.1,1999.0,1,1.6
3632,3638,Siliguri to Kolkata,https://www.redbus.in/bus-tickets/siliguri-to-kolkata,1,EASY RIDE,Volvo 9600 Multi-Axle A/C Sleeper (2+1),18:45,12h 40m,07:25,4.8,1500.0,9,12.7
3633,3639,Siliguri to Kolkata,https://www.redbus.in/bus-tickets/siliguri-to-kolkata,1,Shyamoli Paribahan Pvt Ltd,Volvo 9600 A/C Seater/Sleeper (2+1),18:30,12h 50m,07:20,4.5,1200.0,16,12.8
3634,3640,Siliguri to Kolkata,https://www.redbus.in/bus-tickets/siliguri-to-kolkata,1,Express Line,Volvo 9600 Multi-Axle A/C Sleeper (2+1),18:30,12h 40m,07:10,4.5,1499.0,20,12.7
3635,3641,Siliguri to Kolkata,https://www.redbus.in/bus-tickets/siliguri-to-kolkata,1,Lokenath Bus Service,Volvo 9600 Multi-Axle A/C Sleeper (2+1),19:15,12h 30m,07:45,4.5,1500.0,27,12.5
3636,3642,Siliguri to Kolkata,https://www.redbus.in/bus-tickets/siliguri-to-kolkata,1,Joy chandi bus service,NON A/C Seater / Sleeper (2+2),20:30,15h 05m,11:35,New,550.0,68,15.1
3637,3643,Guwahati to Haflong,https://www.redbus.in/bus-tickets/guwahati-to-haflong,3,NETWORK TRAVELS,NON A/C Seater (2+1),18:30,12h 30m,07:00,4.6,600.0,16,12.5
3638,3644,Guwahati to Haflong,https://www.redbus.in/bus-tickets/guwahati-to-haflong,3,Deep Travels,Non AC Seater (2+1),19:30,11h 00m,06:30,3.6,600.0,26,11.0
3639,3645,Sujanpur (himachal pradesh) to Chandigarh,https://www.redbus.in/bus-tickets/sujanpur-to-chandigarh,8,HRTC - 955,Ordinary 3+2 Non AC Seater,16:20,07h 35m,23:55,3.9,361.0,37,7.6
3640,3646,Sujanpur (himachal pradesh) to Chandigarh,https://www.redbus.in/bus-tickets/sujanpur-to-chandigarh,8,HRTC - 1146,Ordinary 3+2 Non AC Seater,17:10,06h 09m,23:19,3.9,363.0,37,6.2
3641,3647,Sujanpur (himachal pradesh) to Chandigarh,https://www.redbus.in/bus-tickets/sujanpur-to-chandigarh,8,HRTC - 952,Ordinary 3+2 Non AC Seater,17:34,06h 46m,00:20,3.9,358.0,37,6.8
3642,3648,Sujanpur (himachal pradesh) to Chandigarh,https://www.redbus.in/bus-tickets/sujanpur-to-chandigarh,8,HRTC - 953,Ordinary 3+2 Non AC Seater,18:20,05h 30m,23:50,3.9,348.0,37,5.5
3643,3649,Sujanpur (himachal pradesh) to Chandigarh,https://www.redbus.in/bus-tickets/sujanpur-to-chandigarh,8,HRTC - 1105,Ordinary 3+2 Non AC Seater,19:00,06h 10m,01:10,3.9,358.0,34,6.2
3644,3650,Sujanpur (himachal pradesh) to Chandigarh,https://www.redbus.in/bus-tickets/sujanpur-to-chandigarh,8,HRTC - 1101,Ordinary 3+2 Non AC Seater,19:30,05h 35m,01:05,3.9,358.0,37,5.6
3645,3651,Sujanpur (himachal pradesh) to Chandigarh,https://www.redbus.in/bus-tickets/sujanpur-to-chandigarh,8,HRTC - 622,Ordinary 3+2 Non AC Seater,20:10,06h 20m,02:30,3.9,397.0,37,6.3
3646,3652,Sujanpur (himachal pradesh) to Chandigarh,https://www.redbus.in/bus-tickets/sujanpur-to-chandigarh,8,HRTC - 79,Himsuta AC Seater Volvo/Scania 2+2,20:30,05h 30m,02:00,3.9,672.0,27,5.5
3647,3653,Sujanpur (himachal pradesh) to Chandigarh,https://www.redbus.in/bus-tickets/sujanpur-to-chandigarh,8,Laxmi holidays,Volvo A/C Semi Sleeper (2+2),19:30,05h 45m,01:15,4.5,599.0,19,5.8
3648,3654,Sujanpur (himachal pradesh) to Chandigarh,https://www.redbus.in/bus-tickets/sujanpur-to-chandigarh,8,Everest Holidays,Volvo A/C Semi Sleeper (2+2),19:40,05h 30m,01:10,3.5,521.0,35,5.5
3649,3655,Rajahmundry to Vijayawada,https://www.redbus.in/bus-tickets/rajahmundry-to-vijayawada,7,APSRTC - 2755,Super Luxury (Non AC Seater 2+2 Push Back),18:30,04h 00m,22:30,3.2,260.0,11,4.0
3650,3656,Rajahmundry to Vijayawada,https://www.redbus.in/bus-tickets/rajahmundry-to-vijayawada,7,APSRTC - 24861,"ULTRA DELUXE (NON-AC, 2+2 PUSH BACK)",19:00,03h 45m,22:45,3.8,248.0,37,3.8
3651,3657,Rajahmundry to Vijayawada,https://www.redbus.in/bus-tickets/rajahmundry-to-vijayawada,7,APSRTC - 5785,"ULTRA DELUXE (NON-AC, 2+2 PUSH BACK)",19:00,04h 30m,23:30,4.3,252.0,34,4.5
3652,3658,Rajahmundry to Vijayawada,https://www.redbus.in/bus-tickets/rajahmundry-to-vijayawada,7,APSRTC - 9461,Super Luxury (Non AC Seater 2+2 Push Back),19:15,03h 35m,22:50,3.8,261.0,34,3.6
3653,3659,Rajahmundry to Vijayawada,https://www.redbus.in/bus-tickets/rajahmundry-to-vijayawada,7,APSRTC - 2887,Super Luxury (Non AC Seater 2+2 Push Back),19:30,04h 25m,23:55,3.8,260.0,33,4.4
3654,3660,Rajahmundry to Vijayawada,https://www.redbus.in/bus-tickets/rajahmundry-to-vijayawada,7,APSRTC - 6374,Super Luxury (Non AC Seater 2+2 Push Back),19:55,04h 00m,23:55,3.8,263.0,33,4.0
3655,3661,Rajahmundry to Vijayawada,https://www.redbus.in/bus-tickets/rajahmundry-to-vijayawada,7,APSRTC - 23971,Super Luxury (Non AC Seater 2+2 Push Back),20:00,03h 30m,23:30,3.8,260.0,33,3.5
3656,3662,Rajahmundry to Vijayawada,https://www.redbus.in/bus-tickets/rajahmundry-to-vijayawada,7,APSRTC - 3479,Super Luxury (Non AC Seater 2+2 Push Back),20:00,04h 20m,00:20,3.8,263.0,33,4.3
3657,3663,Rajahmundry to Vijayawada,https://www.redbus.in/bus-tickets/rajahmundry-to-vijayawada,7,APSRTC - 2621,INDRA(A.C. Seater),20:15,04h 15m,00:30,4.4,316.0,14,4.2
3658,3664,Rajahmundry to Vijayawada,https://www.redbus.in/bus-tickets/rajahmundry-to-vijayawada,7,APSRTC - 2809,Super Luxury (Non AC Seater 2+2 Push Back),20:30,03h 50m,00:20,3.8,260.0,33,3.8
3659,3665,Rajahmundry to Vijayawada,https://www.redbus.in/bus-tickets/rajahmundry-to-vijayawada,7,TSRTC - 2043,LAHARI A/C SLEEPER CUM SEATER,22:00,03h 00m,01:00,4.7,1200.0,5,3.0
3660,3666,Rajahmundry to Vijayawada,https://www.redbus.in/bus-tickets/rajahmundry-to-vijayawada,7,TSRTC - 9699,Lahari A/C sleeper,23:30,03h 00m,02:30,4.1,1721.0,6,3.0
3661,3667,Rajahmundry to Vijayawada,https://www.redbus.in/bus-tickets/rajahmundry-to-vijayawada,7,Shyamoli Paribahan Pvt Ltd,Volvo 9600 A/C Seater/Sleeper (2+1),15:30,04h 00m,19:30,4.7,599.0,2,4.0
3662,3668,Rajahmundry to Vijayawada,https://www.redbus.in/bus-tickets/rajahmundry-to-vijayawada,7,NueGo,Electric A/C Seater (2+2),17:45,03h 30m,21:15,1.7,237.0,2,3.5
3663,3669,Rajahmundry to Vijayawada,https://www.redbus.in/bus-tickets/rajahmundry-to-vijayawada,7,Shyamoli Paribahan Pvt Ltd,Volvo 9600 Multi-Axle A/C Sleeper (2+1),16:45,04h 00m,20:45,4.7,1275.0,13,4.0
3664,3670,Rajahmundry to Vijayawada,https://www.redbus.in/bus-tickets/rajahmundry-to-vijayawada,7,Jagan Travels,A/C Sleeper (2+1),16:45,04h 15m,21:00,4.1,2339.0,2,4.2
3665,3671,Rajahmundry to Vijayawada,https://www.redbus.in/bus-tickets/rajahmundry-to-vijayawada,7,VRL Travels,Volvo Multi-Axle A/C Sleeper (2+1),18:00,03h 50m,21:50,3.4,2200.0,3,3.8
3666,3672,Rajahmundry to Vijayawada,https://www.redbus.in/bus-tickets/rajahmundry-to-vijayawada,7,Shree Manikanta Travels,Volvo 9600 Multi-Axle A/C Sleeper (2+1),18:20,02h 45m,21:05,4.1,2969.0,1,2.8
3667,3673,Rajahmundry to Vijayawada,https://www.redbus.in/bus-tickets/rajahmundry-to-vijayawada,7,Rajesh Transports,Volvo 9600 Multi-Axle A/C Sleeper (2+1),18:30,03h 05m,21:35,4.3,2194.0,10,3.1
3668,3674,Rajahmundry to Vijayawada,https://www.redbus.in/bus-tickets/rajahmundry-to-vijayawada,7,VRL Travels,Volvo A/C B11R Multi Axle Semi Sleeper (2+2),18:45,03h 45m,22:30,3.4,1920.0,2,3.8
3669,3675,Rajahmundry to Vijayawada,https://www.redbus.in/bus-tickets/rajahmundry-to-vijayawada,7,V Kaveri Travels,VE A/C Sleeper (2+1),19:25,04h 05m,23:30,3.6,2500.0,5,4.1
3670,3676,Rajahmundry to Vijayawada,https://www.redbus.in/bus-tickets/rajahmundry-to-vijayawada,7,Sri Krishna Travels,Volvo Multi-Axle A/C Sleeper (2+1),20:15,03h 40m,23:55,3.6,1600.0,5,3.7
3671,3677,Kolkata to Suri,https://www.redbus.in/bus-tickets/kolkata-to-suri,12,SBSTC-KOLKATA - SURI - 15:30 - (Suri Depot) - 655,Non AC Seater (2+3),15:30,05h 00m,20:30,3.6,190.0,50,5.0
3672,3678,Kolkata to Suri,https://www.redbus.in/bus-tickets/kolkata-to-suri,12,SBSTC-KOLKATA - SURI - 16: 30 - (Suri Depot) - 653,Non AC Seater (2+3),16:30,05h 00m,21:30,3.7,190.0,48,5.0
3673,3679,Kolkata to Suri,https://www.redbus.in/bus-tickets/kolkata-to-suri,12,SBSTC-KOLKATA - SURI - 18:00 - (Suri Depot) - 1205,Non AC Seater (2+3),18:00,05h 00m,23:00,2.7,190.0,50,5.0
3674,3680,Kanpur (Uttar Pradesh) to Jhansi,https://www.redbus.in/bus-tickets/kanpur-to-jhansi,2,UPSRTC - JHD0047,Janrath AC Seater 2+3,20:00,05h 10m,01:10,3.3,477.0,48,5.2
3675,3681,Kanpur (Uttar Pradesh) to Jhansi,https://www.redbus.in/bus-tickets/kanpur-to-jhansi,2,UPSRTC - JHD0033,Ordinary Non AC Seater 2+3,22:15,05h 30m,03:45,3.3,381.0,52,5.5
3676,3682,Kanpur (Uttar Pradesh) to Jhansi,https://www.redbus.in/bus-tickets/kanpur-to-jhansi,2,UPSRTC - JHD0019,Ordinary Non AC Seater 2+3,22:55,05h 35m,04:30,3.4,381.0,52,5.6
3677,3683,Kanpur (Uttar Pradesh) to Jhansi,https://www.redbus.in/bus-tickets/kanpur-to-jhansi,2,UPSRTC - JHD0021,Ordinary Non AC Seater 2+3,23:35,04h 55m,04:30,3.3,381.0,52,4.9
3678,3684,Kanpur (Uttar Pradesh) to Jhansi,https://www.redbus.in/bus-tickets/kanpur-to-jhansi,2,UPSRTC - JHD0024,Ordinary Non AC Seater 2+3,23:59,05h 16m,05:15,2.0,381.0,52,5.3
3679,3685,Kanpur (Uttar Pradesh) to Jhansi,https://www.redbus.in/bus-tickets/kanpur-to-jhansi,2,Samay Shatabdi Travels Pvt Ltd,NON A/C Sleeper (2+1),18:00,05h 08m,23:08,4.2,900.0,30,5.1
3680,3686,Kanpur (Uttar Pradesh) to Jhansi,https://www.redbus.in/bus-tickets/kanpur-to-jhansi,2,Raj Kalpana Travels Pvt.Ltd,A/C Sleeper (2+1),18:15,05h 15m,23:30,4.2,900.0,3,5.2
3681,3687,Kanpur (Uttar Pradesh) to Jhansi,https://www.redbus.in/bus-tickets/kanpur-to-jhansi,2,Samay Shatabdi Travels Pvt Ltd,NON AC Seater / Sleeper 2+1,18:30,05h 20m,23:50,4.2,800.0,13,5.3
3682,3688,Kanpur (Uttar Pradesh) to Jhansi,https://www.redbus.in/bus-tickets/kanpur-to-jhansi,2,Samay Shatabdi Travels Pvt Ltd,AC Sleeper (2+1),19:00,04h 57m,23:57,4.2,1000.0,10,5.0
3683,3689,Kanpur (Uttar Pradesh) to Jhansi,https://www.redbus.in/bus-tickets/kanpur-to-jhansi,2,Hans Travels (I) Private Limited,NON A/C Sleeper (2+1),19:30,05h 00m,00:30,3.2,1000.0,24,5.0
3684,3690,Kanpur (Uttar Pradesh) to Jhansi,https://www.redbus.in/bus-tickets/kanpur-to-jhansi,2,Hans Travels (I) Private Limited,NON A/C Sleeper (2+1),20:00,03h 40m,23:40,3.2,1000.0,16,3.7
3685,3691,Kanpur (Uttar Pradesh) to Jhansi,https://www.redbus.in/bus-tickets/kanpur-to-jhansi,2,Hans Travels (I) Private Limited,A/C Sleeper (2+1),20:00,03h 50m,23:50,3.2,1300.0,24,3.8
3686,3692,Kanpur (Uttar Pradesh) to Jhansi,https://www.redbus.in/bus-tickets/kanpur-to-jhansi,2,Jai Shrinath Ji Ki ® Travels,Bharat Benz A/C Sleeper (2+1),21:10,04h 20m,01:30,3.4,523.81,4,4.3
3687,3693,Kanpur (Uttar Pradesh) to Jhansi,https://www.redbus.in/bus-tickets/kanpur-to-jhansi,2,Samay Shatabdi Travels Pvt Ltd,AC Sleeper (2+1),21:30,04h 20m,01:50,4.2,499.0,19,4.3
3688,3694,Kanpur (Uttar Pradesh) to Jhansi,https://www.redbus.in/bus-tickets/kanpur-to-jhansi,2,Samreen Travels,AC Sleeper (2+1),21:30,04h 25m,01:55,3.7,750.0,25,4.4
3689,3695,Patiala to Delhi Airport,https://www.redbus.in/bus-tickets/patiala-to-delhi-airport,17,Indo Canadian Transport Pvt. Ltd.,A/C Sleeper (2+1),16:30,06h 30m,23:00,4.4,3000.0,42,6.5
3690,3696,Patiala to Delhi Airport,https://www.redbus.in/bus-tickets/patiala-to-delhi-airport,17,Indo Canadian Transport Pvt. Ltd.,A/C Semi Sleeper (2+2),18:30,06h 30m,01:00,4.4,3000.0,44,6.5
3691,3697,Patiala to Delhi Airport,https://www.redbus.in/bus-tickets/patiala-to-delhi-airport,17,Indo Canadian Transport Pvt. Ltd.,A/C Semi Sleeper (2+2),20:30,06h 30m,03:00,4.4,2500.0,51,6.5
3692,3698,Patiala to Delhi Airport,https://www.redbus.in/bus-tickets/patiala-to-delhi-airport,17,Indo Canadian Transport Pvt. Ltd.,A/C Sleeper (2+1),22:30,06h 30m,05:00,4.4,3000.0,30,6.5
3693,3699,Patiala to Delhi Airport,https://www.redbus.in/bus-tickets/patiala-to-delhi-airport,17,Indo Canadian Transport Pvt. Ltd.,A/C Semi Sleeper (2+2),20:30,08h 30m,05:00,4.4,2500.0,51,8.5
3694,3700,North Lakhimpur to Dibrugarh,https://www.redbus.in/bus-tickets/north-lakhimpur-to-dibrugarh,3,Air Bus Travels,NON AC Seater / Sleeper 2+1,21:00,06h 00m,03:00,3.4,400.0,16,6.0
3695,3701,Kolkata to Siliguri,https://www.redbus.in/bus-tickets/kolkata-to-siliguri,1,NBSTC-KOL-APD-E1-19:00,Non AC Seater (2+3),16:00,13h 50m,05:50,3.8,450.0,44,13.8
3696,3702,Kolkata to Siliguri,https://www.redbus.in/bus-tickets/kolkata-to-siliguri,1,NBSTC-KOL-COB-R1-17:00,Non AC Seater 2+2,17:00,12h 00m,05:00,3.6,486.0,24,12.0
3697,3703,Kolkata to Siliguri,https://www.redbus.in/bus-tickets/kolkata-to-siliguri,1,NBSTC-KOL-SLG-R1-18:00,NON A/C Seater Push Back (2+2),18:00,12h 00m,06:00,4.0,486.0,12,12.0
3698,3704,Kolkata to Siliguri,https://www.redbus.in/bus-tickets/kolkata-to-siliguri,1,EASY RIDE,Volvo 9600 Multi-Axle A/C Sleeper (2+1),18:45,12h 40m,07:25,4.7,1500.0,11,12.7
3699,3705,Kolkata to Siliguri,https://www.redbus.in/bus-tickets/kolkata-to-siliguri,1,Shyamoli Paribahan Pvt Ltd,Volvo 9600 A/C Seater/Sleeper (2+1),18:30,13h 15m,07:45,4.6,1200.0,29,13.2
3700,3706,Kolkata to Siliguri,https://www.redbus.in/bus-tickets/kolkata-to-siliguri,1,Lokenath Bus Service,Volvo 9600 Multi-Axle A/C Sleeper (2+1),18:45,12h 45m,07:30,4.6,1500.0,25,12.8
3701,3707,Kolkata to Siliguri,https://www.redbus.in/bus-tickets/kolkata-to-siliguri,1,AdExpress Line,Volvo 9600 Multi-Axle A/C Sleeper (2+1),18:30,13h 10m,07:40,4.5,1499.0,17,13.2
3702,3708,Kolkata to Siliguri,https://www.redbus.in/bus-tickets/kolkata-to-siliguri,1,Shyamoli Paribahan Pvt Ltd,Volvo Multi-Axle A/C seater/sleeper (2+1),19:30,13h 15m,08:45,4.5,1200.0,34,13.2
3703,3709,Kolkata to Siliguri,https://www.redbus.in/bus-tickets/kolkata-to-siliguri,1,Lokenath Bus Service,Volvo Multi Axle B11R AC Seater\Sleeper (2+1),18:15,12h 15m,06:30,4.4,1200.0,27,12.2
3704,3710,Kolkata to Siliguri,https://www.redbus.in/bus-tickets/kolkata-to-siliguri,1,Greenline,Volvo Multi-Axle A/C Sleeper (2+1),18:00,13h 00m,07:00,4.6,1500.0,18,13.0
3705,3711,Kolkata to Siliguri,https://www.redbus.in/bus-tickets/kolkata-to-siliguri,1,Shyamoli Paribahan Pvt Ltd,Volvo 9600 Multi-Axle A/C Sleeper (2+1),18:00,12h 50m,06:50,4.5,1500.0,25,12.8
3706,3712,Kolkata to Siliguri,https://www.redbus.in/bus-tickets/kolkata-to-siliguri,1,Greenline,Volvo 9600 Multi-Axle A/C Sleeper (2+1),18:30,13h 15m,07:45,4.4,1500.0,20,13.2
3707,3713,Kolkata to Siliguri,https://www.redbus.in/bus-tickets/kolkata-to-siliguri,1,Rubi Paribahan  ,Volvo 9600 Multi-Axle A/C Sleeper (2+1),19:00,12h 30m,07:30,4.1,1500.0,13,12.5
3708,3714,Goa to Kolhapur(Maharashtra),https://www.redbus.in/bus-tickets/goa-to-kolhapur-maharashtra,10,Kadamba Transport Corporation Limited (KTCL) - 60996,Non AC Seater 2+2,19:00,07h 30m,02:30,4.1,420.0,10,7.5
3709,3715,Goa to Kolhapur(Maharashtra),https://www.redbus.in/bus-tickets/goa-to-kolhapur-maharashtra,10,Atmaram Travels (Dolphin),A/C Sleeper (2+1),15:30,06h 15m,21:45,4.3,650.0,4,6.2
3710,3716,Goa to Kolhapur(Maharashtra),https://www.redbus.in/bus-tickets/goa-to-kolhapur-maharashtra,10,IntrCity SmartBus,AC Sleeper (2+1),15:30,06h 15m,21:45,4.4,550.0,6,6.2
3711,3717,Goa to Kolhapur(Maharashtra),https://www.redbus.in/bus-tickets/goa-to-kolhapur-maharashtra,10,Neeta tours and travels,AC Sleeper (2+1),15:30,03h 30m,19:00,3.5,499.0,20,3.5
3712,3718,Goa to Kolhapur(Maharashtra),https://www.redbus.in/bus-tickets/goa-to-kolhapur-maharashtra,10,IntrCity SmartBus,AC Sleeper (2+1),16:30,06h 00m,22:30,4.6,550.0,8,6.0
3713,3719,Chandigarh to Manali,https://www.redbus.in/bus-tickets/chandigarh-to-manali,8,HRTC - 2030250,Ordinary 3+2 Non AC Seater,16:30,06h 00m,22:30,3.9,546.0,33,6.0
3714,3720,Chandigarh to Manali,https://www.redbus.in/bus-tickets/chandigarh-to-manali,8,HRTC - 1507,Ordinary 3+2 Non AC Seater,18:40,08h 20m,03:00,3.9,560.0,37,8.3
3715,3721,Chandigarh to Manali,https://www.redbus.in/bus-tickets/chandigarh-to-manali,8,HRTC - 58,Himsuta AC Seater Volvo/Scania 2+2,20:40,08h 20m,05:00,4.4,945.0,30,8.3
3716,3722,Chandigarh to Manali,https://www.redbus.in/bus-tickets/chandigarh-to-manali,8,HRTC - 1544,Ordinary 3+2 Non AC Seater,21:40,10h 10m,07:50,3.9,575.0,27,10.2
3717,3723,Chandigarh to Manali,https://www.redbus.in/bus-tickets/chandigarh-to-manali,8,HRTC - 1212,A/C Executive (2+3),21:58,08h 11m,06:09,3.9,580.0,42,8.2
3718,3724,Chandigarh to Manali,https://www.redbus.in/bus-tickets/chandigarh-to-manali,8,HRTC - 1522,Himsuta AC Seater Volvo/Scania 2+2,22:00,08h 30m,06:30,4.9,920.0,29,8.5
3719,3725,Chandigarh to Manali,https://www.redbus.in/bus-tickets/chandigarh-to-manali,8,HRTC - 521,Ordinary 3+2 Non AC Seater,22:20,08h 40m,07:00,5.0,565.0,37,8.7
3720,3726,Chandigarh to Manali,https://www.redbus.in/bus-tickets/chandigarh-to-manali,8,Laxmi holidays,Volvo 9600 A/C Semi Sleeper (2+2),22:50,06h 40m,05:30,4.7,499.0,13,6.7
3721,3727,Chandigarh to Manali,https://www.redbus.in/bus-tickets/chandigarh-to-manali,8,Zingbus Plus,Volvo A/C Semi Sleeper (2+2),23:15,06h 10m,05:25,4.7,481.0,9,6.2
3722,3728,Chandigarh to Manali,https://www.redbus.in/bus-tickets/chandigarh-to-manali,8,Reo India Travels,Volvo A/C B11R Multi Axle Semi Sleeper (2+2),23:59,07h 26m,07:25,3.2,475.0,24,7.4
3723,3729,Chandigarh to Manali,https://www.redbus.in/bus-tickets/chandigarh-to-manali,8,AdCity Land Travels,Volvo A/C Semi Sleeper (2+2),22:45,08h 15m,07:00,4.3,495.0,23,8.2
3724,3730,Chandigarh to Manali,https://www.redbus.in/bus-tickets/chandigarh-to-manali,8,City Land Travels,Volvo A/C Semi Sleeper (2+2),23:15,08h 15m,07:30,3.5,495.0,26,8.2
3725,3731,Chandigarh to Manali,https://www.redbus.in/bus-tickets/chandigarh-to-manali,8,Malana Travels,Volvo A/C Semi Sleeper (2+2),23:58,05h 32m,05:30,4.6,579.0,14,5.5
3726,3732,Chandigarh to Manali,https://www.redbus.in/bus-tickets/chandigarh-to-manali,8,SWAGATAM TOUR HOLIDAY,Volvo AC Seater (2+2),23:59,07h 01m,07:00,New,999.0,39,7.0
3727,3733,Chandigarh to Manali,https://www.redbus.in/bus-tickets/chandigarh-to-manali,8,TANISHQ HOLIDAYS TOUR,Volvo A/C Semi Sleeper (2+2),23:30,08h 00m,07:30,3.4,1169.0,41,8.0
3728,3734,Chandigarh to Manali,https://www.redbus.in/bus-tickets/chandigarh-to-manali,8,Abtc Tour and Travels,Bharat Benz A/C Semi Sleeper (2+2),01:00,06h 00m,07:00,3.4,799.0,30,6.0
3729,3735,Chandigarh to Manali,https://www.redbus.in/bus-tickets/chandigarh-to-manali,8,Travel Zap India Pvt LTD.,Volvo Multi-Axle A/C (2+2),23:24,07h 06m,06:30,2.5,1676.0,46,7.1
3730,3736,Kolkata to Futishanko,https://www.redbus.in/bus-tickets/kolkata-to-futishanko,12,SBSTC-KOLKATA - KANDI - VIA - FUTISANKO - 16:25 (BWN D - 3968,Non AC Seater (2+3),16:25,07h 35m,00:00,5.0,140.0,52,7.6
3731,3737,Kolkata to Futishanko,https://www.redbus.in/bus-tickets/kolkata-to-futishanko,12,SBSTC-KOLKATA - LABPUR - 16:35 (HWH DEPOT) - 3238,Non AC Seater (2+3),16:35,07h 25m,00:00,4.4,140.0,40,7.4
3732,3738,Kolkata to Futishanko,https://www.redbus.in/bus-tickets/kolkata-to-futishanko,12,SBSTC-KOLKATA - KANDRA - 17:00 (BWN DEPOT) - 689,Non AC Seater (2+3),17:00,07h 00m,00:00,2.9,140.0,43,7.0
3733,3739,Kozhikode to Thiruvananthapuram,https://www.redbus.in/bus-tickets/kozhikode-to-thiruvananthapuram,6,KSRTC (Kerala) - 1883,Low Floor AC Seater 2+2,16:30,10h 20m,02:50,3.0,742.0,5,10.3
3734,3740,Kozhikode to Thiruvananthapuram,https://www.redbus.in/bus-tickets/kozhikode-to-thiruvananthapuram,6,KSRTC (Kerala) - 1862,Low Floor AC Seater 2+2,17:30,10h 15m,03:45,3.0,723.0,13,10.2
3735,3741,Kozhikode to Thiruvananthapuram,https://www.redbus.in/bus-tickets/kozhikode-to-thiruvananthapuram,6,KSRTC (Kerala) - 503,Super Express Non AC Seater Air Bus (2+2),17:42,07h 58m,01:40,3.4,586.0,5,8.0
3736,3742,Kozhikode to Thiruvananthapuram,https://www.redbus.in/bus-tickets/kozhikode-to-thiruvananthapuram,6,KSRTC (Kerala) - 556,Super Express Non AC Seater Air Bus (2+2),18:00,08h 55m,02:55,2.5,586.0,17,8.9
3737,3743,Kozhikode to Thiruvananthapuram,https://www.redbus.in/bus-tickets/kozhikode-to-thiruvananthapuram,6,KSRTC (Kerala) - 1872,Low Floor AC Seater 2+2,18:30,09h 55m,04:25,3.0,742.0,9,9.9
3738,3744,Kozhikode to Thiruvananthapuram,https://www.redbus.in/bus-tickets/kozhikode-to-thiruvananthapuram,6,KSRTC (Kerala) - 48,Swift Deluxe Non AC Air Bus (2+2),19:00,08h 40m,03:40,3.0,565.0,23,8.7
3739,3745,Kozhikode to Thiruvananthapuram,https://www.redbus.in/bus-tickets/kozhikode-to-thiruvananthapuram,6,KSRTC (Kerala) - 2372,Low Floor AC Seater 2+2,19:30,08h 40m,04:10,3.0,723.0,12,8.7
3740,3746,Kozhikode to Thiruvananthapuram,https://www.redbus.in/bus-tickets/kozhikode-to-thiruvananthapuram,6,KSRTC (Kerala) - 467,Super Express Non AC Seater Air Bus (2+2),19:55,09h 00m,04:55,1.6,586.0,27,9.0
3741,3747,Kozhikode to Thiruvananthapuram,https://www.redbus.in/bus-tickets/kozhikode-to-thiruvananthapuram,6,KSRTC (Kerala) - 564,Super Express Non AC Seater Air Bus (2+2),20:12,08h 58m,05:10,2.6,586.0,25,9.0
3742,3748,Kozhikode to Thiruvananthapuram,https://www.redbus.in/bus-tickets/kozhikode-to-thiruvananthapuram,6,KSRTC (Kerala) - 46,Swift Deluxe Non AC Air Bus (2+2),20:25,08h 40m,05:05,2.2,586.0,19,8.7
3743,3749,Kozhikode to Thiruvananthapuram,https://www.redbus.in/bus-tickets/kozhikode-to-thiruvananthapuram,6,KSRTC (Kerala) - 2393,Low Floor AC Seater 2+2,20:30,10h 05m,06:35,3.0,742.0,15,10.1
3744,3750,Kozhikode to Thiruvananthapuram,https://www.redbus.in/bus-tickets/kozhikode-to-thiruvananthapuram,6,KSRTC (Kerala) - 1378,AC MULTI AXLE,20:50,08h 59m,05:49,2.5,904.0,20,9.0
3745,3751,Kozhikode to Thiruvananthapuram,https://www.redbus.in/bus-tickets/kozhikode-to-thiruvananthapuram,6,KSRTC (Kerala) - 827,Super Fast Non AC Seater (2+3),21:00,11h 35m,08:35,3.7,515.0,46,11.6
3746,3752,Kozhikode to Thiruvananthapuram,https://www.redbus.in/bus-tickets/kozhikode-to-thiruvananthapuram,6,KSRTC (Kerala) - 531,Super Express Non AC Seater Air Bus (2+2),21:15,07h 50m,05:05,3.0,586.0,22,7.8
3747,3753,Kozhikode to Thiruvananthapuram,https://www.redbus.in/bus-tickets/kozhikode-to-thiruvananthapuram,6,KSRTC (Kerala) - 42,Swift Deluxe Non AC Air Bus (2+2),21:25,08h 45m,06:10,2.8,586.0,8,8.8
3748,3754,Kozhikode to Thiruvananthapuram,https://www.redbus.in/bus-tickets/kozhikode-to-thiruvananthapuram,6,KSRTC (Kerala) - 1880,Low Floor AC Seater 2+2,21:30,10h 00m,07:30,4.4,723.0,15,10.0
3749,3755,Kozhikode to Thiruvananthapuram,https://www.redbus.in/bus-tickets/kozhikode-to-thiruvananthapuram,6,KSRTC (Kerala) - 44,Swift Deluxe Non AC Air Bus (2+2),21:50,08h 55m,06:45,4.6,565.0,10,8.9
3750,3756,Kozhikode to Thiruvananthapuram,https://www.redbus.in/bus-tickets/kozhikode-to-thiruvananthapuram,6,KSRTC (Kerala) - 1212,AC MULTI AXLE,22:00,08h 20m,06:20,1.4,935.0,27,8.3
3751,3757,Kozhikode to Thiruvananthapuram,https://www.redbus.in/bus-tickets/kozhikode-to-thiruvananthapuram,6,KSRTC (Kerala) - 370,AC MULTI AXLE,22:20,09h 30m,07:50,2.9,935.0,39,9.5
3752,3758,Kozhikode to Thiruvananthapuram,https://www.redbus.in/bus-tickets/kozhikode-to-thiruvananthapuram,6,KSRTC (Kerala) - 2743,Super Express Non AC Seater Air Bus (2+2),22:20,10h 20m,08:40,3.0,565.0,31,10.3
3753,3759,Kozhikode to Thiruvananthapuram,https://www.redbus.in/bus-tickets/kozhikode-to-thiruvananthapuram,6,KSRTC (Kerala) - 1841,Low Floor AC Seater 2+2,22:30,10h 00m,08:30,3.0,742.0,15,10.0
3754,3760,Kozhikode to Thiruvananthapuram,https://www.redbus.in/bus-tickets/kozhikode-to-thiruvananthapuram,6,KSRTC (Kerala) - 1200,Super Express Non AC Seater Air Bus (2+2),22:35,09h 50m,08:25,3.0,565.0,20,9.8
3755,3761,Kozhikode to Thiruvananthapuram,https://www.redbus.in/bus-tickets/kozhikode-to-thiruvananthapuram,6,KSRTC (Kerala) - 279,Super Fast Non AC Seater (2+3),23:05,10h 45m,09:50,2.4,515.0,29,10.8
3756,3762,Kozhikode to Thiruvananthapuram,https://www.redbus.in/bus-tickets/kozhikode-to-thiruvananthapuram,6,KSRTC (Kerala) - 426,Super Express Non AC Seater Air Bus (2+2),23:15,08h 35m,07:50,1.9,545.0,2,8.6
3757,3763,Kozhikode to Thiruvananthapuram,https://www.redbus.in/bus-tickets/kozhikode-to-thiruvananthapuram,6,KSRTC (Kerala) - 1843,Low Floor AC Seater 2+2,23:30,10h 05m,09:35,2.5,723.0,14,10.1
3758,3764,Kozhikode to Thiruvananthapuram,https://www.redbus.in/bus-tickets/kozhikode-to-thiruvananthapuram,6,KSRTC (Kerala) - 505,Super Express Non AC Seater Air Bus (2+2),23:59,07h 21m,07:20,2.2,565.0,23,7.3
3759,3765,Kozhikode to Thiruvananthapuram,https://www.redbus.in/bus-tickets/kozhikode-to-thiruvananthapuram,6,BLM Transports,A/C Sleeper (2+1),22:00,09h 00m,07:00,4.0,922.0,9,9.0
3760,3766,Kozhikode to Thiruvananthapuram,https://www.redbus.in/bus-tickets/kozhikode-to-thiruvananthapuram,6,A1 Travels,A/C Seater / Sleeper (2+1),20:05,09h 25m,05:30,3.8,700.0,14,9.4
3761,3767,Kozhikode to Thiruvananthapuram,https://www.redbus.in/bus-tickets/kozhikode-to-thiruvananthapuram,6,A1 Travels,NON A/C Semi Sleeper (2+2),21:00,09h 00m,06:00,3.7,600.0,16,9.0
3762,3768,Kozhikode to Thiruvananthapuram,https://www.redbus.in/bus-tickets/kozhikode-to-thiruvananthapuram,6,Madhavi Travels,A/C Sleeper (2+1),22:20,08h 10m,06:30,3.5,949.0,7,8.2
3763,3769,Kozhikode to Thiruvananthapuram,https://www.redbus.in/bus-tickets/kozhikode-to-thiruvananthapuram,6,A1 Travels,Bharat Benz A/C Sleeper (2+1),23:30,08h 30m,08:00,3.9,900.0,18,8.5
3764,3770,Kozhikode to Thiruvananthapuram,https://www.redbus.in/bus-tickets/kozhikode-to-thiruvananthapuram,6,LIYAS TOURS,Bharat Benz A/C Sleeper (2+1),23:05,08h 35m,07:40,4.3,899.0,16,8.6
3765,3771,Kozhikode to Thiruvananthapuram,https://www.redbus.in/bus-tickets/kozhikode-to-thiruvananthapuram,6,A1 Travels,Bharat Benz A/C Seater /Sleeper (2+1),22:15,07h 30m,05:45,2.4,750.0,5,7.5
3766,3772,Kozhikode to Thiruvananthapuram,https://www.redbus.in/bus-tickets/kozhikode-to-thiruvananthapuram,6,A1 Travels,Bharat Benz A/C Seater /Sleeper (2+1),22:30,07h 30m,06:00,2.3,750.0,8,7.5
3767,3773,Kozhikode to Thiruvananthapuram,https://www.redbus.in/bus-tickets/kozhikode-to-thiruvananthapuram,6,EMERALD TRAVELS,Bharat Benz A/C Semi Sleeper (2+2),21:55,08h 35m,06:30,2.2,762.0,27,8.6
3768,3774,Kozhikode to Thiruvananthapuram,https://www.redbus.in/bus-tickets/kozhikode-to-thiruvananthapuram,6,Balaji Tourist,Volvo Multi-Axle A/C Semisleeper (2+2),22:00,11h 00m,09:00,,3000.0,43,11.0
3769,3775,Malda to Cooch Behar (West Bengal),https://www.redbus.in/bus-tickets/malda-to-cooch-behar-west-bengal,1,NBSTC-BHP-COB-R1-18:30,Non AC Seater 2+2,20:50,10h 10m,07:00,3.0,338.0,26,10.2
3770,3776,Delhi Airport to Jalandhar,https://www.redbus.in/bus-tickets/delhi-airport-to-jalandhar,17,PEPSU (Punjab) - 67121,Volvo AC Seater (2+2),21:00,09h 20m,06:20,2.6,1130.0,36,9.3
3771,3777,Delhi Airport to Jalandhar,https://www.redbus.in/bus-tickets/delhi-airport-to-jalandhar,17,PEPSU (Punjab) - 67064,Volvo AC Seater (2+2),23:58,09h 00m,08:58,2.6,1130.0,37,9.0
3772,3778,Delhi Airport to Jalandhar,https://www.redbus.in/bus-tickets/delhi-airport-to-jalandhar,17,Zingbus Plus,Bharat Benz A/C Seater /Sleeper (2+1),20:00,10h 35m,06:35,4.3,1034.0,28,10.6
3773,3779,Delhi Airport to Jalandhar,https://www.redbus.in/bus-tickets/delhi-airport-to-jalandhar,17,Zingbus Plus,Bharat Benz A/C Seater /Sleeper (2+1),18:30,09h 45m,04:15,4.3,1015.0,26,9.8
3774,3780,Delhi Airport to Jalandhar,https://www.redbus.in/bus-tickets/delhi-airport-to-jalandhar,17,Zingbus Plus,Scania A/C Semi Sleeper (2+2),20:00,10h 55m,06:55,4.3,926.0,16,10.9
3775,3781,Delhi Airport to Jalandhar,https://www.redbus.in/bus-tickets/delhi-airport-to-jalandhar,17,Indo Canadian Transport Pvt. Ltd.,A/C Sleeper (2+1),22:00,11h 45m,09:45,4.4,3850.0,39,11.8
3776,3782,Delhi Airport to Jalandhar,https://www.redbus.in/bus-tickets/delhi-airport-to-jalandhar,17,Indo Canadian Transport Pvt. Ltd.,A/C Semi Sleeper (2+2),16:00,11h 45m,03:45,4.4,3300.0,50,11.8
3777,3783,Guntur (Andhra Pradesh) to Hyderabad,https://www.redbus.in/bus-tickets/guntur-to-hyderabad,7,APSRTC - 4256,Super Luxury (Non AC Seater 2+2 Push Back),20:30,06h 15m,02:45,3.5,451.0,33,6.2
3778,3784,Guntur (Andhra Pradesh) to Hyderabad,https://www.redbus.in/bus-tickets/guntur-to-hyderabad,7,APSRTC - 4737,Super Luxury (Non AC Seater 2+2 Push Back),21:00,05h 40m,02:40,3.7,483.0,28,5.7
3779,3785,Guntur (Andhra Pradesh) to Hyderabad,https://www.redbus.in/bus-tickets/guntur-to-hyderabad,7,APSRTC - 4250,Super Luxury (Non AC Seater 2+2 Push Back),21:15,05h 47m,03:02,4.1,483.0,19,5.8
3780,3786,Guntur (Andhra Pradesh) to Hyderabad,https://www.redbus.in/bus-tickets/guntur-to-hyderabad,7,APSRTC - 4620,Super Luxury (Non AC Seater 2+2 Push Back),21:45,05h 45m,03:30,3.7,483.0,5,5.8
3781,3787,Guntur (Andhra Pradesh) to Hyderabad,https://www.redbus.in/bus-tickets/guntur-to-hyderabad,7,APSRTC - 4188,Super Luxury (Non AC Seater 2+2 Push Back),21:50,05h 55m,03:45,3.4,483.0,21,5.9
3782,3788,Guntur (Andhra Pradesh) to Hyderabad,https://www.redbus.in/bus-tickets/guntur-to-hyderabad,7,APSRTC - 4198,INDRA(A.C. Seater),22:00,05h 20m,03:20,4.3,585.0,17,5.3
3783,3789,Guntur (Andhra Pradesh) to Hyderabad,https://www.redbus.in/bus-tickets/guntur-to-hyderabad,7,APSRTC - 4252,Super Luxury (Non AC Seater 2+2 Push Back),22:05,05h 55m,04:00,3.8,483.0,22,5.9
3784,3790,Guntur (Andhra Pradesh) to Hyderabad,https://www.redbus.in/bus-tickets/guntur-to-hyderabad,7,APSRTC - 4611,Super Luxury (Non AC Seater 2+2 Push Back),22:15,05h 45m,04:00,4.1,483.0,12,5.8
3785,3791,Guntur (Andhra Pradesh) to Hyderabad,https://www.redbus.in/bus-tickets/guntur-to-hyderabad,7,APSRTC - 4214,AMARAVATHI (VOLVO / SCANIA A.C Multi Axle),22:30,04h 35m,03:05,3.8,743.0,29,4.6
3786,3792,Guntur (Andhra Pradesh) to Hyderabad,https://www.redbus.in/bus-tickets/guntur-to-hyderabad,7,APSRTC - 4628,Super Luxury (Non AC Seater 2+2 Push Back),22:30,06h 00m,04:30,4.4,483.0,3,6.0
3787,3793,Guntur (Andhra Pradesh) to Hyderabad,https://www.redbus.in/bus-tickets/guntur-to-hyderabad,7,TSRTC - 1575,"SUPER LUXURY (NON-AC, 2 + 2 PUSH BACK)",16:30,05h 20m,21:50,3.9,364.0,20,5.3
3788,3794,Guntur (Andhra Pradesh) to Hyderabad,https://www.redbus.in/bus-tickets/guntur-to-hyderabad,7,TSRTC - 7772,"SUPER LUXURY (NON-AC, 2 + 2 PUSH BACK)",17:30,07h 15m,00:45,2.3,394.0,31,7.2
3789,3795,Guntur (Andhra Pradesh) to Hyderabad,https://www.redbus.in/bus-tickets/guntur-to-hyderabad,7,TSRTC - 9569,"SUPER LUXURY (NON-AC, 2 + 2 PUSH BACK)",18:00,06h 15m,00:15,3.6,364.0,29,6.2
3790,3796,Guntur (Andhra Pradesh) to Hyderabad,https://www.redbus.in/bus-tickets/guntur-to-hyderabad,7,TSRTC - 7770,"SUPER LUXURY (NON-AC, 2 + 2 PUSH BACK)",19:30,06h 45m,02:15,3.6,395.0,27,6.8
3791,3797,Guntur (Andhra Pradesh) to Hyderabad,https://www.redbus.in/bus-tickets/guntur-to-hyderabad,7,TSRTC - 7774,Lahari Non A/C Sleeper Cum Seater,20:30,07h 00m,03:30,4.5,397.0,22,7.0
3792,3798,Guntur (Andhra Pradesh) to Hyderabad,https://www.redbus.in/bus-tickets/guntur-to-hyderabad,7,TSRTC - 9690,"SUPER LUXURY (NON-AC, 2 + 2 PUSH BACK)",21:30,05h 15m,02:45,4.5,454.0,13,5.2
3793,3799,Guntur (Andhra Pradesh) to Hyderabad,https://www.redbus.in/bus-tickets/guntur-to-hyderabad,7,TSRTC - 1618,"SUPER LUXURY (NON-AC, 2 + 2 PUSH BACK)",22:30,05h 15m,03:45,4.0,364.0,22,5.2
3794,3800,Guntur (Andhra Pradesh) to Hyderabad,https://www.redbus.in/bus-tickets/guntur-to-hyderabad,7,IntrCity SmartBus,AC Sleeper (2+1),22:35,06h 35m,05:10,4.6,824.0,11,6.6
3795,3801,Guntur (Andhra Pradesh) to Hyderabad,https://www.redbus.in/bus-tickets/guntur-to-hyderabad,7,Zingbus Plus,A/C Seater / Sleeper (2+1),21:45,07h 20m,05:05,4.6,594.0,17,7.3
3796,3802,Guntur (Andhra Pradesh) to Hyderabad,https://www.redbus.in/bus-tickets/guntur-to-hyderabad,7,GMRK Tours and Travels,Volvo A/C Semi Sleeper (2+2),22:45,06h 25m,05:10,4.5,399.0,15,6.4
3797,3803,Guntur (Andhra Pradesh) to Hyderabad,https://www.redbus.in/bus-tickets/guntur-to-hyderabad,7,AdShyamoli Paribahan Pvt Ltd,Scania Multi-Axle AC Semi Sleeper (2+2),22:20,06h 40m,05:00,3.1,375.0,27,6.7
3798,3804,Guntur (Andhra Pradesh) to Hyderabad,https://www.redbus.in/bus-tickets/guntur-to-hyderabad,7,IntrCity SmartBus,A/C Sleeper (2+1),22:55,06h 30m,05:25,4.6,1066.0,12,6.5
3799,3805,Guntur (Andhra Pradesh) to Hyderabad,https://www.redbus.in/bus-tickets/guntur-to-hyderabad,7,IntrCity SmartBus,Scania AC Multi Axle Sleeper (2+1),22:15,07h 45m,06:00,4.5,865.0,13,7.8
3800,3806,Guntur (Andhra Pradesh) to Hyderabad,https://www.redbus.in/bus-tickets/guntur-to-hyderabad,7,IntrCity SmartBus,A/C Seater / Sleeper (2+1),22:45,07h 00m,05:45,4.4,626.0,12,7.0
3801,3807,Guntur (Andhra Pradesh) to Hyderabad,https://www.redbus.in/bus-tickets/guntur-to-hyderabad,7,Svkdt travels,A/C Sleeper (2+1),22:20,07h 15m,05:35,4.3,890.0,14,7.2
3802,3808,Guntur (Andhra Pradesh) to Hyderabad,https://www.redbus.in/bus-tickets/guntur-to-hyderabad,7,Sri Sanvi Tours and Travels,A/C Sleeper (2+1),22:15,06h 45m,05:00,4.7,764.0,17,6.8
3803,3809,Guntur (Andhra Pradesh) to Hyderabad,https://www.redbus.in/bus-tickets/guntur-to-hyderabad,7,Sri KVR Travels,A/C Sleeper (2+1),22:40,06h 50m,05:30,4.3,890.0,12,6.8
3804,3810,Cooch Behar (West Bengal) to Raiganj,https://www.redbus.in/bus-tickets/cooch-behar-west-bengal-to-raiganj,1,NBSTC-COB-BHP-R1-19:00,Non AC Seater 2+2,19:00,06h 45m,01:45,3.7,277.0,18,6.8
3805,3811,Hyderabad to Sathupally,https://www.redbus.in/bus-tickets/hyderabad-to-sathupalli,9,TSRTC - 64828,"SUPER LUXURY (NON-AC, 2 + 2 PUSH BACK)",16:30,06h 20m,22:50,3.8,453.0,21,6.3
3806,3812,Hyderabad to Sathupally,https://www.redbus.in/bus-tickets/hyderabad-to-sathupalli,9,TSRTC - 2492,"SUPER LUXURY (NON-AC, 2 + 2 PUSH BACK)",17:30,08h 00m,01:30,3.8,456.0,31,8.0
3807,3813,Hyderabad to Sathupally,https://www.redbus.in/bus-tickets/hyderabad-to-sathupalli,9,TSRTC - 64363,"SUPER LUXURY (NON-AC, 2 + 2 PUSH BACK)",17:50,06h 05m,23:55,3.8,453.0,29,6.1
3808,3814,Hyderabad to Sathupally,https://www.redbus.in/bus-tickets/hyderabad-to-sathupalli,9,TSRTC - 2415,"SUPER LUXURY (NON-AC, 2 + 2 PUSH BACK)",18:40,09h 00m,03:40,3.8,456.0,13,9.0
3809,3815,Hyderabad to Sathupally,https://www.redbus.in/bus-tickets/hyderabad-to-sathupalli,9,TSRTC - 8804,RAJDHANI (A.C. Semi Sleeper),20:35,07h 15m,03:50,3.7,550.0,27,7.2
3810,3816,Hyderabad to Sathupally,https://www.redbus.in/bus-tickets/hyderabad-to-sathupalli,9,TSRTC - 64341,"SUPER LUXURY (NON-AC, 2 + 2 PUSH BACK)",20:50,08h 05m,04:55,4.1,453.0,12,8.1
3811,3817,Hyderabad to Sathupally,https://www.redbus.in/bus-tickets/hyderabad-to-sathupalli,9,TSRTC - 8886,Lahari Non A/C Sleeper Cum Seater,21:00,07h 30m,04:30,4.0,453.0,13,7.5
3812,3818,Hyderabad to Sathupally,https://www.redbus.in/bus-tickets/hyderabad-to-sathupalli,9,TSRTC - 8825,"SUPER LUXURY (NON-AC, 2 + 2 PUSH BACK)",21:00,07h 30m,04:30,4.3,453.0,27,7.5
3813,3819,Hyderabad to Sathupally,https://www.redbus.in/bus-tickets/hyderabad-to-sathupalli,9,TSRTC - 8856,RAJDHANI (A.C. Semi Sleeper),21:15,07h 25m,04:40,3.6,550.0,31,7.4
3814,3820,Hyderabad to Sathupally,https://www.redbus.in/bus-tickets/hyderabad-to-sathupalli,9,TSRTC - 8848,"SUPER LUXURY (NON-AC, 2 + 2 PUSH BACK)",21:20,07h 30m,04:50,4.0,453.0,5,7.5
3815,3821,Hyderabad to Sathupally,https://www.redbus.in/bus-tickets/hyderabad-to-sathupalli,9,APSRTC - 4797,Super Luxury (Non AC Seater 2+2 Push Back),19:30,08h 35m,04:05,4.1,451.0,20,8.6
3816,3822,Hyderabad to Sathupally,https://www.redbus.in/bus-tickets/hyderabad-to-sathupalli,9,APSRTC - 4958,Super Luxury (Non AC Seater 2+2 Push Back),20:00,07h 30m,03:30,4.5,451.0,24,7.5
3817,3823,Hyderabad to Sathupally,https://www.redbus.in/bus-tickets/hyderabad-to-sathupalli,9,APSRTC - 4960,"SUPER LUXURY (NON-AC, 2 + 2 PUSH BACK)",20:30,07h 30m,04:00,4.6,451.0,14,7.5
3818,3824,Hyderabad to Sathupally,https://www.redbus.in/bus-tickets/hyderabad-to-sathupalli,9,APSRTC - 4954,Super Luxury (Non AC Seater 2+2 Push Back),20:30,07h 30m,04:00,3.3,451.0,17,7.5
3819,3825,Hyderabad to Sathupally,https://www.redbus.in/bus-tickets/hyderabad-to-sathupalli,9,APSRTC - 4962,INDRA(A.C. Seater),21:00,07h 35m,04:35,3.9,545.0,15,7.6
3820,3826,Hyderabad to Sathupally,https://www.redbus.in/bus-tickets/hyderabad-to-sathupalli,9,APSRTC - 4874,STAR LINER(NON-AC SLEEPER 2+1),21:15,07h 55m,05:10,3.7,584.0,8,7.9
3821,3827,Hyderabad to Sathupally,https://www.redbus.in/bus-tickets/hyderabad-to-sathupalli,9,Mozo travels,A/C Seater / Sleeper (2+1),22:40,06h 25m,05:05,4.7,720.0,17,6.4
3822,3828,Hyderabad to Sathupally,https://www.redbus.in/bus-tickets/hyderabad-to-sathupalli,9,BSR Tours And Travels,NON A/C Seater (2+2),22:00,07h 00m,05:00,4.2,400.0,18,7.0
3823,3829,Hyderabad to Sathupally,https://www.redbus.in/bus-tickets/hyderabad-to-sathupalli,9,Sri Venkateswara Travels,Non A/C Seater / Sleeper (2+1),22:30,06h 30m,05:00,4.0,350.0,28,6.5
3824,3830,Hyderabad to Sathupally,https://www.redbus.in/bus-tickets/hyderabad-to-sathupalli,9,Mythri Tours And Travels,A/C Sleeper (2+1),23:00,05h 15m,04:15,4.9,999.0,9,5.2
3825,3831,Hyderabad to Sathupally,https://www.redbus.in/bus-tickets/hyderabad-to-sathupalli,9,Bharathi Tours & Travels,Non A/C Seater / Sleeper (2+1),21:20,07h 40m,05:00,4.2,400.0,10,7.7
3826,3832,Hyderabad to Sathupally,https://www.redbus.in/bus-tickets/hyderabad-to-sathupalli,9,Sri Krishna Travels(VGN),NON A/C Hi-Tech (2+2),21:45,07h 15m,05:00,3.8,400.0,14,7.2
3827,3833,Hyderabad to Sathupally,https://www.redbus.in/bus-tickets/hyderabad-to-sathupalli,9,Sri Krishna Travels,Volvo Multi-Axle A/C Sleeper (2+1),22:00,06h 00m,04:00,4.8,1800.0,18,6.0
3828,3834,Hyderabad to Sathupally,https://www.redbus.in/bus-tickets/hyderabad-to-sathupalli,9,Sri KVR Travels,Non A/C Seater / Sleeper (2+1),22:30,06h 55m,05:25,3.9,800.0,1,6.9
3829,3835,Hyderabad to Sathupally,https://www.redbus.in/bus-tickets/hyderabad-to-sathupalli,9,Sri Krishna Travels(VGN),Non A/C Seater / Sleeper (2+1),21:45,07h 35m,05:20,3.6,500.0,9,7.6
3830,3836,Hyderabad to Sathupally,https://www.redbus.in/bus-tickets/hyderabad-to-sathupalli,9,Siri Tours and Travels,Non A/C Seater / Sleeper (2+1),22:35,05h 25m,04:00,3.1,780.0,3,5.4
3831,3837,Kolkata to Mandarmani,https://www.redbus.in/bus-tickets/kolkata-to-mandarmani,16,Shyamoli Paribahan Pvt Ltd,VE A/C Seater (2+2),23:30,04h 15m,03:45,4.5,495.0,6,4.2
3832,3838,Kolkata to Mandarmani,https://www.redbus.in/bus-tickets/kolkata-to-mandarmani,16,Express Line,Volvo 9600 A/C Seater (2+2),23:45,04h 20m,04:05,4.6,584.0,20,4.3
3833,3839,Kolkata to Mandarmani,https://www.redbus.in/bus-tickets/kolkata-to-mandarmani,16,Shyamoli Paribahan Pvt Ltd,Volvo A/C Seater (2+2),23:45,04h 15m,04:00,4.4,600.0,29,4.2
3834,3840,Kolkata to Mandarmani,https://www.redbus.in/bus-tickets/kolkata-to-mandarmani,16,Parameswar Travels,A/C Seater Push Back (2+2),23:50,04h 40m,04:30,4.2,285.0,24,4.7
3835,3841,Kolkata to Mandarmani,https://www.redbus.in/bus-tickets/kolkata-to-mandarmani,16,Sagufta Travels(Maa Chandi),A/C Seater / Sleeper (2+2),23:57,04h 30m,04:27,4.7,394.0,26,4.5
3836,3842,Thrissur to Kozhikode,https://www.redbus.in/bus-tickets/thrissur-to-kozhikode,6,KSRTC (Kerala) - 765,Super Fast Non AC Seater (2+3),19:00,03h 20m,22:20,3.0,181.0,45,3.3
3837,3843,Thrissur to Kozhikode,https://www.redbus.in/bus-tickets/thrissur-to-kozhikode,6,KSRTC (Kerala) - 74,Swift Deluxe Non AC Air Bus (2+2),19:05,02h 50m,21:55,3.0,216.0,7,2.8
3838,3844,Thrissur to Kozhikode,https://www.redbus.in/bus-tickets/thrissur-to-kozhikode,6,KSRTC (Kerala) - 723,Super Fast Non AC Seater (2+3),19:15,03h 30m,22:45,3.0,181.0,44,3.5
3839,3845,Thrissur to Kozhikode,https://www.redbus.in/bus-tickets/thrissur-to-kozhikode,6,KSRTC (Kerala) - 549,Super Express Non AC Seater Air Bus (2+2),19:30,02h 45m,22:15,3.0,216.0,5,2.8
3840,3846,Thrissur to Kozhikode,https://www.redbus.in/bus-tickets/thrissur-to-kozhikode,6,KSRTC (Kerala) - 2572,Super Fast Non AC Seater (2+3),19:40,04h 10m,23:50,3.0,174.0,38,4.2
3841,3847,Thrissur to Kozhikode,https://www.redbus.in/bus-tickets/thrissur-to-kozhikode,6,KSRTC (Kerala) - 2712,Super Fast Non AC Seater (2+3),20:00,02h 50m,22:50,3.0,166.0,37,2.8
3842,3848,Thrissur to Kozhikode,https://www.redbus.in/bus-tickets/thrissur-to-kozhikode,6,KSRTC (Kerala) - 2517,Swift Deluxe Non AC Air Bus (2+2),20:26,02h 50m,23:16,3.0,216.0,18,2.8
3843,3849,Thrissur to Kozhikode,https://www.redbus.in/bus-tickets/thrissur-to-kozhikode,6,KSRTC (Kerala) - 2569,Super Fast Non AC Seater (2+3),20:35,04h 00m,00:35,3.0,174.0,33,4.0
3844,3850,Thrissur to Kozhikode,https://www.redbus.in/bus-tickets/thrissur-to-kozhikode,6,KSRTC (Kerala) - 1962,Super Fast Non AC Seater (2+3),20:45,03h 14m,23:59,3.0,181.0,33,3.2
3845,3851,Thrissur to Kozhikode,https://www.redbus.in/bus-tickets/thrissur-to-kozhikode,6,KSRTC (Kerala) - 561,Super Express Non AC Seater Air Bus (2+2),21:35,03h 15m,00:50,3.0,201.0,12,3.2
3846,3852,Thrissur to Kozhikode,https://www.redbus.in/bus-tickets/thrissur-to-kozhikode,6,Sheraton Tours and Travels,A/C Seater/Sleeper (2+1),22:27,03h 18m,01:45,4.2,480.0,4,3.3
3847,3853,Thrissur to Kozhikode,https://www.redbus.in/bus-tickets/thrissur-to-kozhikode,6,Ubc travels,A/C Semi Sleeper (2+2),22:30,02h 30m,01:00,3.8,700.0,41,2.5
3848,3854,Thrissur to Kozhikode,https://www.redbus.in/bus-tickets/thrissur-to-kozhikode,6,Kallada Travels (Suresh Kallada),A/C Sleeper (2+1),22:31,02h 54m,01:25,3.2,1100.0,24,2.9
3849,3855,Thrissur to Kozhikode,https://www.redbus.in/bus-tickets/thrissur-to-kozhikode,6,Adrin Travels,A/C Seater/Sleeper (2+1),23:05,02h 55m,02:00,4.0,800.0,18,2.9
3850,3856,Thrissur to Kozhikode,https://www.redbus.in/bus-tickets/thrissur-to-kozhikode,6,UFO Bus,A/C Sleeper (2+1),23:15,03h 30m,02:45,4.0,900.0,36,3.5
3851,3857,Thrissur to Kozhikode,https://www.redbus.in/bus-tickets/thrissur-to-kozhikode,6,Ubc travels,A/C Seater/Sleeper (2+1),23:20,03h 40m,03:00,3.8,900.0,35,3.7
3852,3858,Thrissur to Kozhikode,https://www.redbus.in/bus-tickets/thrissur-to-kozhikode,6,Surya Connect,Volvo A/C Semi Sleeper (2+2),23:20,02h 50m,02:10,4.3,580.0,25,2.8
3853,3859,Thrissur to Kozhikode,https://www.redbus.in/bus-tickets/thrissur-to-kozhikode,6,Madhavi Travels,A/C Semi Sleeper (2+2),23:20,02h 55m,02:15,4.0,549.0,13,2.9
3854,3860,Thrissur to Kozhikode,https://www.redbus.in/bus-tickets/thrissur-to-kozhikode,6,Cochin Express,Volvo Multi-Axle B9R A/c Semi Sleeper (2+2),23:30,02h 50m,02:20,4.1,700.0,32,2.8
3855,3861,Thrissur to Kozhikode,https://www.redbus.in/bus-tickets/thrissur-to-kozhikode,6,Cochin Express,A/C Sleeper (2+1),23:40,02h 50m,02:30,4.1,900.0,8,2.8
3856,3862,Sangola (Solapur) to Goa,https://www.redbus.in/bus-tickets/sangola-to-goa,10,Kadamba Transport Corporation Limited (KTCL) - 61005,Non AC Seater 2+2,21:45,12h 15m,10:00,2.3,675.0,29,12.2
3857,3863,Sangola (Solapur) to Goa,https://www.redbus.in/bus-tickets/sangola-to-goa,10,SR Tours & Travels,A/C Sleeper (2+1),20:30,09h 00m,05:30,,1035.0,21,9.0
3858,3864,Bangalore to Chittoor (Andhra Pradesh),https://www.redbus.in/bus-tickets/bangalore-to-chittoor-andhra-pradesh,7,APSRTC - 9020,Express(Non AC Seater),17:30,04h 25m,21:55,3.5,186.0,38,4.4
3859,3865,Bangalore to Chittoor (Andhra Pradesh),https://www.redbus.in/bus-tickets/bangalore-to-chittoor-andhra-pradesh,7,APSRTC - 47211,Express(Non AC Seater),18:30,04h 25m,22:55,3.6,186.0,34,4.4
3860,3866,Bangalore to Chittoor (Andhra Pradesh),https://www.redbus.in/bus-tickets/bangalore-to-chittoor-andhra-pradesh,7,APSRTC - 5457,Super Luxury (Non AC Seater 2+2 Push Back),21:30,04h 30m,02:00,4.2,277.0,24,4.5
3861,3867,Bangalore to Chittoor (Andhra Pradesh),https://www.redbus.in/bus-tickets/bangalore-to-chittoor-andhra-pradesh,7,APSRTC - 47006,Express(Non AC Seater),21:30,05h 00m,02:30,4.2,217.0,26,5.0
3862,3868,Bangalore to Chittoor (Andhra Pradesh),https://www.redbus.in/bus-tickets/bangalore-to-chittoor-andhra-pradesh,7,APSRTC - 5449,Super Luxury (Non AC Seater 2+2 Push Back),21:30,05h 45m,03:15,3.5,304.0,5,5.8
3863,3869,Bangalore to Chittoor (Andhra Pradesh),https://www.redbus.in/bus-tickets/bangalore-to-chittoor-andhra-pradesh,7,SVD Vedansh Travels,A/C Sleeper (2+1),15:20,04h 10m,19:30,3.7,600.0,25,4.2
3864,3870,Bangalore to Chittoor (Andhra Pradesh),https://www.redbus.in/bus-tickets/bangalore-to-chittoor-andhra-pradesh,7,Yolo Bus,Bharat Benz A/C Seater /Sleeper (2+1),15:25,04h 48m,20:13,3.5,590.0,1,4.8
3865,3871,Bangalore to Chittoor (Andhra Pradesh),https://www.redbus.in/bus-tickets/bangalore-to-chittoor-andhra-pradesh,7,Venson Transports,Non AC Seater (2+3),16:20,05h 40m,22:00,3.5,245.0,57,5.7
3866,3872,Bangalore to Chittoor (Andhra Pradesh),https://www.redbus.in/bus-tickets/bangalore-to-chittoor-andhra-pradesh,7,NueGo,Electric A/C Seater (2+2),18:00,05h 40m,23:40,3.2,569.0,19,5.7
3867,3873,Bangalore to Chittoor (Andhra Pradesh),https://www.redbus.in/bus-tickets/bangalore-to-chittoor-andhra-pradesh,7,RK Travels,Non A/C Seater / Sleeper (2+1),20:30,05h 30m,02:00,3.5,499.0,15,5.5
3868,3874,Silchar to Guwahati,https://www.redbus.in/bus-tickets/silchar-to-guwahati,3,JAYSIKA,NON A/C Seater (2+1),16:30,12h 00m,04:30,2.5,650.0,20,12.0
3869,3875,Silchar to Guwahati,https://www.redbus.in/bus-tickets/silchar-to-guwahati,3,RAYAN TRAVELS,NON A/C Seater (2+1),18:30,11h 30m,06:00,2.8,550.0,28,11.5
3870,3876,Silchar to Guwahati,https://www.redbus.in/bus-tickets/silchar-to-guwahati,3,SEEMA TRAVELS,A/C Seater (2+2),17:30,11h 30m,05:00,1.4,750.0,40,11.5
3871,3877,Lucknow to Haridwar,https://www.redbus.in/bus-tickets/lucknow-to-haridwar,2,SHRI KRISHNA TRAVELS (JAI SHREE GANESH YATRA CO.),VE A/C Seater / Sleeper (2+1),17:30,13h 00m,06:30,4.7,647.0,20,13.0
3872,3878,Lucknow to Haridwar,https://www.redbus.in/bus-tickets/lucknow-to-haridwar,2,PTC-SKYBUS,VE A/C Seater / Sleeper (2+1),18:15,11h 35m,05:50,4.7,599.0,23,11.6
3873,3879,Lucknow to Haridwar,https://www.redbus.in/bus-tickets/lucknow-to-haridwar,2,SHRI KRISHNA TRAVELS (JAI SHREE GANESH YATRA CO.),VE A/C Seater / Sleeper (2+1),20:30,11h 40m,08:10,4.3,739.0,21,11.7
3874,3880,Lucknow to Haridwar,https://www.redbus.in/bus-tickets/lucknow-to-haridwar,2,Mahalaxmi Travels,A/C Sleeper (2+1),17:00,13h 30m,06:30,4.2,785.0,20,13.5
3875,3881,Kolkata to Bankura,https://www.redbus.in/bus-tickets/kolkata-to-bankura,12,SBSTC-KARUNAMOYEE - BANKURA - VIA - DURGAPUR - 16:45 - 311,Non AC Seater (2+3),16:45,05h 30m,22:15,4.2,185.0,46,5.5
3876,3882,Kolkata to Bankura,https://www.redbus.in/bus-tickets/kolkata-to-bankura,12,City Queen Bus Service,Non AC Seater (2+2),20:50,05h 10m,02:00,3.0,250.0,14,5.2
3877,3883,Kolkata to Bankura,https://www.redbus.in/bus-tickets/kolkata-to-bankura,12,City Queen Bus Service,Non AC Seater (2+2),21:30,06h 00m,03:30,2.2,285.0,18,6.0
3878,3884,Hyderabad to Mancherial,https://www.redbus.in/bus-tickets/hyderabad-to-mancherial,9,TSRTC - 8139,"SUPER LUXURY (NON-AC, 2 + 2 PUSH BACK)",15:30,06h 10m,21:40,2.1,429.0,31,6.2
3879,3885,Hyderabad to Mancherial,https://www.redbus.in/bus-tickets/hyderabad-to-mancherial,9,TSRTC - 8047,"SUPER LUXURY (NON-AC, 2 + 2 PUSH BACK)",15:30,05h 20m,20:50,3.9,429.0,31,5.3
3880,3886,Hyderabad to Mancherial,https://www.redbus.in/bus-tickets/hyderabad-to-mancherial,9,TSRTC - 8017,"SUPER LUXURY (NON-AC, 2 + 2 PUSH BACK)",16:15,05h 20m,21:35,3.9,429.0,31,5.3
3881,3887,Hyderabad to Mancherial,https://www.redbus.in/bus-tickets/hyderabad-to-mancherial,9,TSRTC - 8099,"SUPER LUXURY (NON-AC, 2 + 2 PUSH BACK)",16:30,05h 35m,22:05,3.9,429.0,29,5.6
3882,3888,Hyderabad to Mancherial,https://www.redbus.in/bus-tickets/hyderabad-to-mancherial,9,TSRTC - 8092,"SUPER LUXURY (NON-AC, 2 + 2 PUSH BACK)",17:15,05h 20m,22:35,3.9,429.0,30,5.3
3883,3889,Hyderabad to Mancherial,https://www.redbus.in/bus-tickets/hyderabad-to-mancherial,9,TSRTC - 8034,"SUPER LUXURY (NON-AC, 2 + 2 PUSH BACK)",18:00,06h 10m,00:10,4.2,429.0,31,6.2
3884,3890,Hyderabad to Mancherial,https://www.redbus.in/bus-tickets/hyderabad-to-mancherial,9,TSRTC - 8049,"SUPER LUXURY (NON-AC, 2 + 2 PUSH BACK)",18:30,06h 25m,00:55,3.9,429.0,31,6.4
3885,3891,Hyderabad to Mancherial,https://www.redbus.in/bus-tickets/hyderabad-to-mancherial,9,TSRTC - 8180,"SUPER LUXURY (NON-AC, 2 + 2 PUSH BACK)",20:00,05h 20m,01:20,3.5,429.0,31,5.3
3886,3892,Hyderabad to Mancherial,https://www.redbus.in/bus-tickets/hyderabad-to-mancherial,9,TSRTC - 8032,"SUPER LUXURY (NON-AC, 2 + 2 PUSH BACK)",20:30,06h 10m,02:40,2.0,429.0,26,6.2
3887,3893,Hyderabad to Mancherial,https://www.redbus.in/bus-tickets/hyderabad-to-mancherial,9,TSRTC - 8067,"SUPER LUXURY (NON-AC, 2 + 2 PUSH BACK)",21:00,06h 25m,03:25,4.1,429.0,9,6.4
3888,3894,Hyderabad to Mancherial,https://www.redbus.in/bus-tickets/hyderabad-to-mancherial,9,TSRTC - 8042,"SUPER LUXURY (NON-AC, 2 + 2 PUSH BACK)",21:20,06h 15m,03:35,4.9,429.0,27,6.2
3889,3895,Hyderabad to Mancherial,https://www.redbus.in/bus-tickets/hyderabad-to-mancherial,9,TSRTC - 8053,Lahari A/C sleeper,21:30,06h 30m,04:00,3.9,520.0,25,6.5
3890,3896,Hyderabad to Mancherial,https://www.redbus.in/bus-tickets/hyderabad-to-mancherial,9,TSRTC - 8040,"SUPER LUXURY (NON-AC, 2 + 2 PUSH BACK)",21:45,06h 15m,04:00,3.4,429.0,15,6.2
3891,3897,Hyderabad to Mancherial,https://www.redbus.in/bus-tickets/hyderabad-to-mancherial,9,TSRTC - 8011,RAJDHANI (A.C. Semi Sleeper),21:45,05h 20m,03:05,3.2,520.0,35,5.3
3892,3898,Hyderabad to Mancherial,https://www.redbus.in/bus-tickets/hyderabad-to-mancherial,9,TSRTC - 8194,Lahari A/C sleeper,22:00,06h 10m,04:10,4.4,520.0,40,6.2
3893,3899,Hyderabad to Mancherial,https://www.redbus.in/bus-tickets/hyderabad-to-mancherial,9,TSRTC - 8028,Lahari Non A/C Sleeper Cum Seater,22:30,06h 15m,04:45,4.5,447.0,12,6.2
3894,3900,Hyderabad to Mancherial,https://www.redbus.in/bus-tickets/hyderabad-to-mancherial,9,TSRTC - 8038,"SUPER LUXURY (NON-AC, 2 + 2 PUSH BACK)",23:00,06h 10m,05:10,4.6,429.0,24,6.2
3895,3901,Hyderabad to Mancherial,https://www.redbus.in/bus-tickets/hyderabad-to-mancherial,9,TSRTC - 8057,"SUPER LUXURY (NON-AC, 2 + 2 PUSH BACK)",23:15,06h 25m,05:40,4.5,429.0,31,6.4
3896,3902,Hyderabad to Mancherial,https://www.redbus.in/bus-tickets/hyderabad-to-mancherial,9,TSRTC - 8135,Lahari A/C sleeper,23:30,06h 10m,05:40,4.1,520.0,36,6.2
3897,3903,Hyderabad to Mancherial,https://www.redbus.in/bus-tickets/hyderabad-to-mancherial,9,TSRTC - 8171,"SUPER LUXURY (NON-AC, 2 + 2 PUSH BACK)",23:45,06h 10m,05:55,4.1,429.0,30,6.2
3898,3904,Hyderabad to Mancherial,https://www.redbus.in/bus-tickets/hyderabad-to-mancherial,9,IPS Bus Service,NON A/C Sleeper (2+2),15:30,04h 50m,20:20,1.6,1000.0,36,4.8
3899,3905,Hyderabad to Mancherial,https://www.redbus.in/bus-tickets/hyderabad-to-mancherial,9,DNR Express,AC Sleeper (2+1),21:30,04h 30m,02:00,2.0,899.0,18,4.5
3900,3906,Kolkata to Dhupguri (West Bengal),https://www.redbus.in/bus-tickets/kolkata-to-dhupguri-west-bengal,1,NBSTC-KOL-APD-E1-19:00,Non AC Seater (2+3),16:00,15h 45m,07:45,3.9,515.0,44,15.8
3901,3907,Kolkata to Dhupguri (West Bengal),https://www.redbus.in/bus-tickets/kolkata-to-dhupguri-west-bengal,1,NBSTC-KOL-COB-R1-17:00,Non AC Seater 2+2,17:00,13h 30m,06:30,4.8,555.0,24,13.5
3902,3908,Raiganj to Ranaghat,https://www.redbus.in/bus-tickets/raiganj-to-ranaghat,1,NBSTC-RAI-KOL-R1-19:30,NON A/C Seater Push Back (2+2),20:30,08h 45m,05:15,3.3,278.0,21,8.8
3903,3909,Raiganj to Ranaghat,https://www.redbus.in/bus-tickets/raiganj-to-ranaghat,1,Lokenath Bus Service,NON A/C Seater / Sleeper (2+2),19:45,08h 25m,04:10,2.6,500.0,12,8.4
3904,3910,Raiganj to Ranaghat,https://www.redbus.in/bus-tickets/raiganj-to-ranaghat,1,Aradhana Bus Service,NON A/C Seater / Sleeper (2+2),19:15,07h 55m,03:10,2.4,665.0,29,7.9
3905,3911,Chandigarh to Rohtak,https://www.redbus.in/bus-tickets/chandigarh-to-rohtak,8,Vijay Tour and Travels,Bharat Benz A/C Seater / Sleeper (2+2),15:25,04h 50m,20:15,4.4,792.0,28,4.8
3906,3912,Chandigarh to Rohtak,https://www.redbus.in/bus-tickets/chandigarh-to-rohtak,8,Vijay Tour and Travels,Bharat Benz A/C Seater /Sleeper (2+1),15:30,05h 05m,20:35,3.3,693.0,27,5.1
3907,3913,Chandigarh to Rohtak,https://www.redbus.in/bus-tickets/chandigarh-to-rohtak,8,Vijay Tour and Travels,Bharat Benz A/C Seater /Sleeper (2+1),17:25,05h 35m,23:00,3.5,601.0,33,5.6
3908,3914,Chandigarh to Rohtak,https://www.redbus.in/bus-tickets/chandigarh-to-rohtak,8,Vijay Tour and Travels,Bharat Benz A/C Seater /Sleeper (2+1),18:45,05h 25m,00:10,3.5,647.0,38,5.4
3909,3915,Chandigarh to Rohtak,https://www.redbus.in/bus-tickets/chandigarh-to-rohtak,8,Shree Raj Akanshi travels,Bharat Benz A/C Seater /Sleeper (2+1),19:05,04h 35m,23:40,4.9,554.0,31,4.6
3910,3916,Durgapur (West Bengal) to Kolkata,https://www.redbus.in/bus-tickets/durgapur-to-kolkata,12,SBSTC-BANKURA - KARUNAMOYEE - 14:15 (BNK DEPOT) - 241,Non AC Seater (2+3),16:00,04h 00m,20:00,3.7,155.0,37,4.0
3911,3917,Durgapur (West Bengal) to Kolkata,https://www.redbus.in/bus-tickets/durgapur-to-kolkata,12,SBSTC-ASANSOL - KARUNAMOYEE - 15:10 (BEL DEPOT) - 216,Non AC Seater (2+3),16:20,04h 00m,20:20,4.1,155.0,22,4.0
3912,3918,Durgapur (West Bengal) to Kolkata,https://www.redbus.in/bus-tickets/durgapur-to-kolkata,12,SBSTC-ASANSOL - KOLKATA - 15:35 (HOWRAH DEPOT) - 211,Non AC Seater (2+3),16:45,03h 30m,20:15,2.4,150.0,52,3.5
3913,3919,Durgapur (West Bengal) to Kolkata,https://www.redbus.in/bus-tickets/durgapur-to-kolkata,12,SBSTC-BANKURA - KARUNAMOYEE - A/C - 15:15 - 1500,AC Seater (2+2),17:00,04h 00m,21:00,2.5,300.0,15,4.0
3914,3920,Durgapur (West Bengal) to Kolkata,https://www.redbus.in/bus-tickets/durgapur-to-kolkata,12,SBSTC-ASANSOL - KARUNAMOYEE - 16:10 (BEL DEPOT) - 217,Non AC Seater (2+3),17:25,04h 00m,21:25,3.5,155.0,37,4.0
3915,3921,Durgapur (West Bengal) to Kolkata,https://www.redbus.in/bus-tickets/durgapur-to-kolkata,12,SBSTC-ASANSOL - KOLKATA - 16:30 (HOWRAH DEPOT) - 752,Non AC Seater (2+3),17:40,03h 30m,21:10,4.0,150.0,50,3.5
3916,3922,Durgapur (West Bengal) to Kolkata,https://www.redbus.in/bus-tickets/durgapur-to-kolkata,12,SBSTC-ASANSOL - KARUNAMOYEE - 16:40 (ASANSOL DEPOT) - 847,Non AC Seater (2+3),17:50,04h 10m,22:00,4.1,155.0,49,4.2
3917,3923,Durgapur (West Bengal) to Kolkata,https://www.redbus.in/bus-tickets/durgapur-to-kolkata,12,WBTC (CTC) KARUNAMOYEE - DURGAPUR - ASANSOL (AC Volvo) Banglashree Express - 135|17:10,Volvo AC Seater (2+2),17:10,03h 15m,20:25,3.9,350.0,29,3.2
3918,3924,Durgapur (West Bengal) to Kolkata,https://www.redbus.in/bus-tickets/durgapur-to-kolkata,12,Shyamoli Paribahan Pvt Ltd,Volvo A/C Seater (2+2),15:30,03h 50m,19:20,4.4,486.0,18,3.8
3919,3925,Durgapur (West Bengal) to Kolkata,https://www.redbus.in/bus-tickets/durgapur-to-kolkata,12,Greenline (Karunamoyee),Scania Multi-Axle AC Semi Sleeper (2+2),15:30,04h 00m,19:30,4.2,486.0,3,4.0
3920,3926,Durgapur (West Bengal) to Kolkata,https://www.redbus.in/bus-tickets/durgapur-to-kolkata,12,Greenline,Volvo A/C B11R Multi Axle Semi Sleeper (2+2),16:00,03h 50m,19:50,4.3,486.0,22,3.8
3921,3927,Durgapur (West Bengal) to Kolkata,https://www.redbus.in/bus-tickets/durgapur-to-kolkata,12,SHYAMOLI Pvt. Ltd.(Karunamoyee),Volvo A/C Seater (2+2),16:00,04h 00m,20:00,4.3,486.0,7,4.0
3922,3928,Durgapur (West Bengal) to Kolkata,https://www.redbus.in/bus-tickets/durgapur-to-kolkata,12,Express Line (Karunamoyee),Scania Multi-Axle AC Semi Sleeper (2+2),16:20,04h 05m,20:25,4.4,486.0,11,4.1
3923,3929,Durgapur (West Bengal) to Kolkata,https://www.redbus.in/bus-tickets/durgapur-to-kolkata,12,Shyamoli Paribahan Pvt Ltd,Volvo A/C Seater (2+2),16:30,04h 00m,20:30,3.9,486.0,20,4.0
3924,3930,Durgapur (West Bengal) to Kolkata,https://www.redbus.in/bus-tickets/durgapur-to-kolkata,12,SHYAMOLI Pvt. Ltd.(Karunamoyee),Volvo A/C Seater (2+2),16:45,04h 00m,20:45,4.2,486.0,31,4.0
3925,3931,Durgapur (West Bengal) to Kolkata,https://www.redbus.in/bus-tickets/durgapur-to-kolkata,12,Greenline,Volvo A/C Seater (2+2),17:10,03h 50m,21:00,4.1,486.0,28,3.8
3926,3932,Durgapur (West Bengal) to Kolkata,https://www.redbus.in/bus-tickets/durgapur-to-kolkata,12,Greenline (Karunamoyee),Volvo A/C B11R Multi Axle Semi Sleeper (2+2),17:30,03h 50m,21:20,4.0,486.0,25,3.8
3927,3933,Kolkata to Raiganj,https://www.redbus.in/bus-tickets/kolkata-to-raiganj,1,NBSTC-KOL-APD-E1-19:00,Non AC Seater (2+3),16:00,09h 30m,01:30,3.6,315.0,44,9.5
3928,3934,Kolkata to Raiganj,https://www.redbus.in/bus-tickets/kolkata-to-raiganj,1,NBSTC-KOL-COB-R1-17:00,Non AC Seater 2+2,17:00,07h 30m,00:30,3.4,341.0,22,7.5
3929,3935,Kolkata to Raiganj,https://www.redbus.in/bus-tickets/kolkata-to-raiganj,1,NBSTC-KOL-SLG-R1-18:00,NON A/C Seater Push Back (2+2),18:00,09h 00m,03:00,4.5,341.0,12,9.0
3930,3936,Kolkata to Raiganj,https://www.redbus.in/bus-tickets/kolkata-to-raiganj,1,NBSTC-KOL-RAI-R1-20:30,NON A/C Seater Push Back (2+2),20:45,10h 00m,06:45,3.7,341.0,22,10.0
3931,3937,Kolkata to Raiganj,https://www.redbus.in/bus-tickets/kolkata-to-raiganj,1,Shyamoli Paribahan Pvt Ltd,Volvo Multi-Axle A/C seater/sleeper (2+1),19:30,08h 50m,04:20,4.8,1200.0,39,8.8
3932,3938,Kolkata to Raiganj,https://www.redbus.in/bus-tickets/kolkata-to-raiganj,1,Express Line,Volvo 9600 Multi-Axle A/C Sleeper (2+1),18:30,10h 50m,05:20,4.6,1049.0,17,10.8
3933,3939,Kolkata to Raiganj,https://www.redbus.in/bus-tickets/kolkata-to-raiganj,1,Shyamoli Paribahan Pvt Ltd,Volvo 9600 A/C Seater/Sleeper (2+1),18:30,09h 20m,03:50,4.3,1200.0,30,9.3
3934,3940,Kolkata to Raiganj,https://www.redbus.in/bus-tickets/kolkata-to-raiganj,1,Lokenath Bus Service,Volvo Multi Axle B11R AC Seater\Sleeper (2+1),18:15,09h 15m,03:30,3.7,849.0,27,9.2
3935,3941,Kolkata to Raiganj,https://www.redbus.in/bus-tickets/kolkata-to-raiganj,1,Lokenath Bus Service,Volvo 9600 Multi-Axle A/C Sleeper (2+1),18:45,10h 15m,05:00,4.4,1050.0,25,10.2
3936,3942,Kolkata to Raiganj,https://www.redbus.in/bus-tickets/kolkata-to-raiganj,1,EASY RIDE,Volvo 9600 Multi-Axle A/C Sleeper (2+1),18:45,10h 10m,04:55,4.8,1500.0,15,10.2
3937,3943,Kolkata to Raiganj,https://www.redbus.in/bus-tickets/kolkata-to-raiganj,1,Rubi Paribahan  ,Volvo 9600 Multi-Axle A/C Sleeper (2+1),19:00,09h 45m,04:45,4.1,1500.0,20,9.8
3938,3944,Kolkata to Raiganj,https://www.redbus.in/bus-tickets/kolkata-to-raiganj,1,Shyamoli Paribahan Pvt Ltd,Volvo 9600 Multi-Axle A/C Sleeper (2+1),18:00,10h 50m,04:50,4.6,1500.0,27,10.8
3939,3945,Kolkata to Raiganj,https://www.redbus.in/bus-tickets/kolkata-to-raiganj,1,Lokenath Bus Service,Volvo Multi Axle B11R AC Seater\Sleeper (2+1),20:00,08h 45m,04:45,4.9,949.0,21,8.8
3940,3946,Kolkata to Raiganj,https://www.redbus.in/bus-tickets/kolkata-to-raiganj,1,Aradhana Bus Service,NON A/C Seater / Sleeper (2+2),16:45,10h 45m,03:30,2.4,713.0,33,10.8
3941,3947,Kolkata to Midnapore,https://www.redbus.in/bus-tickets/kolkata-to-midnapore,12,SBSTC-KOLKATA - MIDNAPUR - 18:00 (MID DEPOT) - 597,Non AC Seater (2+3),18:00,03h 00m,21:00,3.3,110.0,31,3.0
3942,3948,Kolkata to Midnapore,https://www.redbus.in/bus-tickets/kolkata-to-midnapore,12,SBSTC-KOLKATA - MIDNAPUR - 18:45 (MID DEPOT) - 678,Non AC Seater (2+3),18:45,03h 00m,21:45,4.0,110.0,28,3.0
3943,3949,Lucknow to Motihari,https://www.redbus.in/bus-tickets/lucknow-to-motihari,14,Bihar state road transport corporation (BSRTC) - 152185,Volvo AC Seater 2+2,23:00,09h 30m,08:30,3.3,680.0,8,9.5
3944,3950,Lucknow to Motihari,https://www.redbus.in/bus-tickets/lucknow-to-motihari,14,MISHRA BANDHU BUS SERVICE,A/C Seater / Sleeper (2+1),21:30,10h 00m,07:30,2.4,799.0,19,10.0
3945,3951,Lucknow to Motihari,https://www.redbus.in/bus-tickets/lucknow-to-motihari,14,Shree Balajee Travels And Cargo,A/C Seater / Sleeper (2+1),23:30,09h 30m,09:00,1.2,1799.0,47,9.5
3946,3952,Hamirpur (Himachal Pradesh) to Chandigarh,https://www.redbus.in/bus-tickets/hamirpur-himachal-pradesh-to-chandigarh,13,HRTC - 603,Ordinary 3+2 Non AC Seater,16:40,06h 30m,23:10,4.1,348.0,37,6.5
3947,3953,Hamirpur (Himachal Pradesh) to Chandigarh,https://www.redbus.in/bus-tickets/hamirpur-himachal-pradesh-to-chandigarh,13,HRTC - 401270,Ordinary 3+2 Non AC Seater,17:05,04h 00m,21:05,3.9,295.0,37,4.0
3948,3954,Hamirpur (Himachal Pradesh) to Chandigarh,https://www.redbus.in/bus-tickets/hamirpur-himachal-pradesh-to-chandigarh,13,HRTC - 602,Ordinary 3+2 Non AC Seater,17:20,05h 40m,23:00,3.9,309.0,28,5.7
3949,3955,Hamirpur (Himachal Pradesh) to Chandigarh,https://www.redbus.in/bus-tickets/hamirpur-himachal-pradesh-to-chandigarh,13,HRTC - 955,Ordinary 3+2 Non AC Seater,17:40,06h 15m,23:55,3.9,309.0,35,6.2
3950,3956,Hamirpur (Himachal Pradesh) to Chandigarh,https://www.redbus.in/bus-tickets/hamirpur-himachal-pradesh-to-chandigarh,13,HRTC - 601,Himmani Deluxe 2+2 Non AC Seater,18:30,04h 30m,23:00,3.9,318.0,26,4.5
3951,3957,Hamirpur (Himachal Pradesh) to Chandigarh,https://www.redbus.in/bus-tickets/hamirpur-himachal-pradesh-to-chandigarh,13,HRTC - 99,Himsuta AC Seater Volvo/Scania 2+2,21:00,05h 00m,02:00,3.9,615.0,15,5.0
3952,3958,Hamirpur (Himachal Pradesh) to Chandigarh,https://www.redbus.in/bus-tickets/hamirpur-himachal-pradesh-to-chandigarh,13,HRTC - 622,Ordinary 3+2 Non AC Seater,21:15,05h 15m,02:30,5.0,344.0,35,5.2
3953,3959,Hamirpur (Himachal Pradesh) to Chandigarh,https://www.redbus.in/bus-tickets/hamirpur-himachal-pradesh-to-chandigarh,13,Chandigarh Transport Undertaking (CTU) - 165844,HVAC Seater (2+3),16:18,04h 30m,20:48,4.3,364.77,40,4.5
3954,3960,Hamirpur (Himachal Pradesh) to Chandigarh,https://www.redbus.in/bus-tickets/hamirpur-himachal-pradesh-to-chandigarh,13,Laxmi holidays,Volvo A/C Semi Sleeper (2+2),20:20,04h 55m,01:15,4.4,599.0,19,4.9
3955,3961,Hamirpur (Himachal Pradesh) to Chandigarh,https://www.redbus.in/bus-tickets/hamirpur-himachal-pradesh-to-chandigarh,13,Everest Holidays,Volvo A/C Semi Sleeper (2+2),20:25,04h 45m,01:10,3.5,521.0,35,4.8
3956,3962,Hamirpur (Himachal Pradesh) to Chandigarh,https://www.redbus.in/bus-tickets/hamirpur-himachal-pradesh-to-chandigarh,13,Ram Dalal Holidays,Volvo A/C Semi Sleeper (2+2),21:40,04h 25m,02:05,4.7,700.0,10,4.4
3957,3963,Durgapur (West Bengal) to Malda,https://www.redbus.in/bus-tickets/durgapur-to-malda,12,SBSTC-ASANSOL - SILIGURI - 2/2 VIA - SURI - 15:50 (ASN D - 3809,Non AC Seater (2+2),17:10,06h 50m,00:00,4.3,240.0,19,6.8
3958,3964,Durgapur (West Bengal) to Malda,https://www.redbus.in/bus-tickets/durgapur-to-malda,12,Shyamoli Paribahan Pvt Ltd,Scania Multi-Axle AC Semi Sleeper (2+2),19:30,05h 20m,00:50,4.0,1050.0,22,5.3
3959,3965,Durgapur (West Bengal) to Malda,https://www.redbus.in/bus-tickets/durgapur-to-malda,12,Greenline,Volvo 9600 Multi-Axle A/C Sleeper (2+1),19:45,05h 30m,01:15,3.9,1000.0,16,5.5
3960,3966,Durgapur (West Bengal) to Malda,https://www.redbus.in/bus-tickets/durgapur-to-malda,12,Express Line,Volvo 9600 Multi-Axle A/C Sleeper (2+1),19:40,05h 30m,01:10,4.8,999.0,25,5.5
3961,3967,Durgapur (West Bengal) to Malda,https://www.redbus.in/bus-tickets/durgapur-to-malda,12,Guru Nanak (Inter City),NON A/C Seater / Sleeper (2+2),18:30,05h 40m,00:10,3.1,399.0,34,5.7
3962,3968,Tura (Meghalaya) to Shillong,https://www.redbus.in/bus-tickets/tura-meghalaya-to-shillong,5,NETWORK TRAVELS,NON A/C Seater (2+2),19:00,13h 00m,08:00,3.3,500.0,21,13.0
3963,3969,Udaipur to Jodhpur,https://www.redbus.in/bus-tickets/udaipur-to-jodhpur,18,RSRTC - 193271,Express Non AC Seater 2+3,19:30,06h 30m,02:00,4.4,294.0,33,6.5
3964,3970,Udaipur to Jodhpur,https://www.redbus.in/bus-tickets/udaipur-to-jodhpur,18,RSRTC - 189622,Express Non AC Seater 2+3,22:00,07h 00m,05:00,2.4,294.0,42,7.0
3965,3971,Udaipur to Jodhpur,https://www.redbus.in/bus-tickets/udaipur-to-jodhpur,18,Shree Devnarayan Travels,Bharat Benz A/C Seater (2+1),17:00,04h 30m,21:30,4.4,550.0,2,4.5
3966,3972,Udaipur to Jodhpur,https://www.redbus.in/bus-tickets/udaipur-to-jodhpur,18,Jain travels regd,A/C Seater / Sleeper (2+1),21:30,07h 00m,04:30,4.0,460.0,22,7.0
3967,3973,Udaipur to Jodhpur,https://www.redbus.in/bus-tickets/udaipur-to-jodhpur,18,Jakhar Travels,A/C Seater / Sleeper (2+1),22:00,06h 30m,04:30,3.8,457.0,4,6.5
3968,3974,Udaipur to Jodhpur,https://www.redbus.in/bus-tickets/udaipur-to-jodhpur,18,Kalpana Travels,NON AC Seater / Sleeper 2+1,22:00,06h 54m,04:54,4.2,300.0,26,6.9
3969,3975,Udaipur to Jodhpur,https://www.redbus.in/bus-tickets/udaipur-to-jodhpur,18,Jain travels regd,NON AC Seater / Sleeper 2+1,22:00,06h 00m,04:00,3.3,500.0,28,6.0
3970,3976,Udaipur to Jodhpur,https://www.redbus.in/bus-tickets/udaipur-to-jodhpur,18,Raj Travel,A/C Sleeper (2+1),22:30,07h 00m,05:30,4.6,550.0,18,7.0
3971,3977,Udaipur to Jodhpur,https://www.redbus.in/bus-tickets/udaipur-to-jodhpur,18,Rishabh Travels Milan,A/C Seater / Sleeper (2+1),21:00,05h 15m,02:15,3.9,667.0,18,5.2
3972,3978,Udaipur to Jodhpur,https://www.redbus.in/bus-tickets/udaipur-to-jodhpur,18,Jain travels regd,NON AC Seater / Sleeper 2+1,22:15,06h 15m,04:30,3.4,360.0,35,6.2
3973,3979,Udaipur to Jodhpur,https://www.redbus.in/bus-tickets/udaipur-to-jodhpur,18,Jain Parshwanath Travels,NON A/C Sleeper (2+1),22:31,06h 27m,04:58,2.1,650.0,30,6.5
3974,3980,Udaipur to Jodhpur,https://www.redbus.in/bus-tickets/udaipur-to-jodhpur,18,Jain travels regd,NON AC Seater / Sleeper 2+1,16:00,06h 00m,22:00,2.2,350.0,26,6.0
3975,3981,Delhi to Nalagarh,https://www.redbus.in/bus-tickets/delhi-to-nalagarh,13,HRTC - 568,Ordinary 3+2 Non AC Seater,21:30,09h 45m,07:15,2.5,332.0,39,9.8
3976,3982,Delhi to Nalagarh,https://www.redbus.in/bus-tickets/delhi-to-nalagarh,13,HRTC - 580,Ordinary 3+2 Non AC Seater,22:45,07h 15m,06:00,4.6,332.0,37,7.2
3977,3983,Delhi to Nalagarh,https://www.redbus.in/bus-tickets/delhi-to-nalagarh,13,HRTC - 576,Himsuta AC Seater Volvo/Scania 2+2,23:20,06h 40m,06:00,4.0,632.0,25,6.7
3978,3984,Aligarh (uttar pradesh) to Delhi,https://www.redbus.in/bus-tickets/aligarh-uttar-pradesh-to-delhi,2,UPSRTC - BDV0092,Ordinary Non AC Seater 2+3,17:59,03h 19m,21:18,3.3,203.0,52,3.3
3979,3985,Aligarh (uttar pradesh) to Delhi,https://www.redbus.in/bus-tickets/aligarh-uttar-pradesh-to-delhi,2,UPSRTC - BDV0462,Janrath AC Seater 2+2,17:59,03h 02m,21:01,3.3,304.0,36,3.0
3980,3986,Aligarh (uttar pradesh) to Delhi,https://www.redbus.in/bus-tickets/aligarh-uttar-pradesh-to-delhi,2,UPSRTC - BDV0096,Ordinary Non AC Seater 2+3,18:29,03h 20m,21:49,3.3,203.0,52,3.3
3981,3987,Aligarh (uttar pradesh) to Delhi,https://www.redbus.in/bus-tickets/aligarh-uttar-pradesh-to-delhi,2,UPSRTC - BDV0108,Ordinary Non AC Seater 2+3,20:28,03h 21m,23:49,3.3,203.0,52,3.4
3982,3988,Aligarh (uttar pradesh) to Delhi,https://www.redbus.in/bus-tickets/aligarh-uttar-pradesh-to-delhi,2,UPSRTC - BDV0100,Ordinary Non AC Seater 2+3,20:30,03h 20m,23:50,3.3,203.0,52,3.3
3983,3989,Phagwara to Delhi,https://www.redbus.in/bus-tickets/phagwara-to-delhi,17,PEPSU (Punjab) - 67098,Volvo AC Seater (2+2),18:35,08h 50m,03:25,4.3,954.0,31,8.8
3984,3990,Phagwara to Delhi,https://www.redbus.in/bus-tickets/phagwara-to-delhi,17,PEPSU (Punjab) - 67128,Volvo AC Seater (2+2),19:30,08h 20m,03:50,4.4,954.0,30,8.3
3985,3991,Phagwara to Delhi,https://www.redbus.in/bus-tickets/phagwara-to-delhi,17,PEPSU (Punjab) - 67164,Volvo AC Seater (2+2),20:20,07h 29m,03:49,4.0,954.0,35,7.5
3986,3992,Phagwara to Delhi,https://www.redbus.in/bus-tickets/phagwara-to-delhi,17,Laxmi holidays,Bharat Benz A/C Seater /Sleeper (2+1),21:20,07h 25m,04:45,4.5,420.0,17,7.4
3987,3993,Phagwara to Delhi,https://www.redbus.in/bus-tickets/phagwara-to-delhi,17,IntrCity SmartBus,Bharat Benz A/C Seater /Sleeper (2+1),23:20,07h 10m,06:30,4.6,333.0,24,7.2
3988,3994,Phagwara to Delhi,https://www.redbus.in/bus-tickets/phagwara-to-delhi,17,Laxmi holidays,VE A/C Sleeper (2+1),23:10,07h 35m,06:45,4.4,600.0,17,7.6
3989,3995,Phagwara to Delhi,https://www.redbus.in/bus-tickets/phagwara-to-delhi,17,Yolo Bus,VE A/C Seater / Sleeper (2+1),21:37,07h 23m,05:00,4.8,400.0,17,7.4
3990,3996,Phagwara to Delhi,https://www.redbus.in/bus-tickets/phagwara-to-delhi,17,Laxmi holidays,Bharat Benz A/C Seater /Sleeper (2+1),22:40,07h 40m,06:20,4.3,465.0,27,7.7
3991,3997,Kolkata to Jalpaiguri,https://www.redbus.in/bus-tickets/kolkata-to-jalpaiguri,1,NBSTC-KOL-APD-E1-19:00,Non AC Seater (2+3),16:00,14h 20m,06:20,3.0,485.0,44,14.3
3992,3998,Kolkata to Jalpaiguri,https://www.redbus.in/bus-tickets/kolkata-to-jalpaiguri,1,NBSTC-KOL-COB-R1-17:00,Non AC Seater 2+2,17:00,12h 45m,05:45,2.9,525.0,24,12.8
3993,3999,Kolkata to Balurghat,https://www.redbus.in/bus-tickets/kolkata-to-balurghat,1,NBSTC-KOL-BLG-R1-19:30,NON A/C Seater Push Back (2+2),19:45,11h 30m,07:15,3.8,367.0,18,11.5
3994,4000,Kolkata to Balurghat,https://www.redbus.in/bus-tickets/kolkata-to-balurghat,1,Express Line,Volvo 9600 A/C Seater/Sleeper (2+1),19:45,10h 30m,06:15,4.6,699.0,16,10.5
3995,4001,Kolkata to Balurghat,https://www.redbus.in/bus-tickets/kolkata-to-balurghat,1,Shyamoli Paribahan Pvt Ltd,Scania Multi-Axle AC Semi Sleeper (2+2),20:00,10h 15m,06:15,4.1,650.0,31,10.2
3996,4002,Kolkata to Balurghat,https://www.redbus.in/bus-tickets/kolkata-to-balurghat,1,Rubi Paribahan  ,Volvo 9600 A/C Seater/Sleeper (2+1),20:30,08h 30m,05:00,3.8,780.0,29,8.5
3997,4003,Kolkata to Balurghat,https://www.redbus.in/bus-tickets/kolkata-to-balurghat,1,Sonar Tori,A/C Seater / Sleeper (2+2),19:45,10h 45m,06:30,3.3,504.0,24,10.8
3998,4004,Jaipur (Rajasthan) to Aligarh (uttar pradesh),https://www.redbus.in/bus-tickets/jaipur-to-aligarh-uttar-pradesh,18,RSRTC - 193464,Express Non AC Seater 2+3,18:40,08h 20m,03:00,3.5,369.0,42,8.3
3999,4005,Jaipur (Rajasthan) to Aligarh (uttar pradesh),https://www.redbus.in/bus-tickets/jaipur-to-aligarh-uttar-pradesh,18,RSRTC - 190202,Express Non AC Seater 2+3,21:50,07h 10m,05:00,4.0,369.0,40,7.2
4000,4006,Jaipur (Rajasthan) to Aligarh (uttar pradesh),https://www.redbus.in/bus-tickets/jaipur-to-aligarh-uttar-pradesh,18,RSRTC - 193797,NON AC Seater / Sleeper 2+1,22:01,06h 29m,04:30,3.5,463.0,16,6.5
4001,4007,Jaipur (Rajasthan) to Aligarh (uttar pradesh),https://www.redbus.in/bus-tickets/jaipur-to-aligarh-uttar-pradesh,18,RSRTC - 189082,Super Luxury Volvo AC Seater Pushback 2+2,23:00,07h 00m,06:00,4.2,570.0,23,7.0
4002,4008,Jaipur (Rajasthan) to Aligarh (uttar pradesh),https://www.redbus.in/bus-tickets/jaipur-to-aligarh-uttar-pradesh,18,UPSRTC - BDV0129,Ordinary Non AC Seater 2+3,23:44,07h 41m,07:25,3.3,361.0,52,7.7
4003,4009,Jaipur (Rajasthan) to Aligarh (uttar pradesh),https://www.redbus.in/bus-tickets/jaipur-to-aligarh-uttar-pradesh,18,Mahalaxmi Travels,Bharat Benz A/C Seater /Sleeper (2+1),21:00,07h 00m,04:00,3.0,499.0,20,7.0
4004,4010,Jaipur (Rajasthan) to Aligarh (uttar pradesh),https://www.redbus.in/bus-tickets/jaipur-to-aligarh-uttar-pradesh,18,Rinku Travels,A/C Seater / Sleeper (2+1),21:30,07h 25m,04:55,3.8,400.0,21,7.4
4005,4011,Jaipur (Rajasthan) to Aligarh (uttar pradesh),https://www.redbus.in/bus-tickets/jaipur-to-aligarh-uttar-pradesh,18,Mahalaxmi Travels,Bharat Benz A/C Seater /Sleeper (2+1),19:15,07h 00m,02:15,3.2,499.0,20,7.0
4006,4012,Jaipur (Rajasthan) to Aligarh (uttar pradesh),https://www.redbus.in/bus-tickets/jaipur-to-aligarh-uttar-pradesh,18,Mahalaxmi Travels,Bharat Benz A/C Seater /Sleeper (2+1),20:30,07h 00m,03:30,3.2,499.0,23,7.0
4007,4013,Jaipur (Rajasthan) to Aligarh (uttar pradesh),https://www.redbus.in/bus-tickets/jaipur-to-aligarh-uttar-pradesh,18,SHAGUN CARGO & TRAVELS,NON A/C Seater/ Sleeper (2+1),21:15,07h 00m,04:15,2.4,555.0,22,7.0
4008,4014,Jaipur (Rajasthan) to Aligarh (uttar pradesh),https://www.redbus.in/bus-tickets/jaipur-to-aligarh-uttar-pradesh,18,SHAGUN CARGO & TRAVELS,NON A/C Seater/ Sleeper (2+1),22:15,06h 15m,04:30,2.4,833.0,32,6.2
4009,4015,Jaipur (Rajasthan) to Aligarh (uttar pradesh),https://www.redbus.in/bus-tickets/jaipur-to-aligarh-uttar-pradesh,18,Shree Baba Travels,A/C Seater / Sleeper (2+1),21:00,07h 30m,04:30,1.0,549.0,40,7.5
4010,4016,Kolkata to Digha,https://www.redbus.in/bus-tickets/kolkata-to-digha,4,WBTC (CTC) Khidderpur - Digha - 97|16:00,Non AC Seater (2+3),16:00,05h 00m,21:00,3.5,151.0,45,5.0
4011,4017,Kolkata to Digha,https://www.redbus.in/bus-tickets/kolkata-to-digha,4,WBTC (CTC) Khidderpur - Digha - 97|16:45,Non AC Seater (2+3),16:45,04h 15m,21:00,3.1,145.0,40,4.2
4012,4018,Kolkata to Digha,https://www.redbus.in/bus-tickets/kolkata-to-digha,4,SBSTC-GARIA - DIGHA - 22:30 (DIGHA DEPOT) - 3745,Non AC Seater (2+3),23:45,04h 30m,04:15,4.2,155.0,5,4.5
4013,4019,Kolkata to Digha,https://www.redbus.in/bus-tickets/kolkata-to-digha,4,Shyamoli Paribahan Pvt Ltd,Volvo A/C Seater (2+2),23:30,05h 00m,04:30,4.5,495.0,8,5.0
4014,4020,Kolkata to Digha,https://www.redbus.in/bus-tickets/kolkata-to-digha,4,Express Line,Volvo 9600 A/C Seater (2+2),23:45,05h 00m,04:45,4.5,584.0,20,5.0
4015,4021,Kolkata to Digha,https://www.redbus.in/bus-tickets/kolkata-to-digha,4,Maa Chandi Travels,A/C Seater / Sleeper (2+2),22:00,07h 30m,05:30,4.6,370.0,27,7.5
4016,4022,Kolkata to Digha,https://www.redbus.in/bus-tickets/kolkata-to-digha,4,Shyamoli Paribahan Pvt Ltd,Scania Multi-Axle AC Semi Sleeper (2+2),23:45,05h 00m,04:45,4.5,600.0,53,5.0
4017,4023,Kolkata to Digha,https://www.redbus.in/bus-tickets/kolkata-to-digha,4,Sagufta Travels(Maa Chandi),A/C Seater / Sleeper (2+2),23:57,05h 13m,05:10,4.3,394.0,22,5.2
4018,4024,Kolkata to Digha,https://www.redbus.in/bus-tickets/kolkata-to-digha,4,Maa Chandi Travels,A/C Seater / Sleeper (2+2),23:57,05h 13m,05:10,4.4,370.0,18,5.2
4019,4025,Kolkata to Digha,https://www.redbus.in/bus-tickets/kolkata-to-digha,4,Santosh Bus Service,A/C Seater Push Back (2+3),23:50,05h 10m,05:00,4.3,415.0,35,5.2
4020,4026,Kolkata to Digha,https://www.redbus.in/bus-tickets/kolkata-to-digha,4,Sagufta Travels (Bhorpet Travels),AC Seater (2+2),23:55,04h 40m,04:35,3.9,489.0,24,4.7
4021,4027,Kolkata to Digha,https://www.redbus.in/bus-tickets/kolkata-to-digha,4,Parameswar Travels,A/C Seater Push Back (2+2),23:50,04h 55m,04:45,3.5,285.0,24,4.9
4022,4028,Jorhat to North Lakhimpur,https://www.redbus.in/bus-tickets/jorhat-to-north-lakhimpur,3,Priyanka,NON A/C Seater (2+1),19:00,10h 30m,05:30,3.0,600.0,21,10.5
4023,4029,Kolkata to Bajkul (West Bengal),https://www.redbus.in/bus-tickets/kolkata-to-bajkul-west-bengal,12,SBSTC-GARIA - DIGHA - 22:30 (DIGHA DEPOT) - 3745,Non AC Seater (2+3),23:45,00h 15m,00:00,4.1,103.0,8,0.2
4024,4030,Kolkata to Bajkul (West Bengal),https://www.redbus.in/bus-tickets/kolkata-to-bajkul-west-bengal,12,Santosh Bus Service,NON A/C Seater Pushback (2+3),20:05,03h 40m,23:45,3.8,199.0,37,3.7
4025,4031,Kolkata to Bajkul (West Bengal),https://www.redbus.in/bus-tickets/kolkata-to-bajkul-west-bengal,12,Bengal Surface Transport,A/C Seater Push Back (2+3),23:20,02h 55m,02:15,2.8,419.0,21,2.9
4026,4032,Kolkata to Bajkul (West Bengal),https://www.redbus.in/bus-tickets/kolkata-to-bajkul-west-bengal,12,Basu Travels,A/C Seater Push Back (2+3),23:30,03h 00m,02:30,2.7,300.0,35,3.0
4027,4033,Kolkata to Bajkul (West Bengal),https://www.redbus.in/bus-tickets/kolkata-to-bajkul-west-bengal,12,Basu Travels,A/C Seater Push Back (2+3),23:55,02h 25m,02:20,2.7,469.0,21,2.4
4028,4034,Kolkata to Malda,https://www.redbus.in/bus-tickets/kolkata-to-malda,1,NBSTC-KOL-APD-E1-19:00,Non AC Seater (2+3),16:00,08h 05m,00:05,3.3,256.0,44,8.1
4029,4035,Kolkata to Malda,https://www.redbus.in/bus-tickets/kolkata-to-malda,1,NBSTC-KOL-COB-R1-17:00,Non AC Seater 2+2,17:00,08h 17m,01:17,3.4,281.0,22,8.3
4030,4036,Kolkata to Malda,https://www.redbus.in/bus-tickets/kolkata-to-malda,1,NBSTC-KOL-SLG-R1-18:00,NON A/C Seater Push Back (2+2),18:00,05h 15m,23:15,3.0,281.0,12,5.2
4031,4037,Kolkata to Malda,https://www.redbus.in/bus-tickets/kolkata-to-malda,1,NBSTC-KOL-BLG-R1-19:30,NON A/C Seater Push Back (2+2),19:45,09h 30m,05:15,3.5,281.0,21,9.5
4032,4038,Kolkata to Malda,https://www.redbus.in/bus-tickets/kolkata-to-malda,1,NBSTC-KOL-RAI-R1-20:30,NON A/C Seater Push Back (2+2),20:45,07h 00m,03:45,3.5,280.0,21,7.0
4033,4039,Kolkata to Malda,https://www.redbus.in/bus-tickets/kolkata-to-malda,1,Express Line,Volvo 9600 A/C Seater/Sleeper (2+1),19:45,08h 45m,04:30,4.6,649.0,16,8.8
4034,4040,Kolkata to Malda,https://www.redbus.in/bus-tickets/kolkata-to-malda,1,Shyamoli Paribahan Pvt Ltd,Scania Multi-Axle AC Semi Sleeper (2+2),20:00,08h 30m,04:30,4.2,600.0,31,8.5
4035,4041,Kolkata to Malda,https://www.redbus.in/bus-tickets/kolkata-to-malda,1,Rubi Paribahan  ,Volvo 9600 A/C Seater/Sleeper (2+1),20:30,06h 40m,03:10,4.4,780.0,29,6.7
4036,4042,Kolkata to Malda,https://www.redbus.in/bus-tickets/kolkata-to-malda,1,Lokenath Bus Service,Volvo Multi Axle B11R AC Seater\Sleeper (2+1),18:15,08h 15m,02:30,4.6,675.0,26,8.2
4037,4043,Kolkata to Malda,https://www.redbus.in/bus-tickets/kolkata-to-malda,1,Shyamoli Paribahan Pvt Ltd,Volvo Multi-Axle A/C seater/sleeper (2+1),19:30,08h 20m,03:50,4.4,1200.0,35,8.3
4038,4044,Kolkata to Malda,https://www.redbus.in/bus-tickets/kolkata-to-malda,1,Shyamoli Paribahan Pvt Ltd,Volvo 9600 A/C Seater/Sleeper (2+1),18:30,08h 50m,03:20,4.8,1200.0,30,8.8
4039,4045,Kolkata to Malda,https://www.redbus.in/bus-tickets/kolkata-to-malda,1,Lokenath Bus Service,Volvo 9600 Multi-Axle A/C Sleeper (2+1),18:45,08h 45m,03:30,4.4,950.0,25,8.8
4040,4046,Kolkata to Malda,https://www.redbus.in/bus-tickets/kolkata-to-malda,1,Express Line,Volvo 9600 Multi-Axle A/C Sleeper (2+1),18:30,08h 50m,03:20,4.1,999.0,19,8.8
4041,4047,Kolkata to Malda,https://www.redbus.in/bus-tickets/kolkata-to-malda,1,Sonar Tori,A/C Seater / Sleeper (2+2),19:45,09h 00m,04:45,3.9,504.0,24,9.0
4042,4048,Kolkata to Malda,https://www.redbus.in/bus-tickets/kolkata-to-malda,1,New Dolphin Travels,NON A/C Seater / Sleeper (2+2),17:30,10h 30m,04:00,3.6,352.0,18,10.5
4043,4049,Chandigarh to Rishikesh,https://www.redbus.in/bus-tickets/chandigarh-to-rishikesh,8,Om Sidh Express,Volvo A/C Semi Sleeper (2+2),19:30,04h 10m,23:40,3.7,475.0,25,4.2
4044,4050,Chandigarh to Rishikesh,https://www.redbus.in/bus-tickets/chandigarh-to-rishikesh,8,Zimindara Travels,AC Sleeper (2+1),23:00,06h 00m,05:00,4.2,599.0,22,6.0
4045,4051,Chandigarh to Rishikesh,https://www.redbus.in/bus-tickets/chandigarh-to-rishikesh,8,Laxmi holidays,VE A/C Semi Sleeper (2+2),23:55,06h 15m,06:10,3.8,599.0,24,6.2
4046,4052,Chandigarh to Kullu,https://www.redbus.in/bus-tickets/chandigarh-to-kullu,13,HRTC - 2030250,Ordinary 3+2 Non AC Seater,16:30,05h 00m,21:30,3.9,458.0,36,5.0
4047,4053,Chandigarh to Kullu,https://www.redbus.in/bus-tickets/chandigarh-to-kullu,13,HRTC - 516,Ordinary 3+2 Non AC Seater,18:10,06h 50m,01:00,3.9,462.0,4,6.8
4048,4054,Chandigarh to Kullu,https://www.redbus.in/bus-tickets/chandigarh-to-kullu,13,HRTC - 1507,Ordinary 3+2 Non AC Seater,18:40,07h 10m,01:50,3.9,473.0,37,7.2
4049,4055,Chandigarh to Kullu,https://www.redbus.in/bus-tickets/chandigarh-to-kullu,13,HRTC - 58,Himsuta AC Seater Volvo/Scania 2+2,19:30,08h 30m,04:00,3.9,830.0,29,8.5
4050,4056,Chandigarh to Kullu,https://www.redbus.in/bus-tickets/chandigarh-to-kullu,13,HRTC - 1532,Ordinary 3+2 Non AC Seater,20:20,08h 40m,05:00,3.9,451.0,37,8.7
4051,4057,Chandigarh to Kullu,https://www.redbus.in/bus-tickets/chandigarh-to-kullu,13,HRTC - 1544,Ordinary 3+2 Non AC Seater,21:40,09h 00m,06:40,3.9,487.0,24,9.0
4052,4058,Chandigarh to Kullu,https://www.redbus.in/bus-tickets/chandigarh-to-kullu,13,HRTC - 1212,A/C Executive (2+3),21:58,07h 11m,05:09,3.9,493.0,42,7.2
4053,4059,Chandigarh to Kullu,https://www.redbus.in/bus-tickets/chandigarh-to-kullu,13,HRTC - 1522,Himsuta AC Seater Volvo/Scania 2+2,22:00,07h 00m,05:00,4.1,775.0,20,7.0
4054,4060,Chandigarh to Kullu,https://www.redbus.in/bus-tickets/chandigarh-to-kullu,13,HRTC - 521,Ordinary 3+2 Non AC Seater,22:20,07h 40m,06:00,3.9,477.0,37,7.7
4055,4061,Chandigarh to Kullu,https://www.redbus.in/bus-tickets/chandigarh-to-kullu,13,City Land Travels,Volvo A/C Semi Sleeper (2+2),22:45,07h 15m,06:00,3.6,495.0,26,7.2
4056,4062,Chandigarh to Kullu,https://www.redbus.in/bus-tickets/chandigarh-to-kullu,13,Laxmi holidays,Volvo 9600 A/C Semi Sleeper (2+2),22:50,05h 25m,04:15,4.6,499.0,14,5.4
4057,4063,Chandigarh to Kullu,https://www.redbus.in/bus-tickets/chandigarh-to-kullu,13,Himalayan Nomad Ktc,Volvo A/C Semi Sleeper (2+2),23:00,06h 00m,05:00,3.9,740.0,41,6.0
4058,4064,Chandigarh to Kullu,https://www.redbus.in/bus-tickets/chandigarh-to-kullu,13,Zingbus Plus,Volvo A/C Semi Sleeper (2+2),23:15,05h 10m,04:25,4.7,504.0,10,5.2
4059,4065,Chandigarh to Kullu,https://www.redbus.in/bus-tickets/chandigarh-to-kullu,13,Subh Yatri Holidays,Volvo A/C Semi Sleeper (2+2),23:45,05h 30m,05:15,3.5,573.0,31,5.5
4060,4066,Chandigarh to Kullu,https://www.redbus.in/bus-tickets/chandigarh-to-kullu,13,Subh Yatri Holidays,Volvo A/C Semi Sleeper (2+2),23:45,07h 15m,07:00,3.5,573.0,29,7.2
4061,4067,Chandigarh to Kullu,https://www.redbus.in/bus-tickets/chandigarh-to-kullu,13,HIMALAYAN HOLIDAYS,Volvo A/C Semi Sleeper (2+2 ),23:50,06h 00m,05:50,3.5,849.0,31,6.0
4062,4068,Chandigarh to Kullu,https://www.redbus.in/bus-tickets/chandigarh-to-kullu,13,Abtc Tour and Travels,Bharat Benz A/C Semi Sleeper (2+2),23:55,06h 15m,06:10,3.3,799.0,31,6.2
4063,4069,Chandigarh to Kullu,https://www.redbus.in/bus-tickets/chandigarh-to-kullu,13,Malana Travels,Volvo A/C Semi Sleeper (2+2),23:58,05h 02m,05:00,3.9,579.0,17,5.0
4064,4070,Chandigarh to Kullu,https://www.redbus.in/bus-tickets/chandigarh-to-kullu,13,Reo India Travels,Volvo A/C B11R Multi Axle Semi Sleeper (2+2),23:59,06h 31m,06:30,4.8,475.0,24,6.5
4065,4071,Darbhanga to Patna (Bihar),https://www.redbus.in/bus-tickets/darbhanga-to-patna,14,Bihar state road transport corporation (BSRTC) - 150464,Non AC Seater (2+2),17:40,04h 00m,21:40,2.0,213.0,41,4.0
4066,4072,Siliguri to Durgapur (West Bengal),https://www.redbus.in/bus-tickets/siliguri-to-durgapur,12,SBSTC-SILIGURI - ASANSOL - 2/2 - VIA - MALDA - 16:00 (AS - 3810,Non AC Seater (2+2),16:00,08h 00m,00:00,4.5,455.0,19,8.0
4067,4073,Siliguri to Durgapur (West Bengal),https://www.redbus.in/bus-tickets/siliguri-to-durgapur,12,Express Line,Volvo 9600 Multi-Axle A/C Sleeper (2+1),18:30,11h 05m,05:35,4.6,1349.0,18,11.1
4068,4074,Siliguri to Durgapur (West Bengal),https://www.redbus.in/bus-tickets/siliguri-to-durgapur,12,Greenline,Volvo 9600 Multi-Axle A/C Sleeper (2+1),19:00,11h 00m,06:00,4.4,1350.0,27,11.0
4069,4075,Siliguri to Durgapur (West Bengal),https://www.redbus.in/bus-tickets/siliguri-to-durgapur,12,Shyamoli Paribahan Pvt Ltd,Scania Multi-Axle AC Semi Sleeper (2+2),18:20,10h 55m,05:15,4.2,1000.0,44,10.9
4070,4076,Siliguri to Durgapur (West Bengal),https://www.redbus.in/bus-tickets/siliguri-to-durgapur,12,Guru Nanak (Inter City),NON A/C Seater / Sleeper (2+2),17:30,13h 20m,06:50,3.6,599.0,38,13.3
4071,4077,Hyderabad to Anantapur (andhra pradesh),https://www.redbus.in/bus-tickets/hyderabad-to-ananthapur,7,Sri Balaji Transports,A/C Seater / Sleeper (2+1),21:50,07h 55m,05:45,4.4,750.0,10,7.9
4072,4078,Hyderabad to Anantapur (andhra pradesh),https://www.redbus.in/bus-tickets/hyderabad-to-ananthapur,7,Sri Balaji Transports,A/C Sleeper (2+1),21:50,08h 10m,06:00,4.4,999.0,10,8.2
4073,4079,Hyderabad to Anantapur (andhra pradesh),https://www.redbus.in/bus-tickets/hyderabad-to-ananthapur,7,Al madeena Travels,Non A/C Seater / Sleeper (2+1),21:15,09h 00m,06:15,4.2,600.0,6,9.0
4074,4080,Hyderabad to Anantapur (andhra pradesh),https://www.redbus.in/bus-tickets/hyderabad-to-ananthapur,7,Meena tours and travels,A/C Sleeper (2+1),22:05,07h 25m,05:30,4.3,990.0,7,7.4
4075,4081,Hyderabad to Anantapur (andhra pradesh),https://www.redbus.in/bus-tickets/hyderabad-to-ananthapur,7,Yolo Bus,Bharat Benz A/C Sleeper (2+1),22:46,06h 33m,05:19,4.2,1110.0,24,6.5
4076,4082,Varanasi to Allahabad,https://www.redbus.in/bus-tickets/varanasi-to-allahabad,2,UPSRTC - VKS0026,Janrath AC Seater 2+2,19:50,02h 40m,22:30,2.4,296.0,36,2.7
4077,4083,Varanasi to Allahabad,https://www.redbus.in/bus-tickets/varanasi-to-allahabad,2,UPSRTC - VKS0004,Janrath AC Seater 2+3,21:50,02h 35m,00:25,3.3,258.0,48,2.6
4078,4084,Varanasi to Allahabad,https://www.redbus.in/bus-tickets/varanasi-to-allahabad,2,UPSRTC - KDN0004,Janrath AC Seater 2+3,22:00,02h 45m,00:45,3.3,258.0,48,2.8
4079,4085,Varanasi to Allahabad,https://www.redbus.in/bus-tickets/varanasi-to-allahabad,2,UPSRTC - KDN0028,Janrath AC Seater 2+2,23:01,02h 59m,02:00,2.2,296.0,36,3.0
4080,4086,Varanasi to Allahabad,https://www.redbus.in/bus-tickets/varanasi-to-allahabad,2,Laxmi holidays,Bharat Benz A/C Seater /Sleeper (2+1),16:00,03h 15m,19:15,3.9,750.0,25,3.2
4081,4087,Varanasi to Allahabad,https://www.redbus.in/bus-tickets/varanasi-to-allahabad,2,Sethi Yatra Company,A/C Seater / Sleeper (2+1),16:05,02h 55m,19:00,3.8,739.0,25,2.9
4082,4088,Varanasi to Allahabad,https://www.redbus.in/bus-tickets/varanasi-to-allahabad,2,BSS COOL COOL TRAVELS,A/C Seater / Sleeper (2+2),17:00,04h 15m,21:15,4.2,598.0,40,4.2
4083,4089,Varanasi to Allahabad,https://www.redbus.in/bus-tickets/varanasi-to-allahabad,2,Laxmi holidays,Bharat Benz A/C Seater /Sleeper (2+1),17:00,03h 15m,20:15,3.9,800.0,31,3.2
4084,4090,Varanasi to Allahabad,https://www.redbus.in/bus-tickets/varanasi-to-allahabad,2,Gola Bus Service,Bharat Benz A/C Seater /Sleeper (2+1),17:40,02h 30m,20:10,4.5,699.0,25,2.5
4085,4091,Varanasi to Allahabad,https://www.redbus.in/bus-tickets/varanasi-to-allahabad,2,Laxmi holidays,Bharat Benz A/C Seater /Sleeper (2+1),18:00,03h 15m,21:15,3.9,750.0,39,3.2
4086,4092,Varanasi to Allahabad,https://www.redbus.in/bus-tickets/varanasi-to-allahabad,2,Mahalaxmi Travels,Bharat Benz A/C Seater /Sleeper (2+1),19:00,02h 15m,21:15,3.7,499.0,24,2.2
4087,4093,Varanasi to Allahabad,https://www.redbus.in/bus-tickets/varanasi-to-allahabad,2,Sanjay Travels,NON A/C Sleeper (2+1),19:20,03h 15m,22:35,3.0,800.0,30,3.2
4088,4094,Varanasi to Allahabad,https://www.redbus.in/bus-tickets/varanasi-to-allahabad,2,FlixBus,A/C Sleeper (2+1),19:30,02h 30m,22:00,4.0,192.0,13,2.5
4089,4095,Varanasi to Allahabad,https://www.redbus.in/bus-tickets/varanasi-to-allahabad,2,Mahalaxmi Travels,Bharat Benz A/C Seater /Sleeper (2+1),22:30,02h 00m,00:30,3.7,399.0,22,2.0
4090,4096,Jaipur (Rajasthan) to Mathura,https://www.redbus.in/bus-tickets/jaipur-to-mathura,18,RSRTC - 193797,NON AC Seater / Sleeper 2+1,22:01,04h 54m,02:55,3.7,351.0,20,4.9
4091,4097,Jaipur (Rajasthan) to Mathura,https://www.redbus.in/bus-tickets/jaipur-to-mathura,18,RSRTC - 189082,Super Luxury Volvo AC Seater Pushback 2+2,23:00,05h 00m,04:00,4.1,438.0,28,5.0
4092,4098,Jaipur (Rajasthan) to Mathura,https://www.redbus.in/bus-tickets/jaipur-to-mathura,18,GV Tours,A/C Seater/Sleeper (2+1),16:00,04h 50m,20:50,3.0,463.0,18,4.8
4093,4099,Jaipur (Rajasthan) to Mathura,https://www.redbus.in/bus-tickets/jaipur-to-mathura,18,Mahalaxmi Travels,Bharat Benz A/C Seater /Sleeper (2+1),19:15,04h 40m,23:55,3.7,399.0,22,4.7
4094,4100,Jaipur (Rajasthan) to Mathura,https://www.redbus.in/bus-tickets/jaipur-to-mathura,18,Mahalaxmi Travels,Bharat Benz A/C Seater /Sleeper (2+1),20:30,04h 40m,01:10,3.7,499.0,27,4.7
4095,4101,Jaipur (Rajasthan) to Mathura,https://www.redbus.in/bus-tickets/jaipur-to-mathura,18,janta shatabdi travels,A/C Sleeper (2+1),15:30,05h 00m,20:30,1.5,647.0,30,5.0
4096,4102,Jaipur (Rajasthan) to Mathura,https://www.redbus.in/bus-tickets/jaipur-to-mathura,18,janta shatabdi travels,Non A/C Seater / Sleeper (2+1),19:15,04h 44m,23:59,1.1,416.0,41,4.7
4097,4103,Jaipur (Rajasthan) to Mathura,https://www.redbus.in/bus-tickets/jaipur-to-mathura,18,Haji Ali Travels,A/C Seater / Sleeper (2+1),19:30,06h 30m,02:00,1.3,450.0,37,6.5
4098,4104,Jaipur (Rajasthan) to Mathura,https://www.redbus.in/bus-tickets/jaipur-to-mathura,18,Mansoori tour and travels,Non A/C Seater / Sleeper (2+1),20:00,04h 40m,00:40,1.5,630.0,40,4.7
4099,4105,Jaipur (Rajasthan) to Mathura,https://www.redbus.in/bus-tickets/jaipur-to-mathura,18,Mahalaxmi Travels,Bharat Benz A/C Seater /Sleeper (2+1),21:00,05h 30m,02:30,2.8,499.0,21,5.5
4100,4106,Jaipur (Rajasthan) to Mathura,https://www.redbus.in/bus-tickets/jaipur-to-mathura,18,Shree Baba Travels,A/C Seater / Sleeper (2+1),21:00,06h 30m,03:30,1.0,549.0,40,6.5
4101,4107,Jaipur (Rajasthan) to Mathura,https://www.redbus.in/bus-tickets/jaipur-to-mathura,18,Mansoori tour and travels,A/C Seater / Sleeper (2+1),21:00,04h 45m,01:45,1.5,630.0,40,4.8
4102,4108,Visakhapatnam to Rajahmundry,https://www.redbus.in/bus-tickets/visakhapatnam-to-rajahmundry,7,APSRTC - 9459,Super Luxury (Non AC Seater 2+2 Push Back),16:30,05h 30m,22:00,3.9,342.0,1,5.5
4103,4109,Visakhapatnam to Rajahmundry,https://www.redbus.in/bus-tickets/visakhapatnam-to-rajahmundry,7,APSRTC - 5205,Super Luxury (Non AC Seater 2+2 Push Back),16:30,06h 45m,23:15,3.3,342.0,33,6.8
4104,4110,Visakhapatnam to Rajahmundry,https://www.redbus.in/bus-tickets/visakhapatnam-to-rajahmundry,7,APSRTC - 4976,Super Luxury (Non AC Seater 2+2 Push Back),16:45,05h 45m,22:30,3.9,342.0,34,5.8
4105,4111,Visakhapatnam to Rajahmundry,https://www.redbus.in/bus-tickets/visakhapatnam-to-rajahmundry,7,APSRTC - 4376,Super Luxury (Non AC Seater 2+2 Push Back),17:00,05h 50m,22:50,3.9,344.0,33,5.8
4106,4112,Visakhapatnam to Rajahmundry,https://www.redbus.in/bus-tickets/visakhapatnam-to-rajahmundry,7,APSRTC - 47745,INDRA(A.C. Seater),17:00,04h 00m,21:00,3.2,414.0,1,4.0
4107,4113,Visakhapatnam to Rajahmundry,https://www.redbus.in/bus-tickets/visakhapatnam-to-rajahmundry,7,APSRTC - 3357,Super Luxury (Non AC Seater 2+2 Push Back),17:30,06h 10m,23:40,3.9,342.0,33,6.2
4108,4114,Visakhapatnam to Rajahmundry,https://www.redbus.in/bus-tickets/visakhapatnam-to-rajahmundry,7,APSRTC - 4378,Super Luxury (Non AC Seater 2+2 Push Back),18:00,05h 55m,23:55,3.6,344.0,33,5.9
4109,4115,Visakhapatnam to Rajahmundry,https://www.redbus.in/bus-tickets/visakhapatnam-to-rajahmundry,7,APSRTC - 9367,Super Luxury (Non AC Seater 2+2 Push Back),18:15,04h 45m,23:00,2.5,344.0,34,4.8
4110,4116,Visakhapatnam to Rajahmundry,https://www.redbus.in/bus-tickets/visakhapatnam-to-rajahmundry,7,APSRTC - 4596,Super Luxury (Non AC Seater 2+2 Push Back),18:20,05h 39m,23:59,3.9,342.0,33,5.7
4111,4117,Visakhapatnam to Rajahmundry,https://www.redbus.in/bus-tickets/visakhapatnam-to-rajahmundry,7,APSRTC - 3088,"SUPER LUXURY (NON-AC, 2 + 2 PUSH BACK)",18:30,06h 35m,01:05,3.9,342.0,35,6.6
4112,4118,Visakhapatnam to Rajahmundry,https://www.redbus.in/bus-tickets/visakhapatnam-to-rajahmundry,7,TSRTC - 8302,Lahari Non A/C Sleeper Cum Seater,16:15,04h 55m,21:10,3.7,348.0,34,4.9
4113,4119,Visakhapatnam to Rajahmundry,https://www.redbus.in/bus-tickets/visakhapatnam-to-rajahmundry,7,TSRTC - 8304,Lahari Non A/C Sleeper Cum Seater,17:30,05h 30m,23:00,3.7,348.0,17,5.5
4114,4120,Visakhapatnam to Rajahmundry,https://www.redbus.in/bus-tickets/visakhapatnam-to-rajahmundry,7,TSRTC - 8670,"SUPER LUXURY (NON-AC, 2 + 2 PUSH BACK)",19:30,05h 30m,01:00,3.7,347.0,25,5.5
4115,4121,Visakhapatnam to Rajahmundry,https://www.redbus.in/bus-tickets/visakhapatnam-to-rajahmundry,7,Zingbus Plus,A/C Sleeper (2+1),16:45,04h 35m,21:20,4.0,502.0,7,4.6
4116,4122,Visakhapatnam to Rajahmundry,https://www.redbus.in/bus-tickets/visakhapatnam-to-rajahmundry,7,Zingbus Plus,A/C Sleeper (2+1),18:00,04h 40m,22:40,4.3,520.0,19,4.7
4117,4123,Visakhapatnam to Rajahmundry,https://www.redbus.in/bus-tickets/visakhapatnam-to-rajahmundry,7,Mythri Tours And Travels,A/C Sleeper (2+1),18:15,04h 00m,22:15,4.6,599.0,2,4.0
4118,4124,Visakhapatnam to Rajahmundry,https://www.redbus.in/bus-tickets/visakhapatnam-to-rajahmundry,7,SVR Tours and Travels,Volvo Multi Axle Sleeper B11R (2+1),19:30,04h 15m,23:45,4.1,610.0,1,4.2
4119,4125,Visakhapatnam to Rajahmundry,https://www.redbus.in/bus-tickets/visakhapatnam-to-rajahmundry,7,SVR Tours and Travels,Volvo A/C Sleeper (2+1),19:30,04h 15m,23:45,4.1,530.0,2,4.2
4120,4126,Visakhapatnam to Rajahmundry,https://www.redbus.in/bus-tickets/visakhapatnam-to-rajahmundry,7,SRKT Travels,Non A/C Seater / Sleeper (2+1),20:00,05h 46m,01:46,3.8,850.0,14,5.8
4121,4127,Visakhapatnam to Rajahmundry,https://www.redbus.in/bus-tickets/visakhapatnam-to-rajahmundry,7,SRKT Travels,Non A/C Seater / Sleeper (2+1),20:30,05h 50m,02:20,3.8,620.0,16,5.8
4122,4128,Visakhapatnam to Rajahmundry,https://www.redbus.in/bus-tickets/visakhapatnam-to-rajahmundry,7,Sai Balaji Travels,Non A/C Seater / Sleeper (2+1),20:32,04h 58m,01:30,3.7,570.0,12,5.0
4123,4129,Visakhapatnam to Rajahmundry,https://www.redbus.in/bus-tickets/visakhapatnam-to-rajahmundry,7,NueGo,Electric A/C Seater (2+2),21:00,04h 45m,01:45,3.5,780.0,1,4.8
4124,4130,Visakhapatnam to Rajahmundry,https://www.redbus.in/bus-tickets/visakhapatnam-to-rajahmundry,7,Jayalakshmi Tours and Travels,A/C Seater / Sleeper (2+1),21:30,05h 00m,02:30,4.1,850.0,2,5.0
4125,4131,Hyderabad to Tirupati,https://www.redbus.in/bus-tickets/hyderabad-to-tirupathi,9,TSRTC - 7452,"SUPER LUXURY (NON-AC, 2 + 2 PUSH BACK)",15:45,12h 45m,04:30,2.9,732.0,19,12.8
4126,4132,Hyderabad to Tirupati,https://www.redbus.in/bus-tickets/hyderabad-to-tirupathi,9,TSRTC - 2474,"SUPER LUXURY (NON-AC, 2 + 2 PUSH BACK)",16:30,11h 10m,03:40,2.5,732.0,10,11.2
4127,4133,Hyderabad to Tirupati,https://www.redbus.in/bus-tickets/hyderabad-to-tirupathi,9,TSRTC - 1759,"SUPER LUXURY (NON-AC, 2 + 2 PUSH BACK)",16:45,13h 05m,05:50,3.8,732.0,15,13.1
4128,4134,Hyderabad to Tirupati,https://www.redbus.in/bus-tickets/hyderabad-to-tirupathi,9,TSRTC - 7649,"SUPER LUXURY (NON-AC, 2 + 2 PUSH BACK)",17:00,12h 40m,05:40,3.7,732.0,12,12.7
4129,4135,Hyderabad to Tirupati,https://www.redbus.in/bus-tickets/hyderabad-to-tirupathi,9,TSRTC - 2014,"SUPER LUXURY (NON-AC, 2 + 2 PUSH BACK)",17:05,13h 20m,06:25,3.3,732.0,23,13.3
4130,4136,Hyderabad to Tirupati,https://www.redbus.in/bus-tickets/hyderabad-to-tirupathi,9,TSRTC - 1453,"SUPER LUXURY (NON-AC, 2 + 2 PUSH BACK)",17:30,11h 00m,04:30,3.4,732.0,15,11.0
4131,4137,Hyderabad to Tirupati,https://www.redbus.in/bus-tickets/hyderabad-to-tirupathi,9,TSRTC - 8261,RAJDHANI (A.C. Semi Sleeper),17:45,11h 00m,04:45,3.6,776.0,2,11.0
4132,4138,Hyderabad to Tirupati,https://www.redbus.in/bus-tickets/hyderabad-to-tirupathi,9,TSRTC - 1962,"SUPER LUXURY (NON-AC, 2 + 2 PUSH BACK)",19:25,13h 15m,08:40,3.8,732.0,10,13.2
4133,4139,Hyderabad to Tirupati,https://www.redbus.in/bus-tickets/hyderabad-to-tirupathi,9,TSRTC - 6206,"SUPER LUXURY (NON-AC, 2 + 2 PUSH BACK)",19:45,11h 05m,06:50,3.0,732.0,8,11.1
4134,4140,Hyderabad to Tirupati,https://www.redbus.in/bus-tickets/hyderabad-to-tirupathi,9,TSRTC - 8454,"SUPER LUXURY (NON-AC, 2 + 2 PUSH BACK)",19:45,12h 15m,08:00,2.3,780.0,1,12.2
4135,4141,Hyderabad to Tirupati,https://www.redbus.in/bus-tickets/hyderabad-to-tirupathi,9,APSRTC - 47144,AMARAVATHI (VOLVO / SCANIA A.C Multi Axle),18:30,11h 15m,05:45,3.6,1160.0,14,11.2
4136,4142,Hyderabad to Tirupati,https://www.redbus.in/bus-tickets/hyderabad-to-tirupathi,9,APSRTC - 5443,VENNELA (A.C. SLEEPER),19:00,11h 30m,06:30,3.4,1688.0,5,11.5
4137,4143,Hyderabad to Tirupati,https://www.redbus.in/bus-tickets/hyderabad-to-tirupathi,9,APSRTC - 5421,Super Luxury (Non AC Seater 2+2 Push Back),19:00,12h 15m,07:15,2.9,911.0,32,12.2
4138,4144,Hyderabad to Tirupati,https://www.redbus.in/bus-tickets/hyderabad-to-tirupathi,9,APSRTC - 5419,VENNELA (A.C. SLEEPER),19:30,12h 00m,07:30,3.1,1688.0,14,12.0
4139,4145,Hyderabad to Tirupati,https://www.redbus.in/bus-tickets/hyderabad-to-tirupathi,9,APSRTC - 9199,Super Luxury (Non AC Seater 2+2 Push Back),20:00,11h 30m,07:30,3.4,911.0,28,11.5
4140,4146,Hyderabad to Tirupati,https://www.redbus.in/bus-tickets/hyderabad-to-tirupathi,9,IntrCity SmartBus,AC Sleeper (2+1),21:30,09h 50m,07:20,4.7,1462.0,3,9.8
4141,4147,Hyderabad to Tirupati,https://www.redbus.in/bus-tickets/hyderabad-to-tirupathi,9,Ramana Tours And Travels,A/C Sleeper (2+1),20:15,12h 20m,08:35,4.6,1110.0,13,12.3
4142,4148,Hyderabad to Tirupati,https://www.redbus.in/bus-tickets/hyderabad-to-tirupathi,9,Jagan Travels,A/C Seater / Sleeper (2+1),22:00,11h 30m,09:30,4.6,800.0,19,11.5
4143,4149,Hyderabad to Tirupati,https://www.redbus.in/bus-tickets/hyderabad-to-tirupathi,9,AdBalaji Cabs,Bharat Benz A/C Sleeper (2+1),18:30,09h 00m,03:30,3.9,1400.0,5,9.0
4144,4150,Hyderabad to Tirupati,https://www.redbus.in/bus-tickets/hyderabad-to-tirupathi,9,Jagan Travels,Scania AC Multi Axle Sleeper (2+1),17:20,11h 55m,05:15,4.4,1100.0,5,11.9
4145,4151,Hyderabad to Tirupati,https://www.redbus.in/bus-tickets/hyderabad-to-tirupathi,9,Zingbus Plus,A/C Sleeper (2+1),20:50,11h 05m,07:55,4.6,1220.0,18,11.1
4146,4152,Hyderabad to Tirupati,https://www.redbus.in/bus-tickets/hyderabad-to-tirupathi,9,IntrCity SmartBus,AC Sleeper (2+1),20:20,10h 25m,06:45,4.3,1352.0,4,10.4
4147,4153,Hyderabad to Tirupati,https://www.redbus.in/bus-tickets/hyderabad-to-tirupathi,9,AdJagan Travels,Scania AC Multi Axle Sleeper (2+1),20:00,11h 15m,07:15,4.2,1300.0,9,11.2
4148,4154,Hyderabad to Tirupati,https://www.redbus.in/bus-tickets/hyderabad-to-tirupathi,9,Vikram Travels,A/C Sleeper (2+1),20:20,12h 10m,08:30,4.5,949.0,8,12.2
4149,4155,Hyderabad to Tirupati,https://www.redbus.in/bus-tickets/hyderabad-to-tirupathi,9,Moksha Travels,A/C Sleeper (2+1),19:05,11h 55m,07:00,4.2,1200.0,15,11.9
4150,4156,Patna (Bihar) to Forbesganj,https://www.redbus.in/bus-tickets/patna-to-forbesganj,14,Bihar state road transport corporation (BSRTC) - 142847,AC Seater (2+2),21:25,06h 35m,04:00,3.6,450.0,31,6.6
4151,4157,Patna (Bihar) to Forbesganj,https://www.redbus.in/bus-tickets/patna-to-forbesganj,14,Divya Rath,A/C Sleeper (2+1),20:45,07h 00m,03:45,4.7,601.0,15,7.0
4152,4158,Patna (Bihar) to Forbesganj,https://www.redbus.in/bus-tickets/patna-to-forbesganj,14,Shatabdi Travels,A/C Seater / Sleeper (2+1),20:20,07h 45m,04:05,3.8,600.0,21,7.8
4153,4159,Patna (Bihar) to Forbesganj,https://www.redbus.in/bus-tickets/patna-to-forbesganj,14,MAA SHANTI TRAVELS,A/C Seater / Sleeper (2+1),22:10,06h 50m,05:00,4.1,650.0,12,6.8
4154,4160,Patna (Bihar) to Forbesganj,https://www.redbus.in/bus-tickets/patna-to-forbesganj,14,MAA SHANTI TRAVELS,A/C Seater / Sleeper (2+1),21:25,07h 00m,04:25,4.0,600.0,20,7.0
4155,4161,Siliguri to Kolkata,https://www.redbus.in/bus-tickets/siliguri-to-kolkata,4,EASY RIDE,Volvo 9600 Multi-Axle A/C Sleeper (2+1),18:45,12h 40m,07:25,4.8,1500.0,9,12.7
4156,4162,Siliguri to Kolkata,https://www.redbus.in/bus-tickets/siliguri-to-kolkata,4,Shyamoli Paribahan Pvt Ltd,Volvo 9600 A/C Seater/Sleeper (2+1),18:30,12h 50m,07:20,4.5,1200.0,16,12.8
4157,4163,Siliguri to Kolkata,https://www.redbus.in/bus-tickets/siliguri-to-kolkata,4,Express Line,Volvo 9600 Multi-Axle A/C Sleeper (2+1),18:30,12h 40m,07:10,4.5,1499.0,20,12.7
4158,4164,Siliguri to Kolkata,https://www.redbus.in/bus-tickets/siliguri-to-kolkata,4,Lokenath Bus Service,Volvo 9600 Multi-Axle A/C Sleeper (2+1),19:15,12h 30m,07:45,4.5,1500.0,26,12.5
4159,4165,Siliguri to Kolkata,https://www.redbus.in/bus-tickets/siliguri-to-kolkata,4,Joy chandi bus service,NON A/C Seater / Sleeper (2+2),20:30,15h 05m,11:35,New,550.0,68,15.1
4160,4166,Bangalore to Goa,https://www.redbus.in/bus-tickets/bangalore-to-goa,10,Sunrise Tours and Travels,A/C Sleeper (2+1),21:20,12h 55m,10:15,4.5,1599.0,1,12.9
4161,4167,Bangalore to Goa,https://www.redbus.in/bus-tickets/bangalore-to-goa,10,IntrCity SmartBus,AC Sleeper (2+1),20:30,14h 10m,10:40,4.3,1900.0,8,14.2
4162,4168,Bangalore to Goa,https://www.redbus.in/bus-tickets/bangalore-to-goa,10,Streamline tours and travels,A/C Sleeper (2+1),21:15,13h 00m,10:15,4.1,1999.0,5,13.0
4163,4169,Bangalore to Goa,https://www.redbus.in/bus-tickets/bangalore-to-goa,10,Streamline tours and travels,A/C Sleeper (2+1),22:20,12h 55m,11:15,3.9,1999.0,7,12.9
4164,4170,Bangalore to Goa,https://www.redbus.in/bus-tickets/bangalore-to-goa,10,Sunrise Tours and Travels,A/C Sleeper (2+1),21:45,12h 30m,10:15,4.5,1699.0,18,12.5
4165,4171,Kolkata to Gazole,https://www.redbus.in/bus-tickets/kolkata-to-gazole,1,NBSTC-KOL-RAI-R1-20:30,NON A/C Seater Push Back (2+2),20:45,07h 30m,04:15,3.5,301.0,22,7.5
4166,4172,Kolkata to Gazole,https://www.redbus.in/bus-tickets/kolkata-to-gazole,1,Express Line,Volvo 9600 A/C Seater/Sleeper (2+1),19:45,09h 00m,04:45,4.9,649.0,16,9.0
4167,4173,Kolkata to Gazole,https://www.redbus.in/bus-tickets/kolkata-to-gazole,1,Rubi Paribahan  ,Volvo 9600 A/C Seater/Sleeper (2+1),20:30,07h 00m,03:30,5.0,780.0,29,7.0
4168,4174,Kolkata to Gazole,https://www.redbus.in/bus-tickets/kolkata-to-gazole,1,New Dolphin Travels,NON A/C Seater / Sleeper (2+2),17:30,11h 00m,04:30,3.7,352.0,18,11.0
4169,4175,Kolkata to Gazole,https://www.redbus.in/bus-tickets/kolkata-to-gazole,1,Aradhana Bus Service,NON A/C Seater / Sleeper (2+2),16:45,09h 45m,02:30,2.4,713.0,33,9.8
4170,4176,Godavarikhani to Hyderabad,https://www.redbus.in/bus-tickets/godavarikhani-to-hyderabad,9,TSRTC - 9510,RAJDHANI (A.C. Semi Sleeper),15:30,04h 45m,20:15,1.7,476.0,34,4.8
4171,4177,Godavarikhani to Hyderabad,https://www.redbus.in/bus-tickets/godavarikhani-to-hyderabad,9,TSRTC - 7225,"SUPER LUXURY (NON-AC, 2 + 2 PUSH BACK)",16:00,04h 50m,20:50,3.6,392.0,31,4.8
4172,4178,Godavarikhani to Hyderabad,https://www.redbus.in/bus-tickets/godavarikhani-to-hyderabad,9,TSRTC - 7248,"SUPER LUXURY (NON-AC, 2 + 2 PUSH BACK)",16:30,04h 45m,21:15,2.2,392.0,31,4.8
4173,4179,Godavarikhani to Hyderabad,https://www.redbus.in/bus-tickets/godavarikhani-to-hyderabad,9,TSRTC - 7290,LAHARI A/C SLEEPER CUM SEATER,17:30,04h 10m,21:40,4.3,476.0,28,4.2
4174,4180,Godavarikhani to Hyderabad,https://www.redbus.in/bus-tickets/godavarikhani-to-hyderabad,9,TSRTC - 7100,"SUPER LUXURY (NON-AC, 2 + 2 PUSH BACK)",21:00,05h 00m,02:00,4.0,392.0,31,5.0
4175,4181,Godavarikhani to Hyderabad,https://www.redbus.in/bus-tickets/godavarikhani-to-hyderabad,9,TSRTC - 7266,"SUPER LUXURY (NON-AC, 2 + 2 PUSH BACK)",22:30,04h 50m,03:20,4.5,392.0,23,4.8
4176,4182,Godavarikhani to Hyderabad,https://www.redbus.in/bus-tickets/godavarikhani-to-hyderabad,9,TSRTC - 7190,"SUPER LUXURY (NON-AC, 2 + 2 PUSH BACK)",22:50,04h 45m,03:35,4.1,392.0,31,4.8
4177,4183,Godavarikhani to Hyderabad,https://www.redbus.in/bus-tickets/godavarikhani-to-hyderabad,9,TSRTC - 7285,"SUPER LUXURY (NON-AC, 2 + 2 PUSH BACK)",23:10,04h 45m,03:55,4.0,392.0,30,4.8
4178,4184,Godavarikhani to Hyderabad,https://www.redbus.in/bus-tickets/godavarikhani-to-hyderabad,9,TSRTC - 9512,RAJDHANI (A.C. Semi Sleeper),23:15,05h 00m,04:15,3.6,502.0,34,5.0
4179,4185,Godavarikhani to Hyderabad,https://www.redbus.in/bus-tickets/godavarikhani-to-hyderabad,9,TSRTC - 7192,"SUPER LUXURY (NON-AC, 2 + 2 PUSH BACK)",23:30,04h 50m,04:20,3.1,392.0,28,4.8
4180,4186,Godavarikhani to Hyderabad,https://www.redbus.in/bus-tickets/godavarikhani-to-hyderabad,9,TSRTC - 9508,RAJDHANI (A.C. Semi Sleeper),23:45,04h 50m,04:35,4.2,476.0,35,4.8
4181,4187,Godavarikhani to Hyderabad,https://www.redbus.in/bus-tickets/godavarikhani-to-hyderabad,9,Orange Tours And Travels,Scania AC Multi Axle Sleeper (2+1),17:00,04h 40m,21:40,2.9,600.0,9,4.7
4182,4188,Godavarikhani to Hyderabad,https://www.redbus.in/bus-tickets/godavarikhani-to-hyderabad,9,Morning Star Travels,A/C Sleeper (2+1),16:30,05h 25m,21:55,2.7,1090.0,21,5.4
4183,4189,Amalapuram to Visakhapatnam,https://www.redbus.in/bus-tickets/amalapuram-to-visakhapatnam,7,APSRTC - 3332,Super Luxury (Non AC Seater 2+2 Push Back),16:30,05h 30m,22:00,3.5,386.0,34,5.5
4184,4190,Amalapuram to Visakhapatnam,https://www.redbus.in/bus-tickets/amalapuram-to-visakhapatnam,7,APSRTC - 24275,Super Luxury (Non AC Seater 2+2 Push Back),17:00,05h 50m,22:50,4.4,386.0,34,5.8
4185,4191,Amalapuram to Visakhapatnam,https://www.redbus.in/bus-tickets/amalapuram-to-visakhapatnam,7,APSRTC - 3324,Super Luxury (Non AC Seater 2+2 Push Back),17:30,05h 30m,23:00,1.9,386.0,31,5.5
4186,4192,Amalapuram to Visakhapatnam,https://www.redbus.in/bus-tickets/amalapuram-to-visakhapatnam,7,APSRTC - 2217,Super Luxury (Non AC Seater 2+2 Push Back),18:30,06h 00m,00:30,4.0,386.0,34,6.0
4187,4193,Amalapuram to Visakhapatnam,https://www.redbus.in/bus-tickets/amalapuram-to-visakhapatnam,7,APSRTC - 3104,Super Luxury (Non AC Seater 2+2 Push Back),19:00,06h 22m,01:22,4.0,355.0,29,6.4
4188,4194,Amalapuram to Visakhapatnam,https://www.redbus.in/bus-tickets/amalapuram-to-visakhapatnam,7,Morning Star Travels,A/C Sleeper (2+1),23:55,05h 05m,05:00,3.2,1190.0,7,5.1
4189,4195,Amalapuram to Visakhapatnam,https://www.redbus.in/bus-tickets/amalapuram-to-visakhapatnam,7,Vahini Travels,NON A/C Push Back (2+2),23:00,05h 00m,04:00,3.8,469.0,14,5.0
4190,4196,Amalapuram to Visakhapatnam,https://www.redbus.in/bus-tickets/amalapuram-to-visakhapatnam,7,Navayuga Travels,A/C Sleeper (2+1),23:59,05h 01m,05:00,3.5,990.0,10,5.0
4191,4197,Kolkata to Farakka,https://www.redbus.in/bus-tickets/kolkata-to-farakka,1,NBSTC-KOL-RAI-R1-20:30,NON A/C Seater Push Back (2+2),20:45,04h 45m,01:30,3.5,251.0,23,4.8
4192,4198,Kolkata to Farakka,https://www.redbus.in/bus-tickets/kolkata-to-farakka,1,Express Line,Volvo 9600 A/C Seater/Sleeper (2+1),19:45,08h 15m,04:00,4.8,649.0,18,8.2
4193,4199,Kolkata to Farakka,https://www.redbus.in/bus-tickets/kolkata-to-farakka,1,Shyamoli Paribahan Pvt Ltd,Scania Multi-Axle AC Semi Sleeper (2+2),20:00,08h 00m,04:00,4.2,600.0,31,8.0
4194,4200,Kolkata to Farakka,https://www.redbus.in/bus-tickets/kolkata-to-farakka,1,Rubi Paribahan  ,Volvo 9600 A/C Seater/Sleeper (2+1),20:30,06h 00m,02:30,2.9,780.0,46,6.0
4195,4201,Kolkata to Farakka,https://www.redbus.in/bus-tickets/kolkata-to-farakka,1,Rubi Paribahan  ,Volvo 9600 Multi-Axle A/C Sleeper (2+1),19:00,07h 15m,02:15,2.9,1500.0,20,7.2
4196,4202,Motihari to Kathmandu,https://www.redbus.in/bus-tickets/motihari-to-kathmandu,14,Bihar state road transport corporation (BSRTC) - 166033,A/C Seater Hi-Tech Push Back (2+2),17:10,13h 05m,06:15,3.0,685.0,19,13.1
4197,4203,Motihari to Kathmandu,https://www.redbus.in/bus-tickets/motihari-to-kathmandu,14,V.I.P Travels,A/C Seater Hi-Tech Push Back (2+2),16:15,13h 15m,05:30,3.3,700.0,21,13.2
4198,4204,Kolkata to Maynaguri (West Bengal),https://www.redbus.in/bus-tickets/kolkata-to-maynaguri-west-bengal,1,NBSTC-KOL-APD-E1-19:00,Non AC Seater (2+3),16:00,14h 30m,06:30,4.4,500.0,44,14.5
4199,4205,Kolkata to Maynaguri (West Bengal),https://www.redbus.in/bus-tickets/kolkata-to-maynaguri-west-bengal,1,NBSTC-KOL-COB-R1-17:00,Non AC Seater 2+2,17:00,13h 00m,06:00,4.4,538.0,24,13.0
4200,4206,Aligarh (uttar pradesh) to Lucknow,https://www.redbus.in/bus-tickets/aligarh-to-lucknow,2,UPSRTC - BDV0079,Janrath AC Seater 2+2,16:59,08h 31m,01:30,3.3,948.0,36,8.5
4201,4207,Aligarh (uttar pradesh) to Lucknow,https://www.redbus.in/bus-tickets/aligarh-to-lucknow,2,UPSRTC - ALI0333,Janrath AC Seater 2+2,17:59,08h 46m,02:45,3.3,948.0,36,8.8
4202,4208,Aligarh (uttar pradesh) to Lucknow,https://www.redbus.in/bus-tickets/aligarh-to-lucknow,2,UPSRTC - HTR0132,Ordinary Non AC Seater 2+3,19:00,09h 30m,04:30,3.3,655.0,52,9.5
4203,4209,Aligarh (uttar pradesh) to Lucknow,https://www.redbus.in/bus-tickets/aligarh-to-lucknow,2,UPSRTC - AWD0199,Pink Express AC Seater 2+2,20:02,07h 58m,04:00,4.0,948.0,37,8.0
4204,4210,Aligarh (uttar pradesh) to Lucknow,https://www.redbus.in/bus-tickets/aligarh-to-lucknow,2,UPSRTC - BDV0077,Janrath AC Seater 2+2,21:20,07h 40m,05:00,3.9,948.0,36,7.7
4205,4211,Kolkata to Siliguri,https://www.redbus.in/bus-tickets/kolkata-to-siliguri,4,NBSTC-KOL-APD-E1-19:00,Non AC Seater (2+3),16:00,13h 50m,05:50,3.8,450.0,43,13.8
4206,4212,Kolkata to Siliguri,https://www.redbus.in/bus-tickets/kolkata-to-siliguri,4,NBSTC-KOL-COB-R1-17:00,Non AC Seater 2+2,17:00,12h 00m,05:00,3.6,486.0,22,12.0
4207,4213,Kolkata to Siliguri,https://www.redbus.in/bus-tickets/kolkata-to-siliguri,4,NBSTC-KOL-SLG-R1-18:00,NON A/C Seater Push Back (2+2),18:00,12h 00m,06:00,4.0,486.0,12,12.0
4208,4214,Kolkata to Siliguri,https://www.redbus.in/bus-tickets/kolkata-to-siliguri,4,EASY RIDE,Volvo 9600 Multi-Axle A/C Sleeper (2+1),18:45,12h 40m,07:25,4.7,1500.0,11,12.7
4209,4215,Kolkata to Siliguri,https://www.redbus.in/bus-tickets/kolkata-to-siliguri,4,Shyamoli Paribahan Pvt Ltd,Volvo 9600 A/C Seater/Sleeper (2+1),18:30,13h 15m,07:45,4.6,1200.0,29,13.2
4210,4216,Kolkata to Siliguri,https://www.redbus.in/bus-tickets/kolkata-to-siliguri,4,Lokenath Bus Service,Volvo 9600 Multi-Axle A/C Sleeper (2+1),18:45,12h 45m,07:30,4.6,1500.0,25,12.8
4211,4217,Kolkata to Siliguri,https://www.redbus.in/bus-tickets/kolkata-to-siliguri,4,Shyamoli Paribahan Pvt Ltd,Volvo Multi-Axle A/C seater/sleeper (2+1),19:30,13h 15m,08:45,4.5,1200.0,34,13.2
4212,4218,Kolkata to Siliguri,https://www.redbus.in/bus-tickets/kolkata-to-siliguri,4,Express Line,Volvo 9600 Multi-Axle A/C Sleeper (2+1),18:30,13h 10m,07:40,4.5,1499.0,17,13.2
4213,4219,Kolkata to Siliguri,https://www.redbus.in/bus-tickets/kolkata-to-siliguri,4,Lokenath Bus Service,Volvo Multi Axle B11R AC Seater\Sleeper (2+1),18:15,12h 15m,06:30,4.4,1200.0,25,12.2
4214,4220,Kolkata to Siliguri,https://www.redbus.in/bus-tickets/kolkata-to-siliguri,4,Greenline,Volvo Multi-Axle A/C Sleeper (2+1),18:00,13h 00m,07:00,4.6,1500.0,18,13.0
4215,4221,Kolkata to Siliguri,https://www.redbus.in/bus-tickets/kolkata-to-siliguri,4,Shyamoli Paribahan Pvt Ltd,Volvo 9600 Multi-Axle A/C Sleeper (2+1),18:00,12h 50m,06:50,4.5,1500.0,25,12.8
4216,4222,Kolkata to Siliguri,https://www.redbus.in/bus-tickets/kolkata-to-siliguri,4,Greenline,Volvo 9600 Multi-Axle A/C Sleeper (2+1),18:30,13h 15m,07:45,4.4,1500.0,20,13.2
4217,4223,Kolkata to Siliguri,https://www.redbus.in/bus-tickets/kolkata-to-siliguri,4,Rubi Paribahan  ,Volvo 9600 Multi-Axle A/C Sleeper (2+1),19:00,12h 30m,07:30,4.1,1500.0,14,12.5
4218,4224,Muzaffarpur (Bihar) to Ranchi,https://www.redbus.in/bus-tickets/muzaffarpur-to-ranchi,14,Bihar state road transport corporation (BSRTC) - 153594,AC Seater (2+2),18:00,12h 00m,06:00,3.6,605.0,28,12.0
4219,4225,Muzaffarpur (Bihar) to Ranchi,https://www.redbus.in/bus-tickets/muzaffarpur-to-ranchi,14,JGD Travels Pvt Ltd.,Bharat Benz A/C Sleeper (2+1),18:10,10h 15m,04:25,3.6,925.0,21,10.2
4220,4226,Muzaffarpur (Bihar) to Ranchi,https://www.redbus.in/bus-tickets/muzaffarpur-to-ranchi,14,Jai Mata Di Tour and Travels,A/C Seater / Sleeper (2+2),19:15,10h 45m,06:00,3.0,630.0,20,10.8
4221,4227,Muzaffarpur (Bihar) to Ranchi,https://www.redbus.in/bus-tickets/muzaffarpur-to-ranchi,14,Jai Mata Di Tour and Travels,AC Seater (2+2),17:45,11h 00m,04:45,3.6,675.0,17,11.0
4222,4228,Muzaffarpur (Bihar) to Ranchi,https://www.redbus.in/bus-tickets/muzaffarpur-to-ranchi,14,Tejas Maa Bhawani,AC Sleeper (2+1),18:45,11h 15m,06:00,2.9,900.0,4,11.2
4223,4229,Coimbatore to Ooty,https://www.redbus.in/bus-tickets/coimbatore-to-ooty,6,KSRTC (Kerala) - 966,Super Fast Non AC Seater (2+3),19:00,02h 30m,21:30,4.0,103.0,24,2.5
4224,4230,Kodad to Hyderabad,https://www.redbus.in/bus-tickets/kodad-to-hyderabad,9,TSRTC - 40331,"SUPER LUXURY (NON-AC, 2 + 2 PUSH BACK)",15:30,03h 00m,18:30,4.4,289.0,33,3.0
4225,4231,Kodad to Hyderabad,https://www.redbus.in/bus-tickets/kodad-to-hyderabad,9,TSRTC - 1432,RAJDHANI (A.C. Semi Sleeper),16:10,03h 05m,19:15,2.4,351.0,33,3.1
4226,4232,Kodad to Hyderabad,https://www.redbus.in/bus-tickets/kodad-to-hyderabad,9,TSRTC - 40362,"SUPER LUXURY (NON-AC, 2 + 2 PUSH BACK)",16:10,02h 50m,19:00,3.9,289.0,33,2.8
4227,4233,Kodad to Hyderabad,https://www.redbus.in/bus-tickets/kodad-to-hyderabad,9,TSRTC - 1402,Rajdhani (AC Semi Sleeper 2+2),16:25,03h 05m,19:30,3.2,351.0,36,3.1
4228,4234,Kodad to Hyderabad,https://www.redbus.in/bus-tickets/kodad-to-hyderabad,9,TSRTC - 40562,"SUPER LUXURY (NON-AC, 2 + 2 PUSH BACK)",16:40,02h 50m,19:30,5.0,289.0,33,2.8
4229,4235,Kodad to Hyderabad,https://www.redbus.in/bus-tickets/kodad-to-hyderabad,9,TSRTC - 40110,"SUPER LUXURY (NON-AC, 2 + 2 PUSH BACK)",17:00,03h 00m,20:00,2.4,289.0,33,3.0
4230,4236,Kodad to Hyderabad,https://www.redbus.in/bus-tickets/kodad-to-hyderabad,9,TSRTC - 1426,Rajdhani (AC Semi Sleeper 2+2),17:20,02h 50m,20:10,2.8,351.0,36,2.8
4231,4237,Kodad to Hyderabad,https://www.redbus.in/bus-tickets/kodad-to-hyderabad,9,TSRTC - 40310,"SUPER LUXURY (NON-AC, 2 + 2 PUSH BACK)",17:20,03h 00m,20:20,3.6,289.0,33,3.0
4232,4238,Kodad to Hyderabad,https://www.redbus.in/bus-tickets/kodad-to-hyderabad,9,TSRTC - 40531,"SUPER LUXURY (NON-AC, 2 + 2 PUSH BACK)",17:40,03h 10m,20:50,2.1,289.0,33,3.2
4233,4239,Kodad to Hyderabad,https://www.redbus.in/bus-tickets/kodad-to-hyderabad,9,TSRTC - 1102,RAJDHANI (A.C. Semi Sleeper),17:45,02h 45m,20:30,3.8,351.0,37,2.8
4234,4240,Kodad to Hyderabad,https://www.redbus.in/bus-tickets/kodad-to-hyderabad,9,TSRTC - 30362,RAJDHANI (A.C. Semi Sleeper),18:05,02h 45m,20:50,2.8,351.0,35,2.8
4235,4241,Kodad to Hyderabad,https://www.redbus.in/bus-tickets/kodad-to-hyderabad,9,TSRTC - 40731,"SUPER LUXURY (NON-AC, 2 + 2 PUSH BACK)",19:00,00h 40m,19:40,4.0,289.0,33,0.7
4236,4242,Kodad to Hyderabad,https://www.redbus.in/bus-tickets/kodad-to-hyderabad,9,TSRTC - 4080,RAJDHANI (A.C. Semi Sleeper),19:25,02h 45m,22:10,1.6,351.0,37,2.8
4237,4243,Kodad to Hyderabad,https://www.redbus.in/bus-tickets/kodad-to-hyderabad,9,TSRTC - 1412,RAJDHANI (A.C. Semi Sleeper),19:45,02h 45m,22:30,3.2,351.0,37,2.8
4238,4244,Kodad to Hyderabad,https://www.redbus.in/bus-tickets/kodad-to-hyderabad,9,TSRTC - 40962,"SUPER LUXURY (NON-AC, 2 + 2 PUSH BACK)",19:50,02h 50m,22:40,4.1,289.0,33,2.8
4239,4245,Kodad to Hyderabad,https://www.redbus.in/bus-tickets/kodad-to-hyderabad,9,TSRTC - 40931,"SUPER LUXURY (NON-AC, 2 + 2 PUSH BACK)",20:00,03h 00m,23:00,2.0,289.0,33,3.0
4240,4246,Kodad to Hyderabad,https://www.redbus.in/bus-tickets/kodad-to-hyderabad,9,TSRTC - 40910,"SUPER LUXURY (NON-AC, 2 + 2 PUSH BACK)",20:30,02h 50m,23:20,3.6,289.0,33,2.8
4241,4247,Kodad to Hyderabad,https://www.redbus.in/bus-tickets/kodad-to-hyderabad,9,TSRTC - 7663,"SUPER LUXURY (NON-AC, 2 + 2 PUSH BACK)",20:35,03h 00m,23:35,3.2,289.0,33,3.0
4242,4248,Kodad to Hyderabad,https://www.redbus.in/bus-tickets/kodad-to-hyderabad,9,TSRTC - 41162,"SUPER LUXURY (NON-AC, 2 + 2 PUSH BACK)",20:40,03h 15m,23:55,2.5,289.0,33,3.2
4243,4249,Kodad to Hyderabad,https://www.redbus.in/bus-tickets/kodad-to-hyderabad,9,TSRTC - 1592,RAJADHANI AC (CONVERTED METRO LUXURY),20:45,02h 45m,23:30,5.0,351.0,36,2.8
4244,4250,Kodad to Hyderabad,https://www.redbus.in/bus-tickets/kodad-to-hyderabad,9,TSRTC - 41131,"SUPER LUXURY (NON-AC, 2 + 2 PUSH BACK)",21:00,03h 40m,00:40,2.9,289.0,33,3.7
4245,4251,Kodad to Hyderabad,https://www.redbus.in/bus-tickets/kodad-to-hyderabad,9,TSRTC - 41110,"SUPER LUXURY (NON-AC, 2 + 2 PUSH BACK)",21:20,02h 50m,00:10,4.3,289.0,33,2.8
4246,4252,Kodad to Hyderabad,https://www.redbus.in/bus-tickets/kodad-to-hyderabad,9,TSRTC - 41362,"SUPER LUXURY (NON-AC, 2 + 2 PUSH BACK)",21:40,03h 15m,00:55,2.9,289.0,33,3.2
4247,4253,Kodad to Hyderabad,https://www.redbus.in/bus-tickets/kodad-to-hyderabad,9,TSRTC - 41331,"SUPER LUXURY (NON-AC, 2 + 2 PUSH BACK)",22:00,02h 55m,00:55,5.0,289.0,33,2.9
4248,4254,Kodad to Hyderabad,https://www.redbus.in/bus-tickets/kodad-to-hyderabad,9,TSRTC - 1450,RAJADHANI AC (CONVERTED METRO LUXURY),22:25,02h 45m,01:10,3.6,351.0,36,2.8
4249,4255,Kodad to Hyderabad,https://www.redbus.in/bus-tickets/kodad-to-hyderabad,9,TSRTC - 41562,"SUPER LUXURY (NON-AC, 2 + 2 PUSH BACK)",22:40,03h 15m,01:55,4.0,289.0,33,3.2
4250,4256,Kodad to Hyderabad,https://www.redbus.in/bus-tickets/kodad-to-hyderabad,9,TSRTC - 41531,"SUPER LUXURY (NON-AC, 2 + 2 PUSH BACK)",23:00,02h 45m,01:45,4.6,289.0,33,2.8
4251,4257,Kodad to Hyderabad,https://www.redbus.in/bus-tickets/kodad-to-hyderabad,9,TSRTC - 41762,"SUPER LUXURY (NON-AC, 2 + 2 PUSH BACK)",23:20,03h 15m,02:35,3.3,289.0,33,3.2
4252,4258,Kodad to Hyderabad,https://www.redbus.in/bus-tickets/kodad-to-hyderabad,9,APSRTC - 3793,Super Luxury (Non AC Seater 2+2 Push Back),23:40,03h 05m,02:45,4.4,318.0,25,3.1
4253,4259,Kodad to Hyderabad,https://www.redbus.in/bus-tickets/kodad-to-hyderabad,9,NueGo,Electric A/C Seater (2+2),16:45,03h 50m,20:35,3.4,332.0,1,3.8
4254,4260,Kodad to Hyderabad,https://www.redbus.in/bus-tickets/kodad-to-hyderabad,9,NueGo,Electric A/C Seater (2+2),18:20,03h 50m,22:10,4.5,379.0,9,3.8
4255,4261,Kodad to Hyderabad,https://www.redbus.in/bus-tickets/kodad-to-hyderabad,9,Morning Star Travels,A/C Sleeper (2+1),17:10,04h 20m,21:30,2.7,790.0,30,4.3
4256,4262,Margao to Mopa Airport,https://www.redbus.in/bus-tickets/margoa-to-mopa-airport,10,Kadamba Transport Corporation Limited (KTCL) - 158967,A/C Seater (2+3),15:55,01h 05m,17:00,3.5,200.0,47,1.1
4257,4263,Digha to Kolkata,https://www.redbus.in/bus-tickets/digha-to-kolkata,12,WBTC (CTC) MADHYAMGRAM - DIGHA via Belghoria - 130|16:00,Non AC Seater (2+3),16:00,04h 30m,20:30,2.9,147.0,47,4.5
4258,4264,Digha to Kolkata,https://www.redbus.in/bus-tickets/digha-to-kolkata,12,WBTC (CTC) Tollygunge - Digha - 200|16:30,Non AC Seater (2+3),16:30,04h 15m,20:45,3.7,145.0,49,4.2
4259,4265,Digha to Kolkata,https://www.redbus.in/bus-tickets/digha-to-kolkata,12,WBTC (CTC) BARASAT-DIGHA via Bally - 38|16:45,Non AC Seater (2+3),16:45,04h 00m,20:45,3.6,146.0,44,4.0
4260,4266,Digha to Kolkata,https://www.redbus.in/bus-tickets/digha-to-kolkata,12,SBSTC-DIGHA - GARIA - VIA - KOLKATA - 16:40 (FALTA DEPOT - 3704,Non AC Seater (2+3),16:40,04h 30m,21:10,3.7,155.0,47,4.5
4261,4267,Digha to Kolkata,https://www.redbus.in/bus-tickets/digha-to-kolkata,12,Sneha Gold Bus Service,A/C Seater (2+3),16:30,05h 00m,21:30,4.5,300.0,19,5.0
4262,4268,Digha to Kolkata,https://www.redbus.in/bus-tickets/digha-to-kolkata,12,Snemita Paribahan(Shinjini),A/C Seater (2+3),22:45,05h 25m,04:10,2.8,320.0,18,5.4
4263,4269,Digha to Kolkata,https://www.redbus.in/bus-tickets/digha-to-kolkata,12,Satya Paribahan,A/C Seater (2+3),23:00,04h 45m,03:45,2.7,245.0,29,4.8
4264,4270,Digha to Kolkata,https://www.redbus.in/bus-tickets/digha-to-kolkata,12,Parameswar Travels,A/C Seater Push Back (2+3),20:00,05h 35m,01:35,3.4,285.0,20,5.6
4265,4271,Digha to Kolkata,https://www.redbus.in/bus-tickets/digha-to-kolkata,12,Parameswar Travels,A/C Seater Push Back (2+3),18:10,05h 05m,23:15,2.7,285.0,31,5.1
4266,4272,Digha to Kolkata,https://www.redbus.in/bus-tickets/digha-to-kolkata,12,Snemita Paribahan (Shinjini),AC Seater (2+3),23:35,04h 10m,03:45,2.8,420.0,8,4.2
4267,4273,Digha to Kolkata,https://www.redbus.in/bus-tickets/digha-to-kolkata,12,Basu Travels,A/C Seater Push Back (2+3),17:30,05h 00m,22:30,2.3,419.0,30,5.0
4268,4274,Digha to Kolkata,https://www.redbus.in/bus-tickets/digha-to-kolkata,12,Aradhana Travels,A/C Seater / Sleeper (2+2),18:35,04h 25m,23:00,1.4,475.0,19,4.4
4269,4275,Digha to Kolkata,https://www.redbus.in/bus-tickets/digha-to-kolkata,12,The Joy Ride,A/C Seater / Sleeper (2+2),21:15,05h 15m,02:30,3.5,650.0,36,5.2
4270,4276,Kolkata to Burdwan,https://www.redbus.in/bus-tickets/kolkata-to-burdwan,12,SBSTC-KOLKATA - BURDWAN - 16:00 (BWN DEPOT) - 88,Non AC Seater (2+3),16:00,02h 00m,18:00,3.3,95.0,34,2.0
4271,4277,Kolkata to Burdwan,https://www.redbus.in/bus-tickets/kolkata-to-burdwan,12,SBSTC-KARUNAMOYEE - BURDWAN - 16:00 (BWN DEPOT) - 117,Non AC Seater (2+3),16:00,02h 00m,18:00,4.2,100.0,2,2.0
4272,4278,Kolkata to Burdwan,https://www.redbus.in/bus-tickets/kolkata-to-burdwan,12,SBSTC-KOLKATA - KANDI - VIA - FUTISANKO - 16:25 (BWN D - 3968,Non AC Seater (2+3),16:25,02h 00m,18:25,3.7,95.0,52,2.0
4273,4279,Kolkata to Burdwan,https://www.redbus.in/bus-tickets/kolkata-to-burdwan,12,SBSTC-KOLKATA - LABPUR - 16:35 (HWH DEPOT) - 3238,Non AC Seater (2+3),16:35,02h 00m,18:35,2.4,95.0,38,2.0
4274,4280,Kolkata to Burdwan,https://www.redbus.in/bus-tickets/kolkata-to-burdwan,12,SBSTC-KARUNAMOYEE - BURDWAN - 17:00 (BWN DEPOT) - 118,Non AC Seater (2+3),17:00,02h 00m,19:00,3.6,100.0,20,2.0
4275,4281,Kolkata to Burdwan,https://www.redbus.in/bus-tickets/kolkata-to-burdwan,12,SBSTC-KOLKATA - ASANSOL - L/S - 17:00 (ASANSOL DEPOT) - 769,Non AC Seater (2+3),17:00,02h 00m,19:00,3.6,95.0,49,2.0
4276,4282,Kolkata to Burdwan,https://www.redbus.in/bus-tickets/kolkata-to-burdwan,12,SBSTC-KOLKATA - KANDRA - 17:00 (BWN DEPOT) - 689,Non AC Seater (2+3),17:00,02h 00m,19:00,4.2,95.0,43,2.0
4277,4283,Kolkata to Burdwan,https://www.redbus.in/bus-tickets/kolkata-to-burdwan,12,SBSTC-KOLKATA - DINANATHPUR - VIA - BURDWAN - 17:30 (BWN - 2952,Non AC Seater (2+3),17:30,02h 00m,19:30,3.6,95.0,50,2.0
4278,4284,Kolkata to Burdwan,https://www.redbus.in/bus-tickets/kolkata-to-burdwan,12,SBSTC-KARUNAMOYEE - BURDWAN - 17:30 (BWN DEPOT) - 465,Non AC Seater (2+3),17:30,02h 00m,19:30,3.8,100.0,32,2.0
4279,4285,Kolkata to Burdwan,https://www.redbus.in/bus-tickets/kolkata-to-burdwan,12,SBSTC-KARUNAMOYEE - BURDWAN - 18:15 (BWN DEPOT) - 119,Non AC Seater (2+3),18:15,02h 00m,20:15,3.4,100.0,39,2.0
4280,4286,Kolkata to Burdwan,https://www.redbus.in/bus-tickets/kolkata-to-burdwan,12,Greenline (Karunamoyee),Volvo 9600 A/C Semi Sleeper (2+2),15:25,02h 10m,17:35,3.8,429.0,18,2.2
4281,4287,Kolkata to Burdwan,https://www.redbus.in/bus-tickets/kolkata-to-burdwan,12,Express Line (Karunamoyee),Volvo 9600 A/C Semi Sleeper (2+2),15:45,02h 15m,18:00,4.8,429.0,25,2.2
4282,4288,Kolkata to Burdwan,https://www.redbus.in/bus-tickets/kolkata-to-burdwan,12,SHYAMOLI Pvt. Ltd.(Karunamoyee),Volvo A/C Seater (2+2),16:00,02h 30m,18:30,4.6,429.0,27,2.5
4283,4289,Kolkata to Burdwan,https://www.redbus.in/bus-tickets/kolkata-to-burdwan,12,Greenline,Volvo 9600 Multi Axle Semi-Sleeper (2+2),16:00,01h 50m,17:50,4.7,429.0,12,1.8
4284,4290,Kolkata to Burdwan,https://www.redbus.in/bus-tickets/kolkata-to-burdwan,12,Shyamoli Paribahan Pvt Ltd,Volvo A/C Seater (2+2),16:40,02h 15m,18:55,4.4,429.0,30,2.2
4285,4291,Kolkata to Burdwan,https://www.redbus.in/bus-tickets/kolkata-to-burdwan,12,Greenline (Karunamoyee),Volvo A/C Seater (2+2),16:45,02h 35m,19:20,4.3,429.0,27,2.6
4286,4292,Kolkata to Burdwan,https://www.redbus.in/bus-tickets/kolkata-to-burdwan,12,Express Line,Volvo A/C Seater (2+2),17:20,02h 10m,19:30,3.1,429.0,38,2.2
4287,4293,Kolkata to Burdwan,https://www.redbus.in/bus-tickets/kolkata-to-burdwan,12,SHYAMOLI Pvt. Ltd.(Karunamoyee),Volvo A/C Seater (2+2),17:30,02h 30m,20:00,4.6,429.0,32,2.5
4288,4294,Kolkata to Burdwan,https://www.redbus.in/bus-tickets/kolkata-to-burdwan,12,Greenline,Volvo A/C Seater (2+2),18:05,02h 40m,20:45,4.8,429.0,32,2.7
4289,4295,Kolkata to Burdwan,https://www.redbus.in/bus-tickets/kolkata-to-burdwan,12,Shyamoli Paribahan Pvt Ltd,Volvo A/C Seater (2+2),18:40,02h 00m,20:40,4.7,429.0,28,2.0
4290,4296,Kolkata to Ramnagar (West Bengal),https://www.redbus.in/bus-tickets/kolkata-to-ramnagar-west-bengal,12,SBSTC-GARIA - DIGHA - 22:30 (DIGHA DEPOT) - 3745,Non AC Seater (2+3),23:45,00h 15m,00:00,4.1,144.0,5,0.2
4291,4297,Kolkata to Ramnagar (West Bengal),https://www.redbus.in/bus-tickets/kolkata-to-ramnagar-west-bengal,12,Bengal Surface Transport,A/C Seater Push Back (2+3),23:20,04h 40m,04:00,2.8,419.0,21,4.7
4292,4298,Kolkata to Ramnagar (West Bengal),https://www.redbus.in/bus-tickets/kolkata-to-ramnagar-west-bengal,12,Basu Travels,A/C Seater Push Back (2+3),23:30,04h 15m,03:45,2.7,300.0,35,4.2
4293,4299,Kolkata to Ramnagar (West Bengal),https://www.redbus.in/bus-tickets/kolkata-to-ramnagar-west-bengal,12,Bengal Surface Transport,A/C Seater Push Back (2+3),23:59,04h 46m,04:45,2.8,399.0,20,4.8
4294,4300,Kolkata to Ramnagar (West Bengal),https://www.redbus.in/bus-tickets/kolkata-to-ramnagar-west-bengal,12,Basu Travels,A/C Seater Push Back (2+3),23:55,04h 45m,04:40,2.7,469.0,21,4.8
4295,4301,Bokakhat to Dibrugarh,https://www.redbus.in/bus-tickets/bokakhat-to-dibrugarh,3,Aniruddha Travels,NON A/C Seater/ Sleeper (2+1),23:15,04h 45m,04:00,2.9,550.0,46,4.8
4296,4302,Shimla to Chandigarh,https://www.redbus.in/bus-tickets/shimla-to-chandigarh,8,HRTC - 207,Ordinary 3+2 Non AC Seater,17:15,05h 15m,22:30,3.9,237.0,27,5.2
4297,4303,Shimla to Chandigarh,https://www.redbus.in/bus-tickets/shimla-to-chandigarh,8,HRTC - 103,Ordinary 3+2 Non AC Seater,17:18,03h 01m,20:19,3.9,242.0,36,3.0
4298,4304,Shimla to Chandigarh,https://www.redbus.in/bus-tickets/shimla-to-chandigarh,8,HRTC - 215,Ordinary 3+2 Non AC Seater,18:00,04h 30m,22:30,3.9,242.0,27,4.5
4299,4305,Shimla to Chandigarh,https://www.redbus.in/bus-tickets/shimla-to-chandigarh,8,HRTC - 104,A/C Executive (2+3),18:20,03h 01m,21:21,1.3,247.0,44,3.0
4300,4306,Shimla to Chandigarh,https://www.redbus.in/bus-tickets/shimla-to-chandigarh,8,HRTC - 228,Ordinary 3+2 Non AC Seater,18:40,04h 15m,22:55,3.9,242.0,37,4.2
4301,4307,Shimla to Chandigarh,https://www.redbus.in/bus-tickets/shimla-to-chandigarh,8,HRTC - 210,Ordinary 3+2 Non AC Seater,19:20,05h 10m,00:30,3.9,237.0,37,5.2
4302,4308,Shimla to Chandigarh,https://www.redbus.in/bus-tickets/shimla-to-chandigarh,8,HRTC - 188,Ordinary 3+2 Non AC Seater,19:25,03h 01m,22:26,3.9,242.0,27,3.0
4303,4309,Shimla to Chandigarh,https://www.redbus.in/bus-tickets/shimla-to-chandigarh,8,HRTC - 153,Himsuta AC Seater Volvo/Scania 2+2,19:30,04h 00m,23:30,4.9,384.0,34,4.0
4304,4310,Shimla to Chandigarh,https://www.redbus.in/bus-tickets/shimla-to-chandigarh,8,HRTC - 1711,Ordinary 3+2 Non AC Seater,20:00,03h 00m,23:00,3.9,242.0,37,3.0
4305,4311,Shimla to Chandigarh,https://www.redbus.in/bus-tickets/shimla-to-chandigarh,8,HRTC - 74,Himsuta AC Seater Volvo/Scania 2+2,20:00,03h 00m,23:00,2.8,384.0,33,3.0
4306,4312,Shimla to Chandigarh,https://www.redbus.in/bus-tickets/shimla-to-chandigarh,8,HRTC - 139,Ordinary 3+2 Non AC Seater,20:05,04h 10m,00:15,3.9,242.0,37,4.2
4307,4313,Shimla to Chandigarh,https://www.redbus.in/bus-tickets/shimla-to-chandigarh,8,HRTC - 230,A/C Executive (2+3),20:20,04h 40m,01:00,3.9,257.0,44,4.7
4308,4314,Shimla to Chandigarh,https://www.redbus.in/bus-tickets/shimla-to-chandigarh,8,HRTC - 229,Ordinary 3+2 Non AC Seater,20:40,02h 50m,23:30,3.9,242.0,37,2.8
4309,4315,Shimla to Chandigarh,https://www.redbus.in/bus-tickets/shimla-to-chandigarh,8,HRTC - 3,Himsuta AC Seater Volvo/Scania 2+2,21:00,03h 40m,00:40,4.9,384.0,34,3.7
4310,4316,Shimla to Chandigarh,https://www.redbus.in/bus-tickets/shimla-to-chandigarh,8,HRTC - 108,A/C Executive (2+3),21:20,03h 01m,00:21,3.1,247.0,44,3.0
4311,4317,Shimla to Chandigarh,https://www.redbus.in/bus-tickets/shimla-to-chandigarh,8,HRTC - 19,Himsuta AC Seater Volvo/Scania 2+2,21:30,03h 45m,01:15,3.9,384.0,34,3.8
4312,4318,Shimla to Chandigarh,https://www.redbus.in/bus-tickets/shimla-to-chandigarh,8,HRTC - 1712,Ordinary 3+2 Non AC Seater,21:30,03h 30m,01:00,3.9,242.0,27,3.5
4313,4319,Shimla to Chandigarh,https://www.redbus.in/bus-tickets/shimla-to-chandigarh,8,HRTC - 130,Ordinary 3+2 Non AC Seater,21:45,03h 45m,01:30,3.9,242.0,37,3.8
4314,4320,Shimla to Chandigarh,https://www.redbus.in/bus-tickets/shimla-to-chandigarh,8,HRTC - 179,Ordinary 3+2 Non AC Seater,22:00,03h 45m,01:45,3.9,242.0,27,3.8
4315,4321,Shimla to Chandigarh,https://www.redbus.in/bus-tickets/shimla-to-chandigarh,8,HRTC - 35,Himsuta AC Seater Volvo/Scania 2+2,22:00,03h 10m,01:10,3.9,384.0,34,3.2
4316,4322,Shimla to Chandigarh,https://www.redbus.in/bus-tickets/shimla-to-chandigarh,8,HRTC - 136,Ordinary 3+2 Non AC Seater,22:30,03h 40m,02:10,3.9,242.0,27,3.7
4317,4323,Shimla to Chandigarh,https://www.redbus.in/bus-tickets/shimla-to-chandigarh,8,HRTC - 92,Himsuta AC Seater Volvo/Scania 2+2,22:30,03h 00m,01:30,3.9,384.0,29,3.0
4318,4324,Shimla to Chandigarh,https://www.redbus.in/bus-tickets/shimla-to-chandigarh,8,Chandigarh Transport Undertaking (CTU) - 165743,HVAC Seater (2+3),15:30,04h 35m,20:05,3.2,307.62,44,4.6
4319,4325,Shimla to Chandigarh,https://www.redbus.in/bus-tickets/shimla-to-chandigarh,8,Chandigarh Transport Undertaking (CTU) - 165746,HVAC Seater (2+3),18:30,04h 35m,23:05,4.8,307.62,47,4.6
4320,4326,Shimla to Chandigarh,https://www.redbus.in/bus-tickets/shimla-to-chandigarh,8,Chandigarh Transport Undertaking (CTU) - 165748,HVAC Seater (2+3),22:45,04h 35m,03:20,3.7,307.62,47,4.6
4321,4327,Shimla to Chandigarh,https://www.redbus.in/bus-tickets/shimla-to-chandigarh,8,RSRTC - 192348,Super Luxury Volvo AC Seater Pushback 2+2,16:30,04h 45m,21:15,3.6,432.0,30,4.8
4322,4328,Shimla to Chandigarh,https://www.redbus.in/bus-tickets/shimla-to-chandigarh,8,FlixBus,A/C Seater (2+2),20:00,04h 30m,00:30,4.0,128.0,28,4.5
4323,4329,Shimla to Chandigarh,https://www.redbus.in/bus-tickets/shimla-to-chandigarh,8,Zingbus Plus,Volvo A/C Semi Sleeper (2+2),20:30,03h 15m,23:45,4.6,267.0,32,3.2
4324,4330,Shimla to Chandigarh,https://www.redbus.in/bus-tickets/shimla-to-chandigarh,8,Laxmi holidays,Scania Multi-Axle AC Semi Sleeper (2+2),20:30,03h 05m,23:35,4.8,450.0,47,3.1
4325,4331,Shimla to Chandigarh,https://www.redbus.in/bus-tickets/shimla-to-chandigarh,8,Laxmi holidays,Scania Multi-Axle AC Semi Sleeper (2+2),20:30,02h 30m,23:00,4.7,450.0,47,2.5
4326,4332,Shimla to Chandigarh,https://www.redbus.in/bus-tickets/shimla-to-chandigarh,8,Bedi Travels,Volvo A/C Semi Sleeper (2+2 ),21:30,03h 25m,00:55,4.0,450.0,24,3.4
4327,4333,Shimla to Chandigarh,https://www.redbus.in/bus-tickets/shimla-to-chandigarh,8,Ram Dalal Holidays,Mercedes Multi-Axle Semi Sleeper (2+2),21:55,03h 45m,01:40,3.8,550.0,35,3.8
4328,4334,Shimla to Chandigarh,https://www.redbus.in/bus-tickets/shimla-to-chandigarh,8,City Land Travels,Volvo A/C Semi Sleeper (2+2),22:30,02h 50m,01:20,4.3,529.0,16,2.8
4329,4335,Shimla to Chandigarh,https://www.redbus.in/bus-tickets/shimla-to-chandigarh,8,City Land Travels,Volvo A/C Semi Sleeper (2+2),22:30,02h 45m,01:15,5.0,529.0,16,2.8
4330,4336,Ranchi to Muzaffarpur (Bihar),https://www.redbus.in/bus-tickets/ranchi-to-muzaffarpur,14,Bihar state road transport corporation (BSRTC) - 153614,AC Seater (2+2),20:55,10h 35m,07:30,2.8,605.0,22,10.6
4331,4337,Ranchi to Muzaffarpur (Bihar),https://www.redbus.in/bus-tickets/ranchi-to-muzaffarpur,14,JGD Travels Pvt Ltd.,Bharat Benz A/C Sleeper (2+1),20:35,09h 40m,06:15,3.6,925.0,4,9.7
4332,4338,Ranchi to Muzaffarpur (Bihar),https://www.redbus.in/bus-tickets/ranchi-to-muzaffarpur,14,Jai Mata Di Tour and Travels,A/C Seater / Sleeper (2+2),19:15,11h 15m,06:30,3.3,630.0,1,11.2
4333,4339,Ranchi to Muzaffarpur (Bihar),https://www.redbus.in/bus-tickets/ranchi-to-muzaffarpur,14,Tejas Maa Bhawani,A/C Seater / Sleeper (2+2),18:15,11h 15m,05:30,2.0,800.0,18,11.2
4334,4340,Ranchi to Muzaffarpur (Bihar),https://www.redbus.in/bus-tickets/ranchi-to-muzaffarpur,14,Tejas Maa Bhawani,A/C Sleeper (2+1),18:30,10h 45m,05:15,2.4,700.0,7,10.8
4335,4341,Chandigarh to Patiala,https://www.redbus.in/bus-tickets/chandigarh-to-patiala,17,Orbit Aviation Pvt. Ltd.,A/C Seater (2+2),16:55,01h 35m,18:30,2.7,200.0,31,1.6
4336,4342,Chandigarh to Patiala,https://www.redbus.in/bus-tickets/chandigarh-to-patiala,17,NEW FATEH BUS SERVICE,Volvo A/C Semi Sleeper (2+2),16:25,01h 35m,18:00,4.4,510.0,29,1.6
4337,4343,Balurghat to Kolkata,https://www.redbus.in/bus-tickets/balurghat-to-kolkata,1,NBSTC-BLG-KOL-R1-18:30,NON A/C Seater Push Back (2+2),18:30,11h 30m,06:00,4.2,367.0,12,11.5
4338,4344,Balurghat to Kolkata,https://www.redbus.in/bus-tickets/balurghat-to-kolkata,1,Express Line,Volvo 9600 A/C Seater/Sleeper (2+1),18:50,10h 10m,05:00,4.6,749.0,6,10.2
4339,4345,Balurghat to Kolkata,https://www.redbus.in/bus-tickets/balurghat-to-kolkata,1,Shyamoli Paribahan Pvt Ltd,Scania Multi-Axle AC Semi Sleeper (2+2),19:15,09h 45m,05:00,4.1,650.0,27,9.8
4340,4346,Balurghat to Kolkata,https://www.redbus.in/bus-tickets/balurghat-to-kolkata,1,Rubi Paribahan  ,Volvo Multi Axle B11R AC Seater\Sleeper (2+1),18:55,09h 35m,04:30,4.3,780.0,31,9.6
4341,4347,Balurghat to Kolkata,https://www.redbus.in/bus-tickets/balurghat-to-kolkata,1,New Dolphin Travels,NON A/C Seater / Sleeper (2+2),19:45,10h 45m,06:30,3.7,350.0,23,10.8
4342,4348,Bettiah to Patna (Bihar),https://www.redbus.in/bus-tickets/bettiah-to-patna,14,Saurabh Travels,A/C Seater Push Back (2+2),15:30,06h 45m,22:15,New,405.0,42,6.8
4343,4349,Bettiah to Patna (Bihar),https://www.redbus.in/bus-tickets/bettiah-to-patna,14,Saurabh Travels,A/C Seater Push Back (2+2),15:37,06h 38m,22:15,New,405.0,42,6.6
4344,4350,Bettiah to Patna (Bihar),https://www.redbus.in/bus-tickets/bettiah-to-patna,14,Jai Hanuman Travels,A/C Seater / Sleeper (2+2),21:55,07h 36m,05:31,2.3,550.0,39,7.6
4345,4351,Bettiah to Patna (Bihar),https://www.redbus.in/bus-tickets/bettiah-to-patna,14,Jai Mata Di Tour and Travels,A/C Seater / Sleeper (2+2),22:00,07h 00m,05:00,2.1,450.0,10,7.0
4346,4352,Yamuna Nagar to Chandigarh,https://www.redbus.in/bus-tickets/yamuna-nagar-to-chandigarh,8,Zimindara Travels,AC Sleeper (2+1),20:30,02h 00m,22:30,4.1,699.0,23,2.0
4347,4353,Yamuna Nagar to Chandigarh,https://www.redbus.in/bus-tickets/yamuna-nagar-to-chandigarh,8,SHRI KRISHNA TRAVELS (JAI SHREE GANESH YATRA CO.),VE A/C Seater / Sleeper (2+1),20:40,02h 50m,23:30,3.7,890.0,4,2.8
4348,4354,Yamuna Nagar to Chandigarh,https://www.redbus.in/bus-tickets/yamuna-nagar-to-chandigarh,8,City Land Travels,A/C Sleeper (2+1),22:20,02h 00m,00:20,3.6,500.0,22,2.0
4349,4355,Yamuna Nagar to Chandigarh,https://www.redbus.in/bus-tickets/yamuna-nagar-to-chandigarh,8,Vijay Tour and Travels,Bharat Benz A/C Seater /Sleeper (2+1),21:00,02h 30m,23:30,3.5,554.0,38,2.5
4350,4356,Yamuna Nagar to Chandigarh,https://www.redbus.in/bus-tickets/yamuna-nagar-to-chandigarh,8,SHRI KRISHNA TRAVELS (JAI SHREE GANESH YATRA CO.),VE A/C Seater / Sleeper (2+1),21:40,02h 50m,00:30,3.7,1294.0,38,2.8
4351,4357,Kota(Rajasthan) to Udaipur,https://www.redbus.in/bus-tickets/kota-rajasthan-to-udaipur,18,Paras Travels,A/C Seater / Sleeper (2+1),22:30,06h 30m,05:00,4.0,352.0,5,6.5
4352,4358,Kota(Rajasthan) to Udaipur,https://www.redbus.in/bus-tickets/kota-rajasthan-to-udaipur,18,Jai Shrinath Ji Ki ® Travels,Non A/C Seater / Sleeper (2+1),22:00,07h 00m,05:00,3.9,350.0,17,7.0
4353,4359,Kota(Rajasthan) to Udaipur,https://www.redbus.in/bus-tickets/kota-rajasthan-to-udaipur,18,Babu Travels,NON A/C Sleeper (2+1),22:30,06h 45m,05:15,3.8,450.0,20,6.8
4354,4360,Kota(Rajasthan) to Udaipur,https://www.redbus.in/bus-tickets/kota-rajasthan-to-udaipur,18,AdRadhey Travels,Non A/C Seater / Sleeper (2+1),22:45,06h 45m,05:30,3.2,324.0,23,6.8
4355,4361,Kota(Rajasthan) to Udaipur,https://www.redbus.in/bus-tickets/kota-rajasthan-to-udaipur,18,Jakhar Travels,NON A/C Seater/ Sleeper (2+1),22:00,07h 00m,05:00,3.7,333.0,13,7.0
4356,4362,Mandarmani to Kolkata,https://www.redbus.in/bus-tickets/mandarmani-to-kolkata,16,Bengal Surface Transport,A/C Seater Push Back (2+3),18:05,04h 25m,22:30,3.0,419.0,36,4.4
4357,4363,Mandarmani to Kolkata,https://www.redbus.in/bus-tickets/mandarmani-to-kolkata,16,Basu Travels,A/C Seater Push Back (2+3),18:05,04h 25m,22:30,2.7,419.0,30,4.4
4358,4364,Mandarmani to Kolkata,https://www.redbus.in/bus-tickets/mandarmani-to-kolkata,16,Parameswar Travels,A/C Seater Push Back (2+3),18:30,04h 45m,23:15,1.8,285.0,31,4.8
4359,4365,Mandarmani to Kolkata,https://www.redbus.in/bus-tickets/mandarmani-to-kolkata,16,Sneha Gold Bus Service,A/C Seater (2+3),17:10,04h 20m,21:30,4.2,300.0,20,4.3
4360,4366,Mandarmani to Kolkata,https://www.redbus.in/bus-tickets/mandarmani-to-kolkata,16,Aradhana Travels,Non AC Seater (2+3),22:15,05h 10m,03:25,3.4,475.0,19,5.2
4361,4367,Haldia to Barasat (West Bengal),https://www.redbus.in/bus-tickets/haldia-to-barasat-west-bengal,4,WBTC (CTC) Habra- Barasat- Haldia - 180|16:45,Non AC Seater (2+3),16:45,03h 15m,20:00,4.0,113.0,36,3.2
4362,4368,Kishangarh to Jaipur (Rajasthan),https://www.redbus.in/bus-tickets/kishangarh-to-jaipur,18,RSRTC - 184201,Express Non AC Seater 2+3,16:30,05h 15m,21:45,3.7,209.0,42,5.2
4363,4369,Kishangarh to Jaipur (Rajasthan),https://www.redbus.in/bus-tickets/kishangarh-to-jaipur,18,RSRTC - 187798,Super Luxury Volvo AC Seater Pushback 2+2,16:45,01h 30m,18:15,2.9,239.0,37,1.5
4364,4370,Kishangarh to Jaipur (Rajasthan),https://www.redbus.in/bus-tickets/kishangarh-to-jaipur,18,RSRTC - 182944,Express Non AC Seater 2+3,16:50,02h 10m,19:00,3.7,120.0,42,2.2
4365,4371,Kishangarh to Jaipur (Rajasthan),https://www.redbus.in/bus-tickets/kishangarh-to-jaipur,18,RSRTC - 144682,Super Luxury Volvo AC Seater Pushback 2+2,17:00,01h 30m,18:30,3.5,239.0,37,1.5
4366,4372,Kishangarh to Jaipur (Rajasthan),https://www.redbus.in/bus-tickets/kishangarh-to-jaipur,18,RSRTC - 190270,Express Non AC Seater 2+3,17:20,02h 10m,19:30,3.7,120.0,42,2.2
4367,4373,Kishangarh to Jaipur (Rajasthan),https://www.redbus.in/bus-tickets/kishangarh-to-jaipur,18,RSRTC - 157455,Super Luxury Volvo AC Seater Pushback 2+2,17:45,01h 30m,19:15,4.2,239.0,37,1.5
4368,4374,Kishangarh to Jaipur (Rajasthan),https://www.redbus.in/bus-tickets/kishangarh-to-jaipur,18,RSRTC - 180708,Express Non AC Seater 2+3,18:00,02h 30m,20:30,3.7,120.0,42,2.5
4369,4375,Kishangarh to Jaipur (Rajasthan),https://www.redbus.in/bus-tickets/kishangarh-to-jaipur,18,RSRTC - 157466,Express Non AC Seater 2+3,18:40,03h 05m,21:45,3.7,120.0,42,3.1
4370,4376,Kishangarh to Jaipur (Rajasthan),https://www.redbus.in/bus-tickets/kishangarh-to-jaipur,18,RSRTC - 191024,A/C Seater / Sleeper (2+1),19:05,02h 20m,21:25,3.7,184.0,37,2.3
4371,4377,Kishangarh to Jaipur (Rajasthan),https://www.redbus.in/bus-tickets/kishangarh-to-jaipur,18,RSRTC - 146140,Super Luxury Volvo AC Seater Pushback 2+2,19:30,01h 30m,21:00,3.9,239.0,32,1.5
4372,4378,Kishangarh to Jaipur (Rajasthan),https://www.redbus.in/bus-tickets/kishangarh-to-jaipur,18,Rinku Travels,A/C Seater / Sleeper (2+1),17:30,03h 30m,21:00,3.2,350.0,41,3.5
4373,4379,Kishangarh to Jaipur (Rajasthan),https://www.redbus.in/bus-tickets/kishangarh-to-jaipur,18,Anshi Raj Shree Travels,Bharat Benz A/C Seater /Sleeper (2+1),18:30,02h 45m,21:15,4.0,299.0,22,2.8
4374,4380,Kishangarh to Jaipur (Rajasthan),https://www.redbus.in/bus-tickets/kishangarh-to-jaipur,18,Rathi Travels Agency,NON A/C Sleeper (2+1),19:33,02h 00m,21:33,2.9,213.0,49,2.0
4375,4381,Kishangarh to Jaipur (Rajasthan),https://www.redbus.in/bus-tickets/kishangarh-to-jaipur,18,SHAGUN CARGO & TRAVELS,NON A/C Seater/ Sleeper (2+1),20:00,02h 15m,22:15,2.4,370.0,32,2.2
4376,4382,Kishangarh to Jaipur (Rajasthan),https://www.redbus.in/bus-tickets/kishangarh-to-jaipur,18,Jain travels regd,NON AC Seater / Sleeper 2+1,15:45,02h 45m,18:30,3.9,400.0,27,2.8
4377,4383,Kishangarh to Jaipur (Rajasthan),https://www.redbus.in/bus-tickets/kishangarh-to-jaipur,18,Raaj Rath Travels Co.,A/C Seater / Sleeper (2+1),17:45,03h 30m,21:15,3.4,550.0,34,3.5
4378,4384,Kishangarh to Jaipur (Rajasthan),https://www.redbus.in/bus-tickets/kishangarh-to-jaipur,18,Pooja Paraswnath Travels,AC Sleeper (2+1),17:55,01h 38m,19:33,3.2,1571.43,36,1.6
4379,4385,Kishangarh to Jaipur (Rajasthan),https://www.redbus.in/bus-tickets/kishangarh-to-jaipur,18,Mahalaxmi Travels,Bharat Benz A/C Seater /Sleeper (2+1),18:30,03h 00m,21:30,3.7,399.0,23,3.0
4380,4386,Kishangarh to Jaipur (Rajasthan),https://www.redbus.in/bus-tickets/kishangarh-to-jaipur,18,SHRI KRISHNA TRAVELS (JAI SHREE GANESH YATRA CO.),A/C Seater/Sleeper (2+1),18:30,03h 00m,21:30,3.7,1109.0,25,3.0
4381,4387,Kishangarh to Jaipur (Rajasthan),https://www.redbus.in/bus-tickets/kishangarh-to-jaipur,18,Shri Charbhuja Travels (A Unit Of Bala Agri..),A/C Seater / Sleeper (2+1),18:36,02h 15m,20:51,3.6,952.38,41,2.2
4382,4388,Narasaraopet to Hyderabad,https://www.redbus.in/bus-tickets/narsaraopet-to-hyderabad,7,APSRTC - 4482,Super Luxury (Non AC Seater 2+2 Push Back),22:00,04h 55m,02:55,3.5,427.0,7,4.9
4383,4389,Narasaraopet to Hyderabad,https://www.redbus.in/bus-tickets/narsaraopet-to-hyderabad,7,APSRTC - 4537,Super Luxury (Non AC Seater 2+2 Push Back),22:05,05h 05m,03:10,4.5,427.0,7,5.1
4384,4390,Narasaraopet to Hyderabad,https://www.redbus.in/bus-tickets/narsaraopet-to-hyderabad,7,APSRTC - 4553,Super Luxury (Non AC Seater 2+2 Push Back),22:15,05h 10m,03:25,4.2,427.0,11,5.2
4385,4391,Narasaraopet to Hyderabad,https://www.redbus.in/bus-tickets/narsaraopet-to-hyderabad,7,APSRTC - 5816,Super Luxury (Non AC Seater 2+2 Push Back),22:40,04h 45m,03:25,3.8,435.0,4,4.8
4386,4392,Narasaraopet to Hyderabad,https://www.redbus.in/bus-tickets/narsaraopet-to-hyderabad,7,APSRTC - 4447,Super Luxury (Non AC Seater 2+2 Push Back),23:00,04h 40m,03:40,3.9,427.0,6,4.7
4387,4393,Narasaraopet to Hyderabad,https://www.redbus.in/bus-tickets/narsaraopet-to-hyderabad,7,SK BUS TRAVELS,Non A/C Seater / Sleeper (2+1),21:50,04h 40m,02:30,3.7,600.0,27,4.7
4388,4394,Narasaraopet to Hyderabad,https://www.redbus.in/bus-tickets/narsaraopet-to-hyderabad,7,VSN Travels,A/C Sleeper (2+1),22:40,06h 50m,05:30,4.5,790.0,4,6.8
4389,4395,Narasaraopet to Hyderabad,https://www.redbus.in/bus-tickets/narsaraopet-to-hyderabad,7,Kundana Travels,Non A/C Seater / Sleeper (2+1),22:45,07h 10m,05:55,3.9,460.0,7,7.2
4390,4396,Narasaraopet to Hyderabad,https://www.redbus.in/bus-tickets/narsaraopet-to-hyderabad,7,SRI MARUTHI TRAVELS,Non A/C Seater / Sleeper (2+1),22:45,07h 15m,06:00,3.7,599.0,16,7.2
4391,4397,Narasaraopet to Hyderabad,https://www.redbus.in/bus-tickets/narsaraopet-to-hyderabad,7,Lakshmi Gayatri Travels,NON A/C Hi-Tech (2+2),22:50,06h 05m,04:55,3.1,449.0,18,6.1
4392,4398,Eluru to Hyderabad,https://www.redbus.in/bus-tickets/eluru-to-hyderabad,7,APSRTC - 4796,Super Luxury (Non AC Seater 2+2 Push Back),19:30,11h 10m,06:40,3.2,668.0,13,11.2
4393,4399,Eluru to Hyderabad,https://www.redbus.in/bus-tickets/eluru-to-hyderabad,7,APSRTC - 4798,Super Luxury (Non AC Seater 2+2 Push Back),19:45,10h 25m,06:10,3.3,631.0,27,10.4
4394,4400,Eluru to Hyderabad,https://www.redbus.in/bus-tickets/eluru-to-hyderabad,7,APSRTC - 4802,Super Luxury (Non AC Seater 2+2 Push Back),20:15,08h 35m,04:50,4.8,623.0,20,8.6
4395,4401,Eluru to Hyderabad,https://www.redbus.in/bus-tickets/eluru-to-hyderabad,7,APSRTC - 4800,Super Luxury (Non AC Seater 2+2 Push Back),20:30,09h 00m,05:30,4.3,618.0,13,9.0
4396,4402,Eluru to Hyderabad,https://www.redbus.in/bus-tickets/eluru-to-hyderabad,7,APSRTC - 4804,"SUPER LUXURY (NON-AC, 2 + 2 PUSH BACK)",21:00,09h 45m,06:45,2.6,623.0,37,9.8
4397,4403,Eluru to Hyderabad,https://www.redbus.in/bus-tickets/eluru-to-hyderabad,7,APSRTC - 4820,Super Luxury (Non AC Seater 2+2 Push Back),21:00,08h 40m,05:40,4.6,569.0,17,8.7
4398,4404,Eluru to Hyderabad,https://www.redbus.in/bus-tickets/eluru-to-hyderabad,7,APSRTC - 4893,Super Luxury (Non AC Seater 2+2 Push Back),21:15,08h 05m,05:20,3.8,569.0,30,8.1
4399,4405,Eluru to Hyderabad,https://www.redbus.in/bus-tickets/eluru-to-hyderabad,7,APSRTC - 4822,Super Luxury (Non AC Seater 2+2 Push Back),21:15,08h 00m,05:15,4.2,569.0,21,8.0
4400,4406,Eluru to Hyderabad,https://www.redbus.in/bus-tickets/eluru-to-hyderabad,7,APSRTC - 23533,Super Luxury (Non AC Seater 2+2 Push Back),21:20,08h 15m,05:35,3.9,569.0,34,8.2
4401,4407,Eluru to Hyderabad,https://www.redbus.in/bus-tickets/eluru-to-hyderabad,7,APSRTC - 2552,Super Luxury (Non AC Seater 2+2 Push Back),21:50,06h 50m,04:40,3.4,569.0,12,6.8
4402,4408,Eluru to Hyderabad,https://www.redbus.in/bus-tickets/eluru-to-hyderabad,7,LVP Travels,A/C Seater / Sleeper (2+1),21:20,08h 10m,05:30,4.3,699.0,20,8.2
4403,4409,Eluru to Hyderabad,https://www.redbus.in/bus-tickets/eluru-to-hyderabad,7,Go Tour Travels and Holidays,A/C Sleeper (2+1),23:25,07h 33m,06:58,4.4,1390.0,8,7.5
4404,4410,Eluru to Hyderabad,https://www.redbus.in/bus-tickets/eluru-to-hyderabad,7,Sri KVR Travels,Non A/C Seater / Sleeper (2+1),21:30,08h 15m,05:45,4.3,650.0,10,8.2
4405,4411,Eluru to Hyderabad,https://www.redbus.in/bus-tickets/eluru-to-hyderabad,7,NueGo,Electric A/C Seater (2+2),22:50,08h 22m,07:12,4.0,474.0,9,8.4
4406,4412,Eluru to Hyderabad,https://www.redbus.in/bus-tickets/eluru-to-hyderabad,7,NueGo,Electric A/C Seater (2+2),22:05,08h 22m,06:27,4.0,577.0,7,8.4
4407,4413,Eluru to Hyderabad,https://www.redbus.in/bus-tickets/eluru-to-hyderabad,7,Nani Svkdt Travels,A/C Sleeper (2+1),21:45,07h 41m,05:26,4.0,1030.0,14,7.7
4408,4414,Eluru to Hyderabad,https://www.redbus.in/bus-tickets/eluru-to-hyderabad,7,Sri Atluri Travels,A/C Seater / Sleeper (2+1),21:15,07h 30m,04:45,4.0,560.0,7,7.5
4409,4415,Eluru to Hyderabad,https://www.redbus.in/bus-tickets/eluru-to-hyderabad,7,BSR Tours And Travels,A/C Sleeper (2+1),23:25,07h 20m,06:45,4.5,1180.0,15,7.3
4410,4416,Eluru to Hyderabad,https://www.redbus.in/bus-tickets/eluru-to-hyderabad,7,Orange Tours And Travels,Bharat Benz A/C Sleeper (2+1),22:15,08h 00m,06:15,3.8,1200.0,7,8.0
4411,4417,Eluru to Hyderabad,https://www.redbus.in/bus-tickets/eluru-to-hyderabad,7,Mythri Tours And Travels,A/C Sleeper (2+1),23:59,06h 41m,06:40,4.7,949.0,10,6.7
4412,4418,Digha to Kolkata,https://www.redbus.in/bus-tickets/digha-to-kolkata,16,WBTC (CTC) MADHYAMGRAM - DIGHA via Belghoria - 130|16:00,Non AC Seater (2+3),16:00,04h 30m,20:30,2.9,147.0,47,4.5
4413,4419,Digha to Kolkata,https://www.redbus.in/bus-tickets/digha-to-kolkata,16,WBTC (CTC) Tollygunge - Digha - 200|16:30,Non AC Seater (2+3),16:30,04h 15m,20:45,3.7,145.0,49,4.2
4414,4420,Digha to Kolkata,https://www.redbus.in/bus-tickets/digha-to-kolkata,16,WBTC (CTC) BARASAT-DIGHA via Bally - 38|16:45,Non AC Seater (2+3),16:45,04h 00m,20:45,3.6,146.0,44,4.0
4415,4421,Digha to Kolkata,https://www.redbus.in/bus-tickets/digha-to-kolkata,16,SBSTC-DIGHA - GARIA - VIA - KOLKATA - 16:40 (FALTA DEPOT - 3704,Non AC Seater (2+3),16:40,04h 30m,21:10,3.7,155.0,47,4.5
4416,4422,Digha to Kolkata,https://www.redbus.in/bus-tickets/digha-to-kolkata,16,Sneha Gold Bus Service,A/C Seater (2+3),16:30,05h 00m,21:30,4.5,300.0,19,5.0
4417,4423,Digha to Kolkata,https://www.redbus.in/bus-tickets/digha-to-kolkata,16,Snemita Paribahan(Shinjini),A/C Seater (2+3),22:45,05h 25m,04:10,2.8,320.0,18,5.4
4418,4424,Digha to Kolkata,https://www.redbus.in/bus-tickets/digha-to-kolkata,16,Satya Paribahan,A/C Seater (2+3),23:00,04h 45m,03:45,2.7,245.0,29,4.8
4419,4425,Digha to Kolkata,https://www.redbus.in/bus-tickets/digha-to-kolkata,16,Parameswar Travels,A/C Seater Push Back (2+3),20:00,05h 35m,01:35,3.4,285.0,20,5.6
4420,4426,Digha to Kolkata,https://www.redbus.in/bus-tickets/digha-to-kolkata,16,Parameswar Travels,A/C Seater Push Back (2+3),18:10,05h 05m,23:15,2.7,285.0,31,5.1
4421,4427,Digha to Kolkata,https://www.redbus.in/bus-tickets/digha-to-kolkata,16,Snemita Paribahan (Shinjini),AC Seater (2+3),23:35,04h 10m,03:45,2.8,420.0,8,4.2
4422,4428,Digha to Kolkata,https://www.redbus.in/bus-tickets/digha-to-kolkata,16,Basu Travels,A/C Seater Push Back (2+3),17:30,05h 00m,22:30,2.3,419.0,30,5.0
4423,4429,Digha to Kolkata,https://www.redbus.in/bus-tickets/digha-to-kolkata,16,Aradhana Travels,A/C Seater / Sleeper (2+2),18:35,04h 25m,23:00,1.4,475.0,19,4.4
4424,4430,Digha to Kolkata,https://www.redbus.in/bus-tickets/digha-to-kolkata,16,The Joy Ride,A/C Seater / Sleeper (2+2),21:15,05h 15m,02:30,3.5,650.0,36,5.2
4425,4431,Guwahati to Silchar,https://www.redbus.in/bus-tickets/guwahati-to-silchar,3,RAYAN TRAVELS,NON A/C Seater (2+1),18:30,10h 45m,05:15,2.8,650.0,8,10.8
4426,4432,Guwahati to Silchar,https://www.redbus.in/bus-tickets/guwahati-to-silchar,3,JAYSIKA,NON A/C Seater (2+1),18:30,11h 30m,06:00,2.2,650.0,5,11.5
4427,4433,Chandigarh to Kathgodam,https://www.redbus.in/bus-tickets/chandigarh-to-kathgodam,8,Chandigarh Transport Undertaking (CTU) - 165946,HVAC Seater (2+3),19:10,12h 30m,07:40,4.3,950.48,46,12.5
4428,4434,Chandigarh to Kathgodam,https://www.redbus.in/bus-tickets/chandigarh-to-kathgodam,8,Vijay Tour and Travels,Bharat Benz A/C Seater /Sleeper (2+1),23:30,09h 40m,09:10,3.5,832.0,38,9.7
4429,4435,Chandigarh to Kathgodam,https://www.redbus.in/bus-tickets/chandigarh-to-kathgodam,8,Shree Mahaveer Travels Jaipur,A/C Seater/Sleeper (2+1),22:00,10h 15m,08:15,3.9,1099.0,20,10.2
4430,4436,Tirupati to Bangalore,https://www.redbus.in/bus-tickets/tirupathi-to-bangalore,7,APSRTC - 5518,SAPTAGIRI EXPRESS,17:00,06h 00m,23:00,4.1,314.0,45,6.0
4431,4437,Tirupati to Bangalore,https://www.redbus.in/bus-tickets/tirupathi-to-bangalore,7,APSRTC - 9003,Express(Non AC Seater),18:00,06h 25m,00:25,2.1,294.0,46,6.4
4432,4438,Tirupati to Bangalore,https://www.redbus.in/bus-tickets/tirupathi-to-bangalore,7,APSRTC - 9041,Express(Non AC Seater),19:00,06h 25m,01:25,3.8,294.0,47,6.4
4433,4439,Tirupati to Bangalore,https://www.redbus.in/bus-tickets/tirupathi-to-bangalore,7,APSRTC - 9061,Express(Non AC Seater),19:45,05h 25m,01:10,3.7,280.0,45,5.4
4434,4440,Tirupati to Bangalore,https://www.redbus.in/bus-tickets/tirupathi-to-bangalore,7,APSRTC - 5524,Express(Non AC Seater),20:45,06h 10m,02:55,2.4,280.0,35,6.2
4435,4441,Tirupati to Bangalore,https://www.redbus.in/bus-tickets/tirupathi-to-bangalore,7,FRESHBUS,Electric A/C Seater (2+2),15:30,05h 20m,20:50,4.6,560.0,10,5.3
4436,4442,Tirupati to Bangalore,https://www.redbus.in/bus-tickets/tirupathi-to-bangalore,7,FRESHBUS,Electric A/C Seater (2+2),15:40,04h 40m,20:20,4.6,575.0,1,4.7
4437,4443,Tirupati to Bangalore,https://www.redbus.in/bus-tickets/tirupathi-to-bangalore,7,NueGo,Electric A/C Seater (2+2),18:00,06h 10m,00:10,4.3,314.0,26,6.2
4438,4444,Tirupati to Bangalore,https://www.redbus.in/bus-tickets/tirupathi-to-bangalore,7,NueGo,Electric A/C Seater (2+2),19:30,06h 10m,01:40,4.0,314.0,35,6.2
4439,4445,Tirupati to Bangalore,https://www.redbus.in/bus-tickets/tirupathi-to-bangalore,7,Mahi Trans Solutions,A/C Sleeper (2+1),21:30,07h 40m,05:10,3.8,5000.0,36,7.7
